type,severity,message,project_name,project_code,ministry,sector,state,risk_score
COST_ESCALATION,CRITICAL,Cost escalated by 79.0% from original,Rajiv Bhima Lift Irrigation Scheme,,"Department of Water Resources, River Development & GR",Water Resources,Telangana,54.2
MULTI_MONTH_STAGNATION,CRITICAL,No progress improvement over multiple months,Rajiv Bhima Lift Irrigation Scheme,,"Department of Water Resources, River Development & GR",Water Resources,Telangana,54.2
MULTI_MONTH_STAGNATION,CRITICAL,No progress improvement over multiple months,Upgradatiobn and Rehabilitation of Section of NH 361 F from Parli 00/000 to,,Ministry of Road Transport & Highways,Roads & Highways,Maharashtra,19.7
MULTI_MONTH_STAGNATION,CRITICAL,No progress improvement over multiple months,Widening to Two with Paved shoulders from Km 59.500 to Km 132.033 of,,Ministry of Road Transport & Highways,Roads & Highways,Telangana,18.3
COST_ESCALATION,WARNING,Cost escalated by 30.1% from original,Khammam-Devarapalle Pkg V [4L Access Controlled Greenfield from,,Ministry of Road Transport & Highways,Roads & Highways,Andhra Pradesh,44.9
MULTI_MONTH_STAGNATION,CRITICAL,No progress improvement over multiple months,Delhi-Vadodara Greenfield Alignment NH-148N Pkg-28 Ch.756052 to Ch.781282,,Ministry of Road Transport & Highways,Roads & Highways,Gujarat,42.8
COST_ESCALATION,WARNING,Cost escalated by 26.1% from original,Kodinar - Veraval Package VI from km. 221.610 to km. 263.00 of NH-8E & km.,,Ministry of Road Transport & Highways,Roads & Highways,Gujarat,51.0
MULTI_MONTH_STAGNATION,CRITICAL,No progress improvement over multiple months,Kodinar - Veraval Package VI from km. 221.610 to km. 263.00 of NH-8E & km.,,Ministry of Road Transport & Highways,Roads & Highways,Gujarat,51.0
COST_ESCALATION,WARNING,Cost escalated by 27.3% from original,Kagvadar - Una Package-IV,,Ministry of Road Transport & Highways,Roads & Highways,Gujarat,47.8
MULTI_MONTH_STAGNATION,CRITICAL,No progress improvement over multiple months,Kagvadar - Una Package-IV,,Ministry of Road Transport & Highways,Roads & Highways,Gujarat,47.8
MULTI_MONTH_STAGNATION,CRITICAL,No progress improvement over multiple months,Dwarka Expressway Pkg-III Delhi/HR Border to Start of RoB Gurugram,,Ministry of Road Transport & Highways,Roads & Highways,"Multi-States (Delhi,
Haryana)",41.3
COST_ESCALATION,WARNING,Cost escalated by 25.3% from original,4L Poanta SahebMednipur from Km. 435.65 to km. 458.65 of NH-07Pkg-1,,Ministry of Road Transport & Highways,Roads & Highways,"Multi-States
(Uttarakhand, Himachal
Pradesh)",43.6
COST_ESCALATION,CRITICAL,Cost escalated by 68.7% from original,Aligarh-Kanpur Pkg I [Aligarh-Bhadwas],,Ministry of Road Transport & Highways,Roads & Highways,Uttar Pradesh,57.8
MULTI_MONTH_STAGNATION,CRITICAL,No progress improvement over multiple months,Aligarh-Kanpur Pkg I [Aligarh-Bhadwas],,Ministry of Road Transport & Highways,Roads & Highways,Uttar Pradesh,57.8
MULTI_MONTH_STAGNATION,CRITICAL,No progress improvement over multiple months,Construction of Balance work of 2-Lane with PS of Joram-Koloriang Road NH-,,Ministry of Road Transport & Highways,Roads & Highways,Arunachal Pradesh,24.8
MULTI_MONTH_STAGNATION,CRITICAL,No progress improvement over multiple months,Rehabilitation and upgradation to 2 Lane with Paved shoulder of Economic,,Ministry of Road Transport & Highways,Roads & Highways,Mizoram,27.4
MULTI_MONTH_STAGNATION,CRITICAL,No progress improvement over multiple months,Rehabilitation and Up gradation to 2-lane with paved shoulder of Keifang Section,,Ministry of Road Transport & Highways,Roads & Highways,Mizoram,23.3
COST_ESCALATION,WARNING,Cost escalated by 47.2% from original,Guwahati Airport New Integrated Terminal Building Construction Project,706724.0,Ministry of Civil Aviation,Aviation & Aviation Infrastructure,Assam,69.5
PF_GAP,WARNING,Physical-Financial gap of -56.5%,Guwahati Airport New Integrated Terminal Building Construction Project,706724.0,Ministry of Civil Aviation,Aviation & Aviation Infrastructure,Assam,69.5
ELEVATED_RISK_ML,WARNING,ML risk score: 70/100,Guwahati Airport New Integrated Terminal Building Construction Project,706724.0,Ministry of Civil Aviation,Aviation & Aviation Infrastructure,Assam,69.5
TIME_OVERRUN,WARNING,Delayed by 15 months,Guwahati Airport New Integrated Terminal Building Construction Project,706724.0,Ministry of Civil Aviation,Aviation & Aviation Infrastructure,Assam,69.5
TIME_OVERRUN,WARNING,Delayed by 29 months,C/o NITB Imphal Airport,706718.0,Ministry of Civil Aviation,Aviation & Aviation Infrastructure,Manipur,44.2
EXPENDITURE_LAG,CRITICAL,Only 27% budget spent but 110% time elapsed,Widening of basic strip at Western Side of Runway Chainage 80m to 920m i/c,612793.0,Ministry of Civil Aviation,Aviation & Aviation Infrastructure,Sikkim,42.1
PF_GAP,WARNING,Physical-Financial gap of -31.5%,TIRAP OCP,615821.0,Ministry of Coal,Coal,Assam,11.8
MULTI_MONTH_STAGNATION,CRITICAL,No progress improvement over multiple months,Construction of Permanent Campus of National Institute of Technology Arunachal,612898.0,Department of Higher Education,Education,Arunachal Pradesh,15.2
PF_GAP,WARNING,Physical-Financial gap of -75.2%,Tezpur University Projects,606112.0,Department of Higher Education,Education,Assam,51.9
TIME_OVERRUN,WARNING,Delayed by 25 months,Tezpur University Projects,606112.0,Department of Higher Education,Education,Assam,51.9
MULTI_MONTH_STAGNATION,CRITICAL,No progress improvement over multiple months,Tezpur University Projects,606112.0,Department of Higher Education,Education,Assam,51.9
PF_GAP,WARNING,Physical-Financial gap of 21.1%,Construction and Developement of National Institute of Technology Meghalaya,612885.0,Department of Higher Education,Education,Meghalaya,38.2
TIME_OVERRUN,CRITICAL,Delayed by 55 months,Construction and Developement of National Institute of Technology Meghalaya,612885.0,Department of Higher Education,Education,Meghalaya,38.2
EXPENDITURE_LAG,CRITICAL,Only 35% budget spent but 79% time elapsed,"Construction of Permanent Campus for NIT Mizoram at Lengpui, Aizawl",612876.0,Department of Higher Education,Education,Mizoram,34.0
PF_GAP,WARNING,Physical-Financial gap of -31.3%,"Construction of Permanent Campus for NIT Mizoram at Lengpui, Aizawl",612876.0,Department of Higher Education,Education,Mizoram,34.0
MULTI_MONTH_STAGNATION,CRITICAL,No progress improvement over multiple months,"Construction of Permanent Campus for NIT Mizoram at Lengpui, Aizawl",612876.0,Department of Higher Education,Education,Mizoram,34.0
MULTI_MONTH_STAGNATION,CRITICAL,No progress improvement over multiple months,Establishment of NIT Nagaland,613013.0,Department of Higher Education,Education,Nagaland,12.5
TIME_OVERRUN,WARNING,Delayed by 21 months,"Construction of Sikkim University Campus Phase-I Package-II at Yangang, South",609736.0,Department of Higher Education,Education,Sikkim,56.3
PF_GAP,WARNING,Physical-Financial gap of 33.8%,"National Sports University [NSU], Imphal [Manipur]",400081.0,Department of Sports,Education,Manipur,50.3
TIME_OVERRUN,WARNING,Delayed by 24 months,"National Sports University [NSU], Imphal [Manipur]",400081.0,Department of Sports,Education,Manipur,50.3
MULTI_MONTH_STAGNATION,CRITICAL,No progress improvement over multiple months,"National Sports University [NSU], Imphal [Manipur]",400081.0,Department of Sports,Education,Manipur,50.3
MULTI_MONTH_STAGNATION,CRITICAL,No progress improvement over multiple months,Kalai-II Hydro Electric Project [1200 MW],619311.0,Ministry of Power,Electricity Generation,Arunachal Pradesh,21.7
MULTI_MONTH_STAGNATION,CRITICAL,No progress improvement over multiple months,700 MW Tato-II HE Project,611716.0,Ministry of Power,Electricity Generation,Arunachal Pradesh,21.7
MULTI_MONTH_STAGNATION,CRITICAL,No progress improvement over multiple months,186 MW Tato-I H E Project,611699.0,Ministry of Power,Electricity Generation,Arunachal Pradesh,21.3
MULTI_MONTH_STAGNATION,CRITICAL,No progress improvement over multiple months,Dibang Multipurpose Project,602182.0,Ministry of Power,Electricity Generation,Arunachal Pradesh,18.3
COST_ESCALATION,CRITICAL,Cost escalated by 314.9% from original,Subansiri Lower HE Project [2000 MW],602096.0,Ministry of Power,Electricity Generation,"Multi-States (Assam,
Arunachal Pradesh)",91.4
PF_GAP,WARNING,Physical-Financial gap of -322.8%,Subansiri Lower HE Project [2000 MW],602096.0,Ministry of Power,Electricity Generation,"Multi-States (Assam,
Arunachal Pradesh)",91.4
HIGH_RISK_ML,CRITICAL,ML risk score: 91/100,Subansiri Lower HE Project [2000 MW],602096.0,Ministry of Power,Electricity Generation,"Multi-States (Assam,
Arunachal Pradesh)",91.4
TIME_OVERRUN,CRITICAL,Delayed by 198 months,Subansiri Lower HE Project [2000 MW],602096.0,Ministry of Power,Electricity Generation,"Multi-States (Assam,
Arunachal Pradesh)",91.4
MULTI_MONTH_STAGNATION,CRITICAL,No progress improvement over multiple months,Subansiri Lower HE Project [2000 MW],602096.0,Ministry of Power,Electricity Generation,"Multi-States (Assam,
Arunachal Pradesh)",91.4
COST_ESCALATION,CRITICAL,Cost escalated by 94.8% from original,Rangit-IV HE Project [120 MW] executed by Jal Power Corporation Ltd. [JPCL] -,605156.0,Ministry of Power,Electricity Generation,Sikkim,79.0
PF_GAP,WARNING,Physical-Financial gap of -85.6%,Rangit-IV HE Project [120 MW] executed by Jal Power Corporation Ltd. [JPCL] -,605156.0,Ministry of Power,Electricity Generation,Sikkim,79.0
ELEVATED_RISK_ML,WARNING,ML risk score: 79/100,Rangit-IV HE Project [120 MW] executed by Jal Power Corporation Ltd. [JPCL] -,605156.0,Ministry of Power,Electricity Generation,Sikkim,79.0
TIME_OVERRUN,WARNING,Delayed by 30 months,Rangit-IV HE Project [120 MW] executed by Jal Power Corporation Ltd. [JPCL] -,605156.0,Ministry of Power,Electricity Generation,Sikkim,79.0
TIME_OVERRUN,CRITICAL,Delayed by 66 months,"TEESTA-VI HE PROJECT, SIKKIM [500 MW], executed by LANCO TEESTA",602181.0,Ministry of Power,Electricity Generation,Sikkim,36.9
COST_ESCALATION,WARNING,Cost escalated by 31.1% from original,NORTH EASTERN REGION POWER SYSTEM IMPROVEMENT PROJECT,607709.0,Ministry of Power,Transmission & Distribution,"Multi-States (Nagaland,
Mizoram, Manipur,
Meghalaya, Tripura,
Assam)",69.9
ELEVATED_RISK_ML,WARNING,ML risk score: 70/100,NORTH EASTERN REGION POWER SYSTEM IMPROVEMENT PROJECT,607709.0,Ministry of Power,Transmission & Distribution,"Multi-States (Nagaland,
Mizoram, Manipur,
Meghalaya, Tripura,
Assam)",69.9
TIME_OVERRUN,CRITICAL,Delayed by 99 months,NORTH EASTERN REGION POWER SYSTEM IMPROVEMENT PROJECT,607709.0,Ministry of Power,Transmission & Distribution,"Multi-States (Nagaland,
Mizoram, Manipur,
Meghalaya, Tripura,
Assam)",69.9
COST_ESCALATION,CRITICAL,Cost escalated by 92.0% from original,Comprehensive Scheme for Strengthening of Transmission and Distribution,602223.0,Ministry of Power,Transmission & Distribution,"Multi-States (Sikkim,
Arunachal Pradesh)",92.2
PF_GAP,WARNING,Physical-Financial gap of -87.3%,Comprehensive Scheme for Strengthening of Transmission and Distribution,602223.0,Ministry of Power,Transmission & Distribution,"Multi-States (Sikkim,
Arunachal Pradesh)",92.2
HIGH_RISK_ML,CRITICAL,ML risk score: 92/100,Comprehensive Scheme for Strengthening of Transmission and Distribution,602223.0,Ministry of Power,Transmission & Distribution,"Multi-States (Sikkim,
Arunachal Pradesh)",92.2
TIME_OVERRUN,CRITICAL,Delayed by 99 months,Comprehensive Scheme for Strengthening of Transmission and Distribution,602223.0,Ministry of Power,Transmission & Distribution,"Multi-States (Sikkim,
Arunachal Pradesh)",92.2
MULTI_MONTH_STAGNATION,CRITICAL,No progress improvement over multiple months,Comprehensive Scheme for Strengthening of Transmission and Distribution,602223.0,Ministry of Power,Transmission & Distribution,"Multi-States (Sikkim,
Arunachal Pradesh)",92.2
PF_GAP,WARNING,Physical-Financial gap of 22.4%,"Setting up of new rail fed POL facility at Kamardanga, Assam",709755.0,Ministry of Petroleum & Natural Gas,Energy Storage,Assam,8.8
EXPENDITURE_LAG,CRITICAL,Only 28% budget spent but 205% time elapsed,Power Recovery Turbine [PRT] in PFCCU unit as an Energy Conservation,709865.0,Ministry of Petroleum & Natural Gas,Oil & Gas,Assam,60.0
PF_GAP,WARNING,Physical-Financial gap of 71.1%,Power Recovery Turbine [PRT] in PFCCU unit as an Energy Conservation,709865.0,Ministry of Petroleum & Natural Gas,Oil & Gas,Assam,60.0
ELEVATED_RISK_ML,WARNING,ML risk score: 60/100,Power Recovery Turbine [PRT] in PFCCU unit as an Energy Conservation,709865.0,Ministry of Petroleum & Natural Gas,Oil & Gas,Assam,60.0
TIME_OVERRUN,WARNING,Delayed by 24 months,Power Recovery Turbine [PRT] in PFCCU unit as an Energy Conservation,709865.0,Ministry of Petroleum & Natural Gas,Oil & Gas,Assam,60.0
MULTI_MONTH_STAGNATION,CRITICAL,No progress improvement over multiple months,Power Recovery Turbine [PRT] in PFCCU unit as an Energy Conservation,709865.0,Ministry of Petroleum & Natural Gas,Oil & Gas,Assam,60.0
TIME_OVERRUN,WARNING,Delayed by 32 months,DCU Revamp Project,709864.0,Ministry of Petroleum & Natural Gas,Oil & Gas,Assam,36.2
EXPENDITURE_LAG,CRITICAL,Only 34% budget spent but 113% time elapsed,Capacity Expansion of Digboi Refinery from 0.65 to 1.0 MMTPA,709779.0,Ministry of Petroleum & Natural Gas,Oil & Gas,Assam,44.6
PF_GAP,WARNING,Physical-Financial gap of 27.4%,Capacity Expansion of Digboi Refinery from 0.65 to 1.0 MMTPA,709779.0,Ministry of Petroleum & Natural Gas,Oil & Gas,Assam,44.6
TIME_OVERRUN,WARNING,Delayed by 16 months,Capacity Expansion of Digboi Refinery from 0.65 to 1.0 MMTPA,709779.0,Ministry of Petroleum & Natural Gas,Oil & Gas,Assam,44.6
COST_ESCALATION,WARNING,Cost escalated by 16.6% from original,Augmentation/Revamping of Facilities at existing Guwahati Terminal at Betkuchi,709776.0,Ministry of Petroleum & Natural Gas,Oil & Gas,Assam,29.7
MULTI_MONTH_STAGNATION,CRITICAL,No progress improvement over multiple months,"Group Gathering Station, Lakwagaon",619316.0,Ministry of Petroleum & Natural Gas,Oil & Gas,Assam,22.8
PF_GAP,WARNING,Physical-Financial gap of 27.0%,"Pipeline Rehabilitation Project, Phase-II",617827.0,Ministry of Petroleum & Natural Gas,Oil & Gas,Assam,21.2
TIME_OVERRUN,WARNING,Delayed by 32 months,"Construction of Field Gas Gathering Station at Baghjan area for collection,",616858.0,Ministry of Petroleum & Natural Gas,Oil & Gas,Assam,39.0
ELEVATED_RISK_ML,WARNING,ML risk score: 72/100,Development of Surface Facilities for production and evacuation of Crude Oil and,604863.0,Ministry of Petroleum & Natural Gas,Oil & Gas,Assam,72.1
TIME_OVERRUN,CRITICAL,Delayed by 82 months,Development of Surface Facilities for production and evacuation of Crude Oil and,604863.0,Ministry of Petroleum & Natural Gas,Oil & Gas,Assam,72.1
MULTI_MONTH_STAGNATION,CRITICAL,No progress improvement over multiple months,Development of Surface Facilities for production and evacuation of Crude Oil and,604863.0,Ministry of Petroleum & Natural Gas,Oil & Gas,Assam,72.1
COST_ESCALATION,CRITICAL,Cost escalated by 104.7% from original,Numaligarh Refinery Expansion Project,604791.0,Ministry of Petroleum & Natural Gas,Oil & Gas,Assam,78.4
PF_GAP,WARNING,Physical-Financial gap of -78.1%,Numaligarh Refinery Expansion Project,604791.0,Ministry of Petroleum & Natural Gas,Oil & Gas,Assam,78.4
ELEVATED_RISK_ML,WARNING,ML risk score: 78/100,Numaligarh Refinery Expansion Project,604791.0,Ministry of Petroleum & Natural Gas,Oil & Gas,Assam,78.4
TIME_OVERRUN,WARNING,Delayed by 32 months,Numaligarh Refinery Expansion Project,604791.0,Ministry of Petroleum & Natural Gas,Oil & Gas,Assam,78.4
EXPENDITURE_LAG,CRITICAL,Only 12% budget spent but 73% time elapsed,"Augmentation/ Revamping of Dimapur Depot, Dimapur",709786.0,Ministry of Petroleum & Natural Gas,Oil & Gas,Nagaland,24.6
PF_GAP,WARNING,Physical-Financial gap of 30.7%,"Augmentation/ Revamping of Dimapur Depot, Dimapur",709786.0,Ministry of Petroleum & Natural Gas,Oil & Gas,Nagaland,24.6
PF_GAP,WARNING,Physical-Financial gap of 32.5%,"Creation of Gas Dehydration Facilities, Tripura Asset",709837.0,Ministry of Petroleum & Natural Gas,Oil & Gas,Tripura,47.4
TIME_OVERRUN,WARNING,Delayed by 29 months,"Creation of Gas Dehydration Facilities, Tripura Asset",709837.0,Ministry of Petroleum & Natural Gas,Oil & Gas,Tripura,47.4
TIME_OVERRUN,CRITICAL,Delayed by 48 months,North East Gas Grid,701346.0,Ministry of Petroleum & Natural Gas,Oil & Gas,Tripura,38.6
PF_GAP,WARNING,Physical-Financial gap of -90.0%,Establishment of new GMC West Garo Hills [Tura],706989.0,Ministry of Health & Family Welfare,Healthcare,Meghalaya,21.2
MULTI_MONTH_STAGNATION,CRITICAL,No progress improvement over multiple months,Establishment of new GMC West Garo Hills [Tura],706989.0,Ministry of Health & Family Welfare,Healthcare,Meghalaya,21.2
PF_GAP,WARNING,Physical-Financial gap of -47.7%,Establishment of new GMC Mon,707067.0,Ministry of Health & Family Welfare,Healthcare,Nagaland,20.7
MULTI_MONTH_STAGNATION,CRITICAL,No progress improvement over multiple months,Establishment of new GMC Mon,707067.0,Ministry of Health & Family Welfare,Healthcare,Nagaland,20.7
COST_ESCALATION,CRITICAL,Cost escalated by 154.1% from original,Establishment of new GMC Gangtok,707039.0,Ministry of Health & Family Welfare,Healthcare,Sikkim,53.5
PF_GAP,WARNING,Physical-Financial gap of -174.9%,Establishment of new GMC Gangtok,707039.0,Ministry of Health & Family Welfare,Healthcare,Sikkim,53.5
MULTI_MONTH_STAGNATION,CRITICAL,No progress improvement over multiple months,Establishment of new GMC Gangtok,707039.0,Ministry of Health & Family Welfare,Healthcare,Sikkim,53.5
COST_ESCALATION,WARNING,Cost escalated by 22.8% from original,New Bongaigaon - Goalpara - Guwahati Kamakhya 176 km,705572.0,Ministry of Railways,Railways,Assam,33.5
COST_ESCALATION,CRITICAL,Cost escalated by 52.8% from original,Jiribam-Imphal 110 km,705391.0,Ministry of Railways,Railways,Manipur,68.5
PF_GAP,WARNING,Physical-Financial gap of -40.2%,Jiribam-Imphal 110 km,705391.0,Ministry of Railways,Railways,Manipur,68.5
ELEVATED_RISK_ML,WARNING,ML risk score: 68/100,Jiribam-Imphal 110 km,705391.0,Ministry of Railways,Railways,Manipur,68.5
TIME_OVERRUN,WARNING,Delayed by 30 months,Jiribam-Imphal 110 km,705391.0,Ministry of Railways,Railways,Manipur,68.5
COST_ESCALATION,CRITICAL,Cost escalated by 206.8% from original,Murkongselek-Pasighat 26.15 km,705401.0,Ministry of Railways,Railways,"Multi-States (Arunachal
Pradesh, Assam)",81.7
PF_GAP,WARNING,Physical-Financial gap of -176.0%,Murkongselek-Pasighat 26.15 km,705401.0,Ministry of Railways,Railways,"Multi-States (Arunachal
Pradesh, Assam)",81.7
HIGH_RISK_ML,CRITICAL,ML risk score: 82/100,Murkongselek-Pasighat 26.15 km,705401.0,Ministry of Railways,Railways,"Multi-States (Arunachal
Pradesh, Assam)",81.7
TIME_OVERRUN,WARNING,Delayed by 21 months,Murkongselek-Pasighat 26.15 km,705401.0,Ministry of Railways,Railways,"Multi-States (Arunachal
Pradesh, Assam)",81.7
COST_ESCALATION,CRITICAL,Cost escalated by 129.8% from original,Dimapur-Kohima 88 km,705392.0,Ministry of Railways,Railways,"Multi-States (Assam,
Nagaland)",82.1
PF_GAP,WARNING,Physical-Financial gap of -55.8%,Dimapur-Kohima 88 km,705392.0,Ministry of Railways,Railways,"Multi-States (Assam,
Nagaland)",82.1
HIGH_RISK_ML,CRITICAL,ML risk score: 82/100,Dimapur-Kohima 88 km,705392.0,Ministry of Railways,Railways,"Multi-States (Assam,
Nagaland)",82.1
TIME_OVERRUN,CRITICAL,Delayed by 57 months,Dimapur-Kohima 88 km,705392.0,Ministry of Railways,Railways,"Multi-States (Assam,
Nagaland)",82.1
ELEVATED_RISK_ML,WARNING,ML risk score: 65/100,Teteliya-Byrnihat 21.5 km,705394.0,Ministry of Railways,Railways,"Multi-States
(Meghalaya, Assam)",65.4
TIME_OVERRUN,CRITICAL,Delayed by 187 months,Teteliya-Byrnihat 21.5 km,705394.0,Ministry of Railways,Railways,"Multi-States
(Meghalaya, Assam)",65.4
COST_ESCALATION,WARNING,Cost escalated by 49.5% from original,Sivok-Rangpo New Rail Line,705432.0,Ministry of Railways,Railways,Sikkim,92.2
PF_GAP,WARNING,Physical-Financial gap of -60.8%,Sivok-Rangpo New Rail Line,705432.0,Ministry of Railways,Railways,Sikkim,92.2
HIGH_RISK_ML,CRITICAL,ML risk score: 92/100,Sivok-Rangpo New Rail Line,705432.0,Ministry of Railways,Railways,Sikkim,92.2
TIME_OVERRUN,CRITICAL,Delayed by 151 months,Sivok-Rangpo New Rail Line,705432.0,Ministry of Railways,Railways,Sikkim,92.2
MULTI_MONTH_STAGNATION,CRITICAL,No progress improvement over multiple months,Sivok-Rangpo New Rail Line,705432.0,Ministry of Railways,Railways,Sikkim,92.2
PF_GAP,WARNING,Physical-Financial gap of 20.1%,Construction of 2-lane road of Potin to Pangin section of NH-13 from Km 163.59,617892.0,Ministry of Road Transport & Highways,Roads & Highways,Arunachal Pradesh,50.0
TIME_OVERRUN,WARNING,Delayed by 35 months,Construction of 2-lane road of Potin to Pangin section of NH-13 from Km 163.59,617892.0,Ministry of Road Transport & Highways,Roads & Highways,Arunachal Pradesh,50.0
MULTI_MONTH_STAGNATION,CRITICAL,No progress improvement over multiple months,Construction of 2-lane road of Potin to Pangin section of NH-13 from Km 163.59,617892.0,Ministry of Road Transport & Highways,Roads & Highways,Arunachal Pradesh,50.0
TIME_OVERRUN,CRITICAL,Delayed by 55 months,Roing-Hunli Road Greenfield Alignment Project,618434.0,Ministry of Road Transport & Highways,Roads & Highways,Arunachal Pradesh,52.8
MULTI_MONTH_STAGNATION,CRITICAL,No progress improvement over multiple months,Roing-Hunli Road Greenfield Alignment Project,618434.0,Ministry of Road Transport & Highways,Roads & Highways,Arunachal Pradesh,52.8
TIME_OVERRUN,CRITICAL,Delayed by 48 months,Construction of Balance work of 2-Lane with PS of Joram Koloriang Road from,618433.0,Ministry of Road Transport & Highways,Roads & Highways,Arunachal Pradesh,51.6
MULTI_MONTH_STAGNATION,CRITICAL,No progress improvement over multiple months,Construction of Balance work of 2-Lane with PS of Joram Koloriang Road from,618433.0,Ministry of Road Transport & Highways,Roads & Highways,Arunachal Pradesh,51.6
MULTI_MONTH_STAGNATION,CRITICAL,No progress improvement over multiple months,Construction of Intermediate Lane of Pango to Jorging Road from 0000 to Design,618405.0,Ministry of Road Transport & Highways,Roads & Highways,Arunachal Pradesh,26.8
PF_GAP,WARNING,Physical-Financial gap of -20.3%,Construction of lntermediate Lane Road with hard shoulder from design chainage,618404.0,Ministry of Road Transport & Highways,Roads & Highways,Arunachal Pradesh,14.5
MULTI_MONTH_STAGNATION,CRITICAL,No progress improvement over multiple months,Construction of Intermediate Lane with Hard Shoulder of Hunli to Hayuliang,618401.0,Ministry of Road Transport & Highways,Roads & Highways,Arunachal Pradesh,21.9
COST_ESCALATION,WARNING,Cost escalated by 43.8% from original,Balance work of 4L of NarimbangloJatinga Junction- Harangajoroad section from,619089.0,Ministry of Road Transport & Highways,Roads & Highways,Assam,69.8
PF_GAP,WARNING,Physical-Financial gap of 25.1%,Balance work of 4L of NarimbangloJatinga Junction- Harangajoroad section from,619089.0,Ministry of Road Transport & Highways,Roads & Highways,Assam,69.8
ELEVATED_RISK_ML,WARNING,ML risk score: 70/100,Balance work of 4L of NarimbangloJatinga Junction- Harangajoroad section from,619089.0,Ministry of Road Transport & Highways,Roads & Highways,Assam,69.8
COST_ESCALATION,CRITICAL,Cost escalated by 79.8% from original,Construction of Balance Work of 4-Laning of the Section from Jhanji to Demow of,619060.0,Ministry of Road Transport & Highways,Roads & Highways,Assam,87.1
EXPENDITURE_LAG,CRITICAL,Only 9% budget spent but 209% time elapsed,Construction of Balance Work of 4-Laning of the Section from Jhanji to Demow of,619060.0,Ministry of Road Transport & Highways,Roads & Highways,Assam,87.1
PF_GAP,WARNING,Physical-Financial gap of 55.6%,Construction of Balance Work of 4-Laning of the Section from Jhanji to Demow of,619060.0,Ministry of Road Transport & Highways,Roads & Highways,Assam,87.1
HIGH_RISK_ML,CRITICAL,ML risk score: 87/100,Construction of Balance Work of 4-Laning of the Section from Jhanji to Demow of,619060.0,Ministry of Road Transport & Highways,Roads & Highways,Assam,87.1
TIME_OVERRUN,WARNING,Delayed by 13 months,Construction of Balance Work of 4-Laning of the Section from Jhanji to Demow of,619060.0,Ministry of Road Transport & Highways,Roads & Highways,Assam,87.1
MULTI_MONTH_STAGNATION,CRITICAL,No progress improvement over multiple months,Construction of 4-Lane Badarpur Bypass from Design Chainage km 27300 at,619057.0,Ministry of Road Transport & Highways,Roads & Highways,Assam,43.1
EXPENDITURE_LAG,CRITICAL,Only 20% budget spent but 153% time elapsed,Construction of Balance Work of 4-Laning of the Section from Jhanji to Demow of,619013.0,Ministry of Road Transport & Highways,Roads & Highways,Assam,75.7
PF_GAP,WARNING,Physical-Financial gap of 52.0%,Construction of Balance Work of 4-Laning of the Section from Jhanji to Demow of,619013.0,Ministry of Road Transport & Highways,Roads & Highways,Assam,75.7
ELEVATED_RISK_ML,WARNING,ML risk score: 76/100,Construction of Balance Work of 4-Laning of the Section from Jhanji to Demow of,619013.0,Ministry of Road Transport & Highways,Roads & Highways,Assam,75.7
EXPENDITURE_LAG,CRITICAL,Only 0% budget spent but 164% time elapsed,2L with ES of Yagyi - Kalewa section from Milepost 40/0 to Milepost 115/5 in,618958.0,Ministry of Road Transport & Highways,Roads & Highways,Assam,65.2
PF_GAP,WARNING,Physical-Financial gap of 52.0%,2L with ES of Yagyi - Kalewa section from Milepost 40/0 to Milepost 115/5 in,618958.0,Ministry of Road Transport & Highways,Roads & Highways,Assam,65.2
ELEVATED_RISK_ML,WARNING,ML risk score: 65/100,2L with ES of Yagyi - Kalewa section from Milepost 40/0 to Milepost 115/5 in,618958.0,Ministry of Road Transport & Highways,Roads & Highways,Assam,65.2
TIME_OVERRUN,CRITICAL,Delayed by 49 months,2L with ES of Yagyi - Kalewa section from Milepost 40/0 to Milepost 115/5 in,618958.0,Ministry of Road Transport & Highways,Roads & Highways,Assam,65.2
MULTI_MONTH_STAGNATION,CRITICAL,No progress improvement over multiple months,2L with ES of Yagyi - Kalewa section from Milepost 40/0 to Milepost 115/5 in,618958.0,Ministry of Road Transport & Highways,Roads & Highways,Assam,65.2
MULTI_MONTH_STAGNATION,CRITICAL,No progress improvement over multiple months,Guwahati Ring Road in the State of Assam,618934.0,Ministry of Road Transport & Highways,Roads & Highways,Assam,20.0
PF_GAP,WARNING,Physical-Financial gap of 55.5%,Development of External Trunk Connectivity and Internal Infrastructure Works at,618455.0,Ministry of Road Transport & Highways,Roads & Highways,Assam,63.1
ELEVATED_RISK_ML,WARNING,ML risk score: 63/100,Development of External Trunk Connectivity and Internal Infrastructure Works at,618455.0,Ministry of Road Transport & Highways,Roads & Highways,Assam,63.1
TIME_OVERRUN,WARNING,Delayed by 29 months,Development of External Trunk Connectivity and Internal Infrastructure Works at,618455.0,Ministry of Road Transport & Highways,Roads & Highways,Assam,63.1
MULTI_MONTH_STAGNATION,CRITICAL,No progress improvement over multiple months,Development of External Trunk Connectivity and Internal Infrastructure Works at,618455.0,Ministry of Road Transport & Highways,Roads & Highways,Assam,63.1
EXPENDITURE_LAG,CRITICAL,Only 6% budget spent but 384% time elapsed,"Earthwork in Formation, Road Work, Construction of Bridges, Blanketing, P. Way",618454.0,Ministry of Road Transport & Highways,Roads & Highways,Assam,65.2
PF_GAP,WARNING,Physical-Financial gap of 87.4%,"Earthwork in Formation, Road Work, Construction of Bridges, Blanketing, P. Way",618454.0,Ministry of Road Transport & Highways,Roads & Highways,Assam,65.2
ELEVATED_RISK_ML,WARNING,ML risk score: 65/100,"Earthwork in Formation, Road Work, Construction of Bridges, Blanketing, P. Way",618454.0,Ministry of Road Transport & Highways,Roads & Highways,Assam,65.2
TIME_OVERRUN,WARNING,Delayed by 27 months,"Earthwork in Formation, Road Work, Construction of Bridges, Blanketing, P. Way",618454.0,Ministry of Road Transport & Highways,Roads & Highways,Assam,65.2
MULTI_MONTH_STAGNATION,CRITICAL,No progress improvement over multiple months,"Earthwork in Formation, Road Work, Construction of Bridges, Blanketing, P. Way",618454.0,Ministry of Road Transport & Highways,Roads & Highways,Assam,65.2
EXPENDITURE_LAG,CRITICAL,Only 28% budget spent but 518% time elapsed,Construction of Balance Work of the 4-Laning of the Section from Jorhat to Jhanji,618442.0,Ministry of Road Transport & Highways,Roads & Highways,Assam,55.6
PF_GAP,WARNING,Physical-Financial gap of 72.0%,Construction of Balance Work of the 4-Laning of the Section from Jorhat to Jhanji,618442.0,Ministry of Road Transport & Highways,Roads & Highways,Assam,55.6
TIME_OVERRUN,WARNING,Delayed by 22 months,Construction of Balance Work of the 4-Laning of the Section from Jorhat to Jhanji,618442.0,Ministry of Road Transport & Highways,Roads & Highways,Assam,55.6
EXPENDITURE_LAG,CRITICAL,Only 21% budget spent but 209% time elapsed,Construction of Balance Work of 4-Laning of the Section from Jhanji to Demow of,618441.0,Ministry of Road Transport & Highways,Roads & Highways,Assam,76.1
PF_GAP,WARNING,Physical-Financial gap of 66.4%,Construction of Balance Work of 4-Laning of the Section from Jhanji to Demow of,618441.0,Ministry of Road Transport & Highways,Roads & Highways,Assam,76.1
ELEVATED_RISK_ML,WARNING,ML risk score: 76/100,Construction of Balance Work of 4-Laning of the Section from Jhanji to Demow of,618441.0,Ministry of Road Transport & Highways,Roads & Highways,Assam,76.1
TIME_OVERRUN,WARNING,Delayed by 13 months,Construction of Balance Work of 4-Laning of the Section from Jhanji to Demow of,618441.0,Ministry of Road Transport & Highways,Roads & Highways,Assam,76.1
EXPENDITURE_LAG,CRITICAL,Only 17% budget spent but 192% time elapsed,Construction of Balance Work of 4-Laning of the Section from Jhanji to Demow of,618440.0,Ministry of Road Transport & Highways,Roads & Highways,Assam,56.9
PF_GAP,WARNING,Physical-Financial gap of 49.3%,Construction of Balance Work of 4-Laning of the Section from Jhanji to Demow of,618440.0,Ministry of Road Transport & Highways,Roads & Highways,Assam,56.9
PF_GAP,WARNING,Physical-Financial gap of -76.5%,4-Laning of NH-37 Section between Demow to End of Moran Bypass From Km.,618438.0,Ministry of Road Transport & Highways,Roads & Highways,Assam,54.8
TIME_OVERRUN,WARNING,Delayed by 13 months,4-Laning of NH-37 Section between Demow to End of Moran Bypass From Km.,618438.0,Ministry of Road Transport & Highways,Roads & Highways,Assam,54.8
MULTI_MONTH_STAGNATION,CRITICAL,No progress improvement over multiple months,4-Laning of NH-37 Section between Demow to End of Moran Bypass From Km.,618438.0,Ministry of Road Transport & Highways,Roads & Highways,Assam,54.8
PF_GAP,WARNING,Physical-Financial gap of 57.5%,Construction of Balance Work of 4-Laning of NH-37 Section between End of,618437.0,Ministry of Road Transport & Highways,Roads & Highways,Assam,62.7
ELEVATED_RISK_ML,WARNING,ML risk score: 63/100,Construction of Balance Work of 4-Laning of NH-37 Section between End of,618437.0,Ministry of Road Transport & Highways,Roads & Highways,Assam,62.7
MULTI_MONTH_STAGNATION,CRITICAL,No progress improvement over multiple months,Construction of Balance Work of 4-Laning of NH-37 Section between End of,618437.0,Ministry of Road Transport & Highways,Roads & Highways,Assam,62.7
PF_GAP,WARNING,Physical-Financial gap of 27.8%,4-Laning of Jamugurihat to end of Biswanath Chariali By-Pass from Km 182.000,618436.0,Ministry of Road Transport & Highways,Roads & Highways,Assam,56.4
TIME_OVERRUN,CRITICAL,Delayed by 73 months,4-Laning of Jamugurihat to end of Biswanath Chariali By-Pass from Km 182.000,618436.0,Ministry of Road Transport & Highways,Roads & Highways,Assam,56.4
MULTI_MONTH_STAGNATION,CRITICAL,No progress improvement over multiple months,4-Laning of Jamugurihat to end of Biswanath Chariali By-Pass from Km 182.000,618436.0,Ministry of Road Transport & Highways,Roads & Highways,Assam,56.4
PF_GAP,WARNING,Physical-Financial gap of 26.9%,Widening/Improvement to 4-Lane with Paved Shoulder configuration of existing,618371.0,Ministry of Road Transport & Highways,Roads & Highways,Assam,12.7
PF_GAP,WARNING,Physical-Financial gap of 33.5%,Wideinig & Upgradation to 2-lanes with paved shoulders road from Tamenglong,618354.0,Ministry of Road Transport & Highways,Roads & Highways,Assam,41.7
PF_GAP,WARNING,Physical-Financial gap of 22.9%,Widening & Upgradation to 2-lanes with paved shoulders road from Tamenglong,618353.0,Ministry of Road Transport & Highways,Roads & Highways,Assam,49.5
TIME_OVERRUN,WARNING,Delayed by 13 months,Widening & Upgradation to 2-lanes with paved shoulders road from Tamenglong,618353.0,Ministry of Road Transport & Highways,Roads & Highways,Assam,49.5
MULTI_MONTH_STAGNATION,CRITICAL,No progress improvement over multiple months,Widening & Upgradation to 2-lanes with paved shoulders road from Tamenglong,618353.0,Ministry of Road Transport & Highways,Roads & Highways,Assam,49.5
PF_GAP,WARNING,Physical-Financial gap of 22.5%,Widening & Upgradation to 2 lanes with paved shoulders road from Tamenglong,618352.0,Ministry of Road Transport & Highways,Roads & Highways,Assam,46.2
TIME_OVERRUN,WARNING,Delayed by 13 months,Widening & Upgradation to 2 lanes with paved shoulders road from Tamenglong,618352.0,Ministry of Road Transport & Highways,Roads & Highways,Assam,46.2
MULTI_MONTH_STAGNATION,CRITICAL,No progress improvement over multiple months,Widening & Upgradation to 2 lanes with paved shoulders road from Tamenglong,618352.0,Ministry of Road Transport & Highways,Roads & Highways,Assam,46.2
PF_GAP,WARNING,Physical-Financial gap of 22.5%,Widening & Upgradation to 2 lanes with paved shoulders road from Tamenglong,618351.0,Ministry of Road Transport & Highways,Roads & Highways,Assam,46.5
TIME_OVERRUN,WARNING,Delayed by 13 months,Widening & Upgradation to 2 lanes with paved shoulders road from Tamenglong,618351.0,Ministry of Road Transport & Highways,Roads & Highways,Assam,46.5
MULTI_MONTH_STAGNATION,CRITICAL,No progress improvement over multiple months,Widening & Upgradation to 2 lanes with paved shoulders road from Tamenglong,618351.0,Ministry of Road Transport & Highways,Roads & Highways,Assam,46.5
PF_GAP,WARNING,Physical-Financial gap of 32.1%,Widening/Improvement to 4-Lane with Paved Shoulder from km 626030 Nalani,618340.0,Ministry of Road Transport & Highways,Roads & Highways,Assam,44.9
TIME_OVERRUN,WARNING,Delayed by 17 months,Widening/Improvement to 4-Lane with Paved Shoulder from km 626030 Nalani,618340.0,Ministry of Road Transport & Highways,Roads & Highways,Assam,44.9
PF_GAP,WARNING,Physical-Financial gap of 24.9%,lmprovement to 4-Lane with Paved Shoulder from existing km 260000 Design,618331.0,Ministry of Road Transport & Highways,Roads & Highways,Assam,17.4
PF_GAP,WARNING,Physical-Financial gap of 37.2%,Widening/Improvement to 4-Lane with Paved Shoulder from KM 38500 to Km,618326.0,Ministry of Road Transport & Highways,Roads & Highways,Assam,43.1
ELEVATED_RISK_ML,WARNING,ML risk score: 61/100,Construction of 4-Lane Panchgram Bypass from Design Chainage km 15500 on,618308.0,Ministry of Road Transport & Highways,Roads & Highways,Assam,61.4
MULTI_MONTH_STAGNATION,CRITICAL,No progress improvement over multiple months,Construction of 4-Lane Panchgram Bypass from Design Chainage km 15500 on,618308.0,Ministry of Road Transport & Highways,Roads & Highways,Assam,61.4
EXPENDITURE_LAG,CRITICAL,Only 39% budget spent but 171% time elapsed,Construction of Mangaldoi Bypass NH-15 starting at Ch 26400 and terminating at,617895.0,Ministry of Road Transport & Highways,Roads & Highways,Assam,49.1
PF_GAP,WARNING,Physical-Financial gap of 37.2%,Construction of Mangaldoi Bypass NH-15 starting at Ch 26400 and terminating at,617895.0,Ministry of Road Transport & Highways,Roads & Highways,Assam,49.1
TIME_OVERRUN,WARNING,Delayed by 20 months,Construction of Mangaldoi Bypass NH-15 starting at Ch 26400 and terminating at,617895.0,Ministry of Road Transport & Highways,Roads & Highways,Assam,49.1
EXPENDITURE_LAG,CRITICAL,Only 0% budget spent but 95% time elapsed,Construction of 4 lane Gauripur Bypass Starting bfrom Km 852.56 of NH-,617896.0,Ministry of Road Transport & Highways,Roads & Highways,Assam,31.0
PF_GAP,WARNING,Physical-Financial gap of 34.0%,Construction of 4 lane Gauripur Bypass Starting bfrom Km 852.56 of NH-,617896.0,Ministry of Road Transport & Highways,Roads & Highways,Assam,31.0
EXPENDITURE_LAG,CRITICAL,Only 7% budget spent but 106% time elapsed,Construction of 2 lane Barpeta Bypass from Km 77900Baradi to Km 86150,618034.0,Ministry of Road Transport & Highways,Roads & Highways,Assam,35.3
PROGRESS_STAGNATION,CRITICAL,Only 20% progress with 106% time elapsed,Construction of 2 lane Barpeta Bypass from Km 77900Baradi to Km 86150,618034.0,Ministry of Road Transport & Highways,Roads & Highways,Assam,35.3
MULTI_MONTH_STAGNATION,CRITICAL,No progress improvement over multiple months,Construction of 2 lane Barpeta Bypass from Km 77900Baradi to Km 86150,618034.0,Ministry of Road Transport & Highways,Roads & Highways,Assam,35.3
EXPENDITURE_LAG,CRITICAL,Only 17% budget spent but 79% time elapsed,Widening/lmprovement to 4-L of Karimgani - sutarkandi section of NH 37 from,618310.0,Ministry of Road Transport & Highways,Roads & Highways,Assam,24.3
PF_GAP,WARNING,Physical-Financial gap of 24.8%,Widening/lmprovement to 4-L of Karimgani - sutarkandi section of NH 37 from,618310.0,Ministry of Road Transport & Highways,Roads & Highways,Assam,24.3
EXPENDITURE_LAG,CRITICAL,Only 18% budget spent but 75% time elapsed,Widening/lmprovement to 4-Lane with Paved shoulder for existing as well as,618311.0,Ministry of Road Transport & Highways,Roads & Highways,Assam,23.4
PF_GAP,WARNING,Physical-Financial gap of 22.8%,Widening/lmprovement to 4-Lane with Paved shoulder for existing as well as,618311.0,Ministry of Road Transport & Highways,Roads & Highways,Assam,23.4
PF_GAP,WARNING,Physical-Financial gap of 26.1%,Widening/lmprovement of Existing 2 lane to 4-Laning of Karimganj-Silchar section,618313.0,Ministry of Road Transport & Highways,Roads & Highways,Assam,17.4
PF_GAP,WARNING,Physical-Financial gap of 22.7%,Construction of New 2-Lane Bridge with its approaches from km 0000 to Km,618286.0,Ministry of Road Transport & Highways,Roads & Highways,Assam,44.0
TIME_OVERRUN,WARNING,Delayed by 25 months,Construction of New 2-Lane Bridge with its approaches from km 0000 to Km,618286.0,Ministry of Road Transport & Highways,Roads & Highways,Assam,44.0
EXPENDITURE_LAG,CRITICAL,Only 15% budget spent but 70% time elapsed,Widening/Improvement to 4-Lane with paved Shoulder from Ch. 25.633 Km to,618287.0,Ministry of Road Transport & Highways,Roads & Highways,Assam,29.2
MULTI_MONTH_STAGNATION,CRITICAL,No progress improvement over multiple months,Widening/Improvement to 4-Lane with paved Shoulder from Ch. 25.633 Km to,618287.0,Ministry of Road Transport & Highways,Roads & Highways,Assam,29.2
TIME_OVERRUN,CRITICAL,Delayed by 39 months,Construction and up gradation to 4-Lane of existing two lane with paved shoulder,618289.0,Ministry of Road Transport & Highways,Roads & Highways,Assam,47.3
MULTI_MONTH_STAGNATION,CRITICAL,No progress improvement over multiple months,Construction and up gradation to 4-Lane of existing two lane with paved shoulder,618289.0,Ministry of Road Transport & Highways,Roads & Highways,Assam,47.3
PF_GAP,WARNING,Physical-Financial gap of 20.0%,4-Laning of Dhanehari Lailapur / Vairengte section from Existing Chainage km,618314.0,Ministry of Road Transport & Highways,Roads & Highways,Assam,34.7
EXPENDITURE_LAG,CRITICAL,Only 31% budget spent but 73% time elapsed,Widening/Improvement to 2 lane with earthen shoulder of Choithar to Marrem,618306.0,Ministry of Road Transport & Highways,Roads & Highways,Manipur,31.5
MULTI_MONTH_STAGNATION,CRITICAL,No progress improvement over multiple months,Widening/Improvement to 2 lane with earthen shoulder of Choithar to Marrem,618306.0,Ministry of Road Transport & Highways,Roads & Highways,Manipur,31.5
TIME_OVERRUN,CRITICAL,Delayed by 51 months,Improvement of existing road to 2 laning with Hard Shoulders of Maram -Peren,618416.0,Ministry of Road Transport & Highways,Roads & Highways,Manipur,50.7
MULTI_MONTH_STAGNATION,CRITICAL,No progress improvement over multiple months,Improvement of existing road to 2 laning with Hard Shoulders of Maram -Peren,618416.0,Ministry of Road Transport & Highways,Roads & Highways,Manipur,50.7
EXPENDITURE_LAG,CRITICAL,Only 0% budget spent but 350% time elapsed,Improvement of existing road to 2 laning with Hard Shoulders of Maram-Peren,618415.0,Ministry of Road Transport & Highways,Roads & Highways,Manipur,64.6
PF_GAP,WARNING,Physical-Financial gap of 100.0%,Improvement of existing road to 2 laning with Hard Shoulders of Maram-Peren,618415.0,Ministry of Road Transport & Highways,Roads & Highways,Manipur,64.6
ELEVATED_RISK_ML,WARNING,ML risk score: 65/100,Improvement of existing road to 2 laning with Hard Shoulders of Maram-Peren,618415.0,Ministry of Road Transport & Highways,Roads & Highways,Manipur,64.6
TIME_OVERRUN,CRITICAL,Delayed by 39 months,Improvement of existing road to 2 laning with Hard Shoulders of Maram-Peren,618415.0,Ministry of Road Transport & Highways,Roads & Highways,Manipur,64.6
MULTI_MONTH_STAGNATION,CRITICAL,No progress improvement over multiple months,Improvement of existing road to 2 laning with Hard Shoulders of Maram-Peren,618415.0,Ministry of Road Transport & Highways,Roads & Highways,Manipur,64.6
PROGRESS_STAGNATION,CRITICAL,Only 26% progress with 88% time elapsed,Widening/Improvement to 2 lane with earthen shoulder of Marrem Khullen to,618305.0,Ministry of Road Transport & Highways,Roads & Highways,Manipur,40.2
PROGRESS_STAGNATION,CRITICAL,Only 28% progress with 117% time elapsed,Widening/Improvement to 2 Lane with earthen shoulder of Jessami to Laynen,618304.0,Ministry of Road Transport & Highways,Roads & Highways,Manipur,47.5
PF_GAP,WARNING,Physical-Financial gap of -50.1%,Widening/Improvement to 2 Lane with earthen shoulder of Jessami to Laynen,618304.0,Ministry of Road Transport & Highways,Roads & Highways,Manipur,47.5
PF_GAP,WARNING,Physical-Financial gap of 25.7%,Widening/Improvement to 2-lane with earthen shoulder of Yaingangpokpi - Finch,618303.0,Ministry of Road Transport & Highways,Roads & Highways,Manipur,55.7
TIME_OVERRUN,CRITICAL,Delayed by 50 months,Widening/Improvement to 2-lane with earthen shoulder of Yaingangpokpi - Finch,618303.0,Ministry of Road Transport & Highways,Roads & Highways,Manipur,55.7
MULTI_MONTH_STAGNATION,CRITICAL,No progress improvement over multiple months,Widening/Improvement to 2-lane with earthen shoulder of Yaingangpokpi - Finch,618303.0,Ministry of Road Transport & Highways,Roads & Highways,Manipur,55.7
TIME_OVERRUN,WARNING,Delayed by 30 months,Construction of 2-laning with Hard shoulder road of Ukhrul - Tolloi - Tadubi,618389.0,Ministry of Road Transport & Highways,Roads & Highways,Manipur,39.7
TIME_OVERRUN,WARNING,Delayed by 23 months,Construction of 2-laning with Hard shoulder road of Ukhrul - Tolloi - Tadubi,618388.0,Ministry of Road Transport & Highways,Roads & Highways,Manipur,40.2
PF_GAP,WARNING,Physical-Financial gap of 31.9%,Construction of 2-laning with Hard shoulder of Ukhrul Tolloi - Tadubi section of,618387.0,Ministry of Road Transport & Highways,Roads & Highways,Manipur,51.3
MULTI_MONTH_STAGNATION,CRITICAL,No progress improvement over multiple months,Construction of 2-laning with Hard shoulder of Ukhrul Tolloi - Tadubi section of,618387.0,Ministry of Road Transport & Highways,Roads & Highways,Manipur,51.3
PF_GAP,WARNING,Physical-Financial gap of 22.0%,Widening/Improvement to 2-lane with earthen shoulder of Yaingangpokpi - Finch,618302.0,Ministry of Road Transport & Highways,Roads & Highways,Manipur,53.9
TIME_OVERRUN,CRITICAL,Delayed by 50 months,Widening/Improvement to 2-lane with earthen shoulder of Yaingangpokpi - Finch,618302.0,Ministry of Road Transport & Highways,Roads & Highways,Manipur,53.9
MULTI_MONTH_STAGNATION,CRITICAL,No progress improvement over multiple months,Widening/Improvement to 2-lane with earthen shoulder of Yaingangpokpi - Finch,618302.0,Ministry of Road Transport & Highways,Roads & Highways,Manipur,53.9
MULTI_MONTH_STAGNATION,CRITICAL,No progress improvement over multiple months,Widening/Improvement of existing 2-lane to 4-Lane Divided Highway from,618301.0,Ministry of Road Transport & Highways,Roads & Highways,Manipur,43.8
TIME_OVERRUN,CRITICAL,Delayed by 52 months,Improvement/Up-gradation of existing 2-Lane Road to 4-Lane Divided Highway,618300.0,Ministry of Road Transport & Highways,Roads & Highways,Manipur,50.7
MULTI_MONTH_STAGNATION,CRITICAL,No progress improvement over multiple months,Improvement/Up-gradation of existing 2-Lane Road to 4-Lane Divided Highway,618300.0,Ministry of Road Transport & Highways,Roads & Highways,Manipur,50.7
MULTI_MONTH_STAGNATION,CRITICAL,No progress improvement over multiple months,Improvement/Up-gradation of existing 2-Lane Road to 4-Lane Divided Highway,618299.0,Ministry of Road Transport & Highways,Roads & Highways,Manipur,38.9
PF_GAP,WARNING,Physical-Financial gap of -33.9%,Widening/Improvement of existing 2-Lane road to 4-Lane Divided Highway from,618298.0,Ministry of Road Transport & Highways,Roads & Highways,Manipur,46.6
TIME_OVERRUN,CRITICAL,Delayed by 43 months,Widening/Improvement of existing 2-Lane road to 4-Lane Divided Highway from,618298.0,Ministry of Road Transport & Highways,Roads & Highways,Manipur,46.6
TIME_OVERRUN,WARNING,Delayed by 31 months,Construction of 2 -Lane with paved shoulders road from Tamenglong to Mahur,618358.0,Ministry of Road Transport & Highways,Roads & Highways,Manipur,51.9
MULTI_MONTH_STAGNATION,CRITICAL,No progress improvement over multiple months,Construction of 2 -Lane with paved shoulders road from Tamenglong to Mahur,618358.0,Ministry of Road Transport & Highways,Roads & Highways,Manipur,51.9
TIME_OVERRUN,WARNING,Delayed by 32 months,Construction of 2 -Lane with paved shoulders road from Tamenglong to Mahur,618357.0,Ministry of Road Transport & Highways,Roads & Highways,Manipur,53.5
MULTI_MONTH_STAGNATION,CRITICAL,No progress improvement over multiple months,Construction of 2 -Lane with paved shoulders road from Tamenglong to Mahur,618357.0,Ministry of Road Transport & Highways,Roads & Highways,Manipur,53.5
TIME_OVERRUN,CRITICAL,Delayed by 40 months,Construction of 2 -Lane with paved shoulders road from Tamenglong to Mahur in,618356.0,Ministry of Road Transport & Highways,Roads & Highways,Manipur,50.8
MULTI_MONTH_STAGNATION,CRITICAL,No progress improvement over multiple months,Construction of 2 -Lane with paved shoulders road from Tamenglong to Mahur in,618356.0,Ministry of Road Transport & Highways,Roads & Highways,Manipur,50.8
TIME_OVERRUN,WARNING,Delayed by 36 months,Construction of of 2 -Lane with paved shoulders road from Tamenglong-Tousem-,618355.0,Ministry of Road Transport & Highways,Roads & Highways,Manipur,52.6
MULTI_MONTH_STAGNATION,CRITICAL,No progress improvement over multiple months,Construction of of 2 -Lane with paved shoulders road from Tamenglong-Tousem-,618355.0,Ministry of Road Transport & Highways,Roads & Highways,Manipur,52.6
PROGRESS_STAGNATION,CRITICAL,Only 26% progress with 108% time elapsed,Balance work of Widening to 2 Two lane with hard shoulder of Churachandpur to,618349.0,Ministry of Road Transport & Highways,Roads & Highways,Manipur,24.0
PF_GAP,WARNING,Physical-Financial gap of -29.1%,Balance work of Widening to 2 Two lane with hard shoulder of Churachandpur to,618349.0,Ministry of Road Transport & Highways,Roads & Highways,Manipur,24.0
PROGRESS_STAGNATION,CRITICAL,Only 9% progress with 83% time elapsed,Balance work of Widening to 2 Two lane with hard shoulder of Churachandpur to,618348.0,Ministry of Road Transport & Highways,Roads & Highways,Manipur,26.2
PF_GAP,WARNING,Physical-Financial gap of -45.9%,Balance work of Widening to 2 Two lane with hard shoulder of Churachandpur to,618348.0,Ministry of Road Transport & Highways,Roads & Highways,Manipur,26.2
PF_GAP,WARNING,Physical-Financial gap of 31.7%,Widening to 2-lane with Hard shoulder of Churachandpur to Tuivai Section of NH-,618347.0,Ministry of Road Transport & Highways,Roads & Highways,Manipur,48.8
TIME_OVERRUN,CRITICAL,Delayed by 50 months,Widening to 2-lane with Hard shoulder of Churachandpur to Tuivai Section of NH-,618347.0,Ministry of Road Transport & Highways,Roads & Highways,Manipur,48.8
PF_GAP,WARNING,Physical-Financial gap of 33.3%,Widening to 2-lane with Hard shoulder of Churachandpur to Tuivai Section of NH-,618346.0,Ministry of Road Transport & Highways,Roads & Highways,Manipur,49.3
TIME_OVERRUN,CRITICAL,Delayed by 50 months,Widening to 2-lane with Hard shoulder of Churachandpur to Tuivai Section of NH-,618346.0,Ministry of Road Transport & Highways,Roads & Highways,Manipur,49.3
PF_GAP,WARNING,Physical-Financial gap of 34.0%,Widening to 2-lane with Hard shoulder of Churachandpur to Tuivai Section from,618345.0,Ministry of Road Transport & Highways,Roads & Highways,Manipur,50.4
TIME_OVERRUN,CRITICAL,Delayed by 48 months,Widening to 2-lane with Hard shoulder of Churachandpur to Tuivai Section from,618345.0,Ministry of Road Transport & Highways,Roads & Highways,Manipur,50.4
TIME_OVERRUN,CRITICAL,Delayed by 40 months,Widening to 2-lane with Hard shoulder of Churachandpur to Tuivai Section of NH-,618344.0,Ministry of Road Transport & Highways,Roads & Highways,Manipur,39.5
PF_GAP,WARNING,Physical-Financial gap of -40.8%,Widening to 2 -Lane with Paved shoulder of Imphal to Jiribam section of NH-37,618337.0,Ministry of Road Transport & Highways,Roads & Highways,Manipur,49.4
TIME_OVERRUN,WARNING,Delayed by 36 months,Widening to 2 -Lane with Paved shoulder of Imphal to Jiribam section of NH-37,618337.0,Ministry of Road Transport & Highways,Roads & Highways,Manipur,49.4
TIME_OVERRUN,WARNING,Delayed by 36 months,Widening to 2 -Lane with Paved shoulder of Imphal to Jiribam section of NH-37,618336.0,Ministry of Road Transport & Highways,Roads & Highways,Manipur,45.0
TIME_OVERRUN,WARNING,Delayed by 31 months,Widening to 2 Lane with Paved shoulder of lmphal to Jiribam section of NH-37,618335.0,Ministry of Road Transport & Highways,Roads & Highways,Manipur,46.7
MULTI_MONTH_STAGNATION,CRITICAL,No progress improvement over multiple months,Widening to 2 Lane with Paved shoulder of lmphal to Jiribam section of NH-37,618335.0,Ministry of Road Transport & Highways,Roads & Highways,Manipur,46.7
PF_GAP,WARNING,Physical-Financial gap of 30.6%,Widening to 2 Lane with Paved shoulder of lmphal to Jiribam section of NH-37,618334.0,Ministry of Road Transport & Highways,Roads & Highways,Manipur,52.5
TIME_OVERRUN,WARNING,Delayed by 22 months,Widening to 2 Lane with Paved shoulder of lmphal to Jiribam section of NH-37,618334.0,Ministry of Road Transport & Highways,Roads & Highways,Manipur,52.5
MULTI_MONTH_STAGNATION,CRITICAL,No progress improvement over multiple months,Widening to 2 Lane with Paved shoulder of lmphal to Jiribam section of NH-37,618334.0,Ministry of Road Transport & Highways,Roads & Highways,Manipur,52.5
PF_GAP,WARNING,Physical-Financial gap of 36.2%,Widening to 2 lane with Paved shoulder of lmphal to Jiribam section of NH-37,618333.0,Ministry of Road Transport & Highways,Roads & Highways,Manipur,44.2
EXPENDITURE_LAG,CRITICAL,Only 0% budget spent but 75% time elapsed,Improvement/Widening of New NH-217 Dainadubi-Darugiri section to Two lane,618295.0,Ministry of Road Transport & Highways,Roads & Highways,Meghalaya,31.3
PF_GAP,WARNING,Physical-Financial gap of 46.4%,Improvement/Widening of New NH-217 Dainadubi-Darugiri section to Two lane,618295.0,Ministry of Road Transport & Highways,Roads & Highways,Meghalaya,31.3
EXPENDITURE_LAG,CRITICAL,Only 10% budget spent but 121% time elapsed,Improvement/Widening to 2-Lane with Paved Shoulder from design Km 45.760 to,618375.0,Ministry of Road Transport & Highways,Roads & Highways,Meghalaya,52.9
PF_GAP,WARNING,Physical-Financial gap of 43.9%,Improvement/Widening to 2-Lane with Paved Shoulder from design Km 45.760 to,618375.0,Ministry of Road Transport & Highways,Roads & Highways,Meghalaya,52.9
EXPENDITURE_LAG,CRITICAL,Only 0% budget spent but 103% time elapsed,Improvement/Widening to 2-Lane with Paved Shoulder between Shillong-Dawki,618376.0,Ministry of Road Transport & Highways,Roads & Highways,Meghalaya,38.6
PF_GAP,WARNING,Physical-Financial gap of 53.2%,Improvement/Widening to 2-Lane with Paved Shoulder between Shillong-Dawki,618376.0,Ministry of Road Transport & Highways,Roads & Highways,Meghalaya,38.6
PF_GAP,WARNING,Physical-Financial gap of 30.8%,Improvement/Widening to 2-L with Paved Shoulder/4-L from Km 81740 to Km,618377.0,Ministry of Road Transport & Highways,Roads & Highways,Meghalaya,41.0
TIME_OVERRUN,WARNING,Delayed by 31 months,Rehabilitation and up gradation of Nongstoin-Rambrai-Kyrshai road up to,618418.0,Ministry of Road Transport & Highways,Roads & Highways,Meghalaya,38.1
PF_GAP,WARNING,Physical-Financial gap of 21.2%,Construction of 2-Lane with paved shoulder of Shillong Western Bypass starting,618421.0,Ministry of Road Transport & Highways,Roads & Highways,Meghalaya,15.6
PF_GAP,WARNING,Physical-Financial gap of 37.6%,Rehabilitation and Up-gradation of Nongstoin Wahkaji section of Project Road,617885.0,Ministry of Road Transport & Highways,Roads & Highways,Meghalaya,58.6
TIME_OVERRUN,WARNING,Delayed by 36 months,Rehabilitation and Up-gradation of Nongstoin Wahkaji section of Project Road,617885.0,Ministry of Road Transport & Highways,Roads & Highways,Meghalaya,58.6
MULTI_MONTH_STAGNATION,CRITICAL,No progress improvement over multiple months,Rehabilitation and Up-gradation of Nongstoin Wahkaji section of Project Road,617885.0,Ministry of Road Transport & Highways,Roads & Highways,Meghalaya,58.6
TIME_OVERRUN,WARNING,Delayed by 14 months,Up-gradation to 2 lane with paved shoutders of Pawlrang - Rulchawm section- of,619010.0,Ministry of Road Transport & Highways,Roads & Highways,Mizoram,37.8
EXPENDITURE_LAG,CRITICAL,Only 6% budget spent but 88% time elapsed,2-laning of Zorinpui - Longmasu section of NH-502A from km 0.000 to km 28.244,618452.0,Ministry of Road Transport & Highways,Roads & Highways,Mizoram,53.1
PROGRESS_STAGNATION,CRITICAL,Only 5% progress with 88% time elapsed,2-laning of Zorinpui - Longmasu section of NH-502A from km 0.000 to km 28.244,618452.0,Ministry of Road Transport & Highways,Roads & Highways,Mizoram,53.1
MULTI_MONTH_STAGNATION,CRITICAL,No progress improvement over multiple months,2-laning of Zorinpui - Longmasu section of NH-502A from km 0.000 to km 28.244,618452.0,Ministry of Road Transport & Highways,Roads & Highways,Mizoram,53.1
MULTI_MONTH_STAGNATION,CRITICAL,No progress improvement over multiple months,Construction of 2-lane Aizawl Bypass from km 15.200 to km 34.500 Package-3,618324.0,Ministry of Road Transport & Highways,Roads & Highways,Mizoram,16.1
MULTI_MONTH_STAGNATION,CRITICAL,No progress improvement over multiple months,Construction of Twin Tube Uni-directional Aizawl Bypass Tunnel of 2.5 km and its,618323.0,Ministry of Road Transport & Highways,Roads & Highways,Mizoram,23.1
MULTI_MONTH_STAGNATION,CRITICAL,No progress improvement over multiple months,Construction of 4-Laning of West Serawlg-Sairang section of NH-6 from Existing,618321.0,Ministry of Road Transport & Highways,Roads & Highways,Mizoram,13.6
MULTI_MONTH_STAGNATION,CRITICAL,No progress improvement over multiple months,Construction of 4-Laning of N. Kawnpui N. Mualvum Mualkhang via Khamrang,618320.0,Ministry of Road Transport & Highways,Roads & Highways,Mizoram,13.2
EXPENDITURE_LAG,CRITICAL,Only 32% budget spent but 78% time elapsed,4-Laning of Sethawn - N. Kawnpui section Package-6 of NH-6 from Existing,618319.0,Ministry of Road Transport & Highways,Roads & Highways,Mizoram,33.2
PF_GAP,WARNING,Physical-Financial gap of -25.1%,4-Laning of Sethawn - N. Kawnpui section Package-6 of NH-6 from Existing,618319.0,Ministry of Road Transport & Highways,Roads & Highways,Mizoram,33.2
MULTI_MONTH_STAGNATION,CRITICAL,No progress improvement over multiple months,4-Laning of Sethawn - N. Kawnpui section Package-6 of NH-6 from Existing,618319.0,Ministry of Road Transport & Highways,Roads & Highways,Mizoram,33.2
PF_GAP,WARNING,Physical-Financial gap of -24.2%,4-Laning of Kolasib - Sethawn section Package-5 of NH-6 from Existing,618318.0,Ministry of Road Transport & Highways,Roads & Highways,Mizoram,28.6
MULTI_MONTH_STAGNATION,CRITICAL,No progress improvement over multiple months,4-Laning of Kolasib - Sethawn section Package-5 of NH-6 from Existing,618318.0,Ministry of Road Transport & Highways,Roads & Highways,Mizoram,28.6
EXPENDITURE_LAG,CRITICAL,Only 40% budget spent but 78% time elapsed,4-Laning of chhimluang-Kolasib from section pkg-4 of NH-306 & NH-6 existing,618317.0,Ministry of Road Transport & Highways,Roads & Highways,Mizoram,29.6
PF_GAP,WARNING,Physical-Financial gap of -22.7%,4-Laning of chhimluang-Kolasib from section pkg-4 of NH-306 & NH-6 existing,618317.0,Ministry of Road Transport & Highways,Roads & Highways,Mizoram,29.6
MULTI_MONTH_STAGNATION,CRITICAL,No progress improvement over multiple months,4-Laning of chhimluang-Kolasib from section pkg-4 of NH-306 & NH-6 existing,618317.0,Ministry of Road Transport & Highways,Roads & Highways,Mizoram,29.6
TIME_OVERRUN,WARNING,Delayed by 33 months,Widening and up-gradation to 2-lane with paved shoulder configuration and,618383.0,Ministry of Road Transport & Highways,Roads & Highways,Mizoram,46.4
MULTI_MONTH_STAGNATION,CRITICAL,No progress improvement over multiple months,Widening and up-gradation to 2-lane with paved shoulder configuration and,618383.0,Ministry of Road Transport & Highways,Roads & Highways,Mizoram,46.4
PF_GAP,WARNING,Physical-Financial gap of 36.9%,Widening and Up-gradation to 2- Lane with Paved Shoulder Configuration and,618380.0,Ministry of Road Transport & Highways,Roads & Highways,Mizoram,47.2
TIME_OVERRUN,CRITICAL,Delayed by 38 months,Widening and Up-gradation to 2- Lane with Paved Shoulder Configuration and,618380.0,Ministry of Road Transport & Highways,Roads & Highways,Mizoram,47.2
PF_GAP,WARNING,Physical-Financial gap of -30.6%,4-Laning of Vairengte - Chhimluang section Package-3 of NH-306 from Existing,618316.0,Ministry of Road Transport & Highways,Roads & Highways,Mizoram,29.9
MULTI_MONTH_STAGNATION,CRITICAL,No progress improvement over multiple months,4-Laning of Vairengte - Chhimluang section Package-3 of NH-306 from Existing,618316.0,Ministry of Road Transport & Highways,Roads & Highways,Mizoram,29.9
TIME_OVERRUN,CRITICAL,Delayed by 47 months,Construction of 2-laning with hard shoulder of Lunglei to Chhumkhum from,618362.0,Ministry of Road Transport & Highways,Roads & Highways,Mizoram,52.7
MULTI_MONTH_STAGNATION,CRITICAL,No progress improvement over multiple months,Construction of 2-laning with hard shoulder of Lunglei to Chhumkhum from,618362.0,Ministry of Road Transport & Highways,Roads & Highways,Mizoram,52.7
TIME_OVERRUN,CRITICAL,Delayed by 47 months,Construction of 2-laning with hard shoulder configuration of Chhumkhum to,618363.0,Ministry of Road Transport & Highways,Roads & Highways,Mizoram,52.2
MULTI_MONTH_STAGNATION,CRITICAL,No progress improvement over multiple months,Construction of 2-laning with hard shoulder configuration of Chhumkhum to,618363.0,Ministry of Road Transport & Highways,Roads & Highways,Mizoram,52.2
EXPENDITURE_LAG,CRITICAL,Only 17% budget spent but 198% time elapsed,Widening and Up-gradation to 2- Lane with Paved Shoulder Configuration and,618379.0,Ministry of Road Transport & Highways,Roads & Highways,Mizoram,54.3
PF_GAP,WARNING,Physical-Financial gap of 78.7%,Widening and Up-gradation to 2- Lane with Paved Shoulder Configuration and,618379.0,Ministry of Road Transport & Highways,Roads & Highways,Mizoram,54.3
TIME_OVERRUN,CRITICAL,Delayed by 38 months,Widening and Up-gradation to 2- Lane with Paved Shoulder Configuration and,618379.0,Ministry of Road Transport & Highways,Roads & Highways,Mizoram,54.3
PF_GAP,WARNING,Physical-Financial gap of 39.5%,Widening/Improvement to 4-Lane with Paved Shoulder from km 55000 Nagabang,618359.0,Ministry of Road Transport & Highways,Roads & Highways,"Multi-States (Arunachal
Pradesh, Assam)",23.1
MULTI_MONTH_STAGNATION,CRITICAL,No progress improvement over multiple months,Widening/Improvement to 4-Lane with Paved Shoulder from km 55000 Nagabang,618359.0,Ministry of Road Transport & Highways,Roads & Highways,"Multi-States (Arunachal
Pradesh, Assam)",23.1
EXPENDITURE_LAG,CRITICAL,Only 0% budget spent but 113% time elapsed,Widening of existing Single lane / Intermediate lane road to 2 lane from Km 101,617886.0,Ministry of Road Transport & Highways,Roads & Highways,Nagaland,60.6
PF_GAP,WARNING,Physical-Financial gap of 44.5%,Widening of existing Single lane / Intermediate lane road to 2 lane from Km 101,617886.0,Ministry of Road Transport & Highways,Roads & Highways,Nagaland,60.6
ELEVATED_RISK_ML,WARNING,ML risk score: 61/100,Widening of existing Single lane / Intermediate lane road to 2 lane from Km 101,617886.0,Ministry of Road Transport & Highways,Roads & Highways,Nagaland,60.6
MULTI_MONTH_STAGNATION,CRITICAL,No progress improvement over multiple months,Widening of existing Single lane / Intermediate lane road to 2 lane from Km 101,617886.0,Ministry of Road Transport & Highways,Roads & Highways,Nagaland,60.6
COST_ESCALATION,WARNING,Cost escalated by 41.2% from original,4-Laning of Balance work of Dimapur-Kohima Road from design km 152.490 to,618328.0,Ministry of Road Transport & Highways,Roads & Highways,Nagaland,67.8
ELEVATED_RISK_ML,WARNING,ML risk score: 68/100,4-Laning of Balance work of Dimapur-Kohima Road from design km 152.490 to,618328.0,Ministry of Road Transport & Highways,Roads & Highways,Nagaland,67.8
PF_GAP,WARNING,Physical-Financial gap of 47.8%,Widening to Existing single lane /intermediate lane to 2 lane from Km185.00 to,618072.0,Ministry of Road Transport & Highways,Roads & Highways,Nagaland,58.7
TIME_OVERRUN,WARNING,Delayed by 20 months,Widening to Existing single lane /intermediate lane to 2 lane from Km185.00 to,618072.0,Ministry of Road Transport & Highways,Roads & Highways,Nagaland,58.7
MULTI_MONTH_STAGNATION,CRITICAL,No progress improvement over multiple months,Widening to Existing single lane /intermediate lane to 2 lane from Km185.00 to,618072.0,Ministry of Road Transport & Highways,Roads & Highways,Nagaland,58.7
EXPENDITURE_LAG,CRITICAL,Only 0% budget spent but 123% time elapsed,Widening to 2 Lane with Hard shoulder of Akegwo-Avangkhu section of NH-202K,618364.0,Ministry of Road Transport & Highways,Roads & Highways,Nagaland,40.5
PF_GAP,WARNING,Physical-Financial gap of 87.0%,Widening to 2 Lane with Hard shoulder of Akegwo-Avangkhu section of NH-202K,618364.0,Ministry of Road Transport & Highways,Roads & Highways,Nagaland,40.5
MULTI_MONTH_STAGNATION,CRITICAL,No progress improvement over multiple months,Widening to 2 Lane with Hard shoulder of Akegwo-Avangkhu section of NH-202K,618364.0,Ministry of Road Transport & Highways,Roads & Highways,Nagaland,40.5
EXPENDITURE_LAG,CRITICAL,Only 0% budget spent but 123% time elapsed,Widening to 2 Lane with Hard shoulder of Akegwo-Avangkhu section of NH-202K,618365.0,Ministry of Road Transport & Highways,Roads & Highways,Nagaland,40.4
PF_GAP,WARNING,Physical-Financial gap of 85.7%,Widening to 2 Lane with Hard shoulder of Akegwo-Avangkhu section of NH-202K,618365.0,Ministry of Road Transport & Highways,Roads & Highways,Nagaland,40.4
MULTI_MONTH_STAGNATION,CRITICAL,No progress improvement over multiple months,Widening to 2 Lane with Hard shoulder of Akegwo-Avangkhu section of NH-202K,618365.0,Ministry of Road Transport & Highways,Roads & Highways,Nagaland,40.4
TIME_OVERRUN,CRITICAL,Delayed by 56 months,Construction of 2-lane with Paved shoulder of Kohima- Bypass Road Connecting,618290.0,Ministry of Road Transport & Highways,Roads & Highways,Nagaland,44.3
COST_ESCALATION,CRITICAL,Cost escalated by 114.1% from original,Construction of 2-lane with Paved shoulder of Kohima-Bypass Road connecting,618291.0,Ministry of Road Transport & Highways,Roads & Highways,Nagaland,83.6
EXPENDITURE_LAG,CRITICAL,Only 37% budget spent but 163% time elapsed,Construction of 2-lane with Paved shoulder of Kohima-Bypass Road connecting,618291.0,Ministry of Road Transport & Highways,Roads & Highways,Nagaland,83.6
PF_GAP,WARNING,Physical-Financial gap of -40.7%,Construction of 2-lane with Paved shoulder of Kohima-Bypass Road connecting,618291.0,Ministry of Road Transport & Highways,Roads & Highways,Nagaland,83.6
HIGH_RISK_ML,CRITICAL,ML risk score: 84/100,Construction of 2-lane with Paved shoulder of Kohima-Bypass Road connecting,618291.0,Ministry of Road Transport & Highways,Roads & Highways,Nagaland,83.6
TIME_OVERRUN,WARNING,Delayed by 18 months,Construction of 2-lane with Paved shoulder of Kohima-Bypass Road connecting,618291.0,Ministry of Road Transport & Highways,Roads & Highways,Nagaland,83.6
TIME_OVERRUN,CRITICAL,Delayed by 60 months,Construction of 2-Lane with paved shoulder of Kohima-Bypass Road connecting,618292.0,Ministry of Road Transport & Highways,Roads & Highways,Nagaland,50.0
MULTI_MONTH_STAGNATION,CRITICAL,No progress improvement over multiple months,Construction of 2-Lane with paved shoulder of Kohima-Bypass Road connecting,618292.0,Ministry of Road Transport & Highways,Roads & Highways,Nagaland,50.0
PF_GAP,WARNING,Physical-Financial gap of 33.5%,Construction of 2-Lane with hard shoulders of Merangkong-Tamlu-Mon Road on,619059.0,Ministry of Road Transport & Highways,Roads & Highways,Nagaland,46.5
TIME_OVERRUN,WARNING,Delayed by 15 months,Construction of 2-Lane with hard shoulders of Merangkong-Tamlu-Mon Road on,619059.0,Ministry of Road Transport & Highways,Roads & Highways,Nagaland,46.5
COST_ESCALATION,CRITICAL,Cost escalated by 51.1% from original,Construction of 2-Lane with paved shoulder of Kohima-Bypass Road connecting,618293.0,Ministry of Road Transport & Highways,Roads & Highways,Nagaland,67.8
EXPENDITURE_LAG,CRITICAL,Only 34% budget spent but 94% time elapsed,Construction of 2-Lane with paved shoulder of Kohima-Bypass Road connecting,618293.0,Ministry of Road Transport & Highways,Roads & Highways,Nagaland,67.8
PROGRESS_STAGNATION,CRITICAL,Only 27% progress with 94% time elapsed,Construction of 2-Lane with paved shoulder of Kohima-Bypass Road connecting,618293.0,Ministry of Road Transport & Highways,Roads & Highways,Nagaland,67.8
PF_GAP,WARNING,Physical-Financial gap of -24.8%,Construction of 2-Lane with paved shoulder of Kohima-Bypass Road connecting,618293.0,Ministry of Road Transport & Highways,Roads & Highways,Nagaland,67.8
ELEVATED_RISK_ML,WARNING,ML risk score: 68/100,Construction of 2-Lane with paved shoulder of Kohima-Bypass Road connecting,618293.0,Ministry of Road Transport & Highways,Roads & Highways,Nagaland,67.8
MULTI_MONTH_STAGNATION,CRITICAL,No progress improvement over multiple months,Construction of 2-Lane with paved shoulder of Kohima-Bypass Road connecting,618293.0,Ministry of Road Transport & Highways,Roads & Highways,Nagaland,67.8
EXPENDITURE_LAG,CRITICAL,Only 0% budget spent but 123% time elapsed,Widening to 2 Lane with Hard shoulder of Akegwo-Avangkhu section of NH-202K,618366.0,Ministry of Road Transport & Highways,Roads & Highways,Nagaland,43.3
PF_GAP,WARNING,Physical-Financial gap of 58.5%,Widening to 2 Lane with Hard shoulder of Akegwo-Avangkhu section of NH-202K,618366.0,Ministry of Road Transport & Highways,Roads & Highways,Nagaland,43.3
MULTI_MONTH_STAGNATION,CRITICAL,No progress improvement over multiple months,Widening to 2 Lane with Hard shoulder of Akegwo-Avangkhu section of NH-202K,618366.0,Ministry of Road Transport & Highways,Roads & Highways,Nagaland,43.3
EXPENDITURE_LAG,CRITICAL,Only 0% budget spent but 133% time elapsed,Construction of 2-lane with hard shoulder of Kohima - Jessami road on NH-29,618297.0,Ministry of Road Transport & Highways,Roads & Highways,Nagaland,55.0
PF_GAP,WARNING,Physical-Financial gap of 43.1%,Construction of 2-lane with hard shoulder of Kohima - Jessami road on NH-29,618297.0,Ministry of Road Transport & Highways,Roads & Highways,Nagaland,55.0
PF_GAP,WARNING,Physical-Financial gap of 32.8%,Construction of 2 laning with Hard shoulder of Peren-Dimapur section on NH,618413.0,Ministry of Road Transport & Highways,Roads & Highways,Nagaland,66.9
ELEVATED_RISK_ML,WARNING,ML risk score: 67/100,Construction of 2 laning with Hard shoulder of Peren-Dimapur section on NH,618413.0,Ministry of Road Transport & Highways,Roads & Highways,Nagaland,66.9
TIME_OVERRUN,WARNING,Delayed by 14 months,Construction of 2 laning with Hard shoulder of Peren-Dimapur section on NH,618413.0,Ministry of Road Transport & Highways,Roads & Highways,Nagaland,66.9
PF_GAP,WARNING,Physical-Financial gap of 43.9%,Construction of Balance work for 2-lane with hard shoulder of Peren- Dimapur,618414.0,Ministry of Road Transport & Highways,Roads & Highways,Nagaland,38.3
MULTI_MONTH_STAGNATION,CRITICAL,No progress improvement over multiple months,Construction of Balance work for 2-lane with hard shoulder of Peren- Dimapur,618414.0,Ministry of Road Transport & Highways,Roads & Highways,Nagaland,38.3
PF_GAP,WARNING,Physical-Financial gap of 37.1%,Construction of 2-lane with hard shoulders of Merangkong-Tamlu-Mon road,618422.0,Ministry of Road Transport & Highways,Roads & Highways,Nagaland,51.5
MULTI_MONTH_STAGNATION,CRITICAL,No progress improvement over multiple months,Construction of 2-lane with hard shoulders of Merangkong-Tamlu-Mon road,618422.0,Ministry of Road Transport & Highways,Roads & Highways,Nagaland,51.5
MULTI_MONTH_STAGNATION,CRITICAL,No progress improvement over multiple months,Construction of 2-Lane with hard shoulders of Merangkong-Tamlu-Mon MTM,618423.0,Ministry of Road Transport & Highways,Roads & Highways,Nagaland,46.4
PF_GAP,WARNING,Physical-Financial gap of -21.5%,Rehabilitation & Upgradation of existing road to 2-lane with paved shoulder,618450.0,Ministry of Road Transport & Highways,Roads & Highways,Sikkim,54.4
TIME_OVERRUN,CRITICAL,Delayed by 55 months,Rehabilitation & Upgradation of existing road to 2-lane with paved shoulder,618450.0,Ministry of Road Transport & Highways,Roads & Highways,Sikkim,54.4
MULTI_MONTH_STAGNATION,CRITICAL,No progress improvement over multiple months,Rehabilitation & Upgradation of existing road to 2-lane with paved shoulder,618450.0,Ministry of Road Transport & Highways,Roads & Highways,Sikkim,54.4
PF_GAP,WARNING,Physical-Financial gap of -22.2%,Construction & Upgradation of existing road to 2-lane with paved shoulder from,618449.0,Ministry of Road Transport & Highways,Roads & Highways,Sikkim,65.4
ELEVATED_RISK_ML,WARNING,ML risk score: 65/100,Construction & Upgradation of existing road to 2-lane with paved shoulder from,618449.0,Ministry of Road Transport & Highways,Roads & Highways,Sikkim,65.4
TIME_OVERRUN,CRITICAL,Delayed by 41 months,Construction & Upgradation of existing road to 2-lane with paved shoulder from,618449.0,Ministry of Road Transport & Highways,Roads & Highways,Sikkim,65.4
TIME_OVERRUN,CRITICAL,Delayed by 41 months,Construction of 2-Laning with Paved Shoulder of New Greenfield Alignment From,618448.0,Ministry of Road Transport & Highways,Roads & Highways,Sikkim,49.4
MULTI_MONTH_STAGNATION,CRITICAL,No progress improvement over multiple months,Construction of 2-Laning with Paved Shoulder of New Greenfield Alignment From,618448.0,Ministry of Road Transport & Highways,Roads & Highways,Sikkim,49.4
PF_GAP,WARNING,Physical-Financial gap of 23.8%,Construction of 2-Laning with Paved Shoulder of New Greenfield Alignment From,618447.0,Ministry of Road Transport & Highways,Roads & Highways,Sikkim,51.7
TIME_OVERRUN,CRITICAL,Delayed by 39 months,Construction of 2-Laning with Paved Shoulder of New Greenfield Alignment From,618447.0,Ministry of Road Transport & Highways,Roads & Highways,Sikkim,51.7
MULTI_MONTH_STAGNATION,CRITICAL,No progress improvement over multiple months,Construction of 2-Laning with Paved Shoulder of New Greenfield Alignment From,618447.0,Ministry of Road Transport & Highways,Roads & Highways,Sikkim,51.7
TIME_OVERRUN,WARNING,Delayed by 28 months,Construction & Upgradation of existing road to 2-lane with paved shoulder from,618446.0,Ministry of Road Transport & Highways,Roads & Highways,Sikkim,36.4
PF_GAP,WARNING,Physical-Financial gap of 39.2%,Construction of two lane with paved shoulder Gangtok Bypass Road from,618071.0,Ministry of Road Transport & Highways,Roads & Highways,Sikkim,48.8
TIME_OVERRUN,WARNING,Delayed by 31 months,Construction of two lane with paved shoulder Gangtok Bypass Road from,618071.0,Ministry of Road Transport & Highways,Roads & Highways,Sikkim,48.8
COST_ESCALATION,WARNING,Cost escalated by 43.8% from original,Realignment of NH-717A from Design Ch.0.00 Km 77.800 of NH-10 to Design,618428.0,Ministry of Road Transport & Highways,Roads & Highways,Sikkim,83.9
EXPENDITURE_LAG,CRITICAL,Only 19% budget spent but 271% time elapsed,Realignment of NH-717A from Design Ch.0.00 Km 77.800 of NH-10 to Design,618428.0,Ministry of Road Transport & Highways,Roads & Highways,Sikkim,83.9
PF_GAP,WARNING,Physical-Financial gap of 73.3%,Realignment of NH-717A from Design Ch.0.00 Km 77.800 of NH-10 to Design,618428.0,Ministry of Road Transport & Highways,Roads & Highways,Sikkim,83.9
HIGH_RISK_ML,CRITICAL,ML risk score: 84/100,Realignment of NH-717A from Design Ch.0.00 Km 77.800 of NH-10 to Design,618428.0,Ministry of Road Transport & Highways,Roads & Highways,Sikkim,83.9
TIME_OVERRUN,CRITICAL,Delayed by 37 months,Realignment of NH-717A from Design Ch.0.00 Km 77.800 of NH-10 to Design,618428.0,Ministry of Road Transport & Highways,Roads & Highways,Sikkim,83.9
COST_ESCALATION,WARNING,Cost escalated by 43.8% from original,Construction/Up gradation of Existing road to 2 Lane with Paved Shoulder,618426.0,Ministry of Road Transport & Highways,Roads & Highways,Sikkim,81.2
EXPENDITURE_LAG,CRITICAL,Only 33% budget spent but 245% time elapsed,Construction/Up gradation of Existing road to 2 Lane with Paved Shoulder,618426.0,Ministry of Road Transport & Highways,Roads & Highways,Sikkim,81.2
PF_GAP,WARNING,Physical-Financial gap of 38.9%,Construction/Up gradation of Existing road to 2 Lane with Paved Shoulder,618426.0,Ministry of Road Transport & Highways,Roads & Highways,Sikkim,81.2
HIGH_RISK_ML,CRITICAL,ML risk score: 81/100,Construction/Up gradation of Existing road to 2 Lane with Paved Shoulder,618426.0,Ministry of Road Transport & Highways,Roads & Highways,Sikkim,81.2
TIME_OVERRUN,WARNING,Delayed by 29 months,Construction/Up gradation of Existing road to 2 Lane with Paved Shoulder,618426.0,Ministry of Road Transport & Highways,Roads & Highways,Sikkim,81.2
EXPENDITURE_LAG,CRITICAL,Only 14% budget spent but 88% time elapsed,Improvement and Widening to 2-lane with paved shoulder of road from design,618367.0,Ministry of Road Transport & Highways,Roads & Highways,Tripura,52.7
PROGRESS_STAGNATION,CRITICAL,Only 10% progress with 88% time elapsed,Improvement and Widening to 2-lane with paved shoulder of road from design,618367.0,Ministry of Road Transport & Highways,Roads & Highways,Tripura,52.7
MULTI_MONTH_STAGNATION,CRITICAL,No progress improvement over multiple months,Improvement and Widening to 2-lane with paved shoulder of road from design,618367.0,Ministry of Road Transport & Highways,Roads & Highways,Tripura,52.7
EXPENDITURE_LAG,CRITICAL,Only 27% budget spent but 100% time elapsed,Improvement and Widening to 2-lane with paved shoulder of road from design,618368.0,Ministry of Road Transport & Highways,Roads & Highways,Tripura,52.3
PROGRESS_STAGNATION,CRITICAL,Only 15% progress with 100% time elapsed,Improvement and Widening to 2-lane with paved shoulder of road from design,618368.0,Ministry of Road Transport & Highways,Roads & Highways,Tripura,52.3
MULTI_MONTH_STAGNATION,CRITICAL,No progress improvement over multiple months,Improvement and Widening to 2-lane with paved shoulder of road from design,618368.0,Ministry of Road Transport & Highways,Roads & Highways,Tripura,52.3
EXPENDITURE_LAG,CRITICAL,Only 38% budget spent but 134% time elapsed,Rehabilitation and up-gradation of road from design km 25.250 to km 36.460,618385.0,Ministry of Road Transport & Highways,Roads & Highways,Tripura,23.1
PF_GAP,WARNING,Physical-Financial gap of 23.7%,Melaghar-Srimantapur section on NH-08 Spur from Km 23 to Km 34.500 11.5 Km,618411.0,Ministry of Road Transport & Highways,Roads & Highways,Tripura,47.3
TIME_OVERRUN,WARNING,Delayed by 23 months,Melaghar-Srimantapur section on NH-08 Spur from Km 23 to Km 34.500 11.5 Km,618411.0,Ministry of Road Transport & Highways,Roads & Highways,Tripura,47.3
EXPENDITURE_LAG,CRITICAL,Only 23% budget spent but 83% time elapsed,"Construction of 4-Lane with paved shoulder Agartala bypass Western side, length",618417.0,Ministry of Road Transport & Highways,Roads & Highways,Tripura,33.6
PROGRESS_STAGNATION,CRITICAL,Only 9% progress with 83% time elapsed,"Construction of 4-Lane with paved shoulder Agartala bypass Western side, length",618417.0,Ministry of Road Transport & Highways,Roads & Highways,Tripura,33.6
MULTI_MONTH_STAGNATION,CRITICAL,No progress improvement over multiple months,"Construction of 4-Lane with paved shoulder Agartala bypass Western side, length",618417.0,Ministry of Road Transport & Highways,Roads & Highways,Tripura,33.6
MULTI_MONTH_STAGNATION,CRITICAL,No progress improvement over multiple months,Rehabilitation and up-gradation of road from km 16.077 to km 43.935 total length,618307.0,Ministry of Road Transport & Highways,Roads & Highways,Tripura,51.7
PF_GAP,WARNING,Physical-Financial gap of 82.6%,Provision of 4G based Mobile Services in Uncovered Villages and National,701598.0,Department of Telecommunications,Telecommunication,Meghalaya,60.0
ELEVATED_RISK_ML,WARNING,ML risk score: 60/100,Provision of 4G based Mobile Services in Uncovered Villages and National,701598.0,Department of Telecommunications,Telecommunication,Meghalaya,60.0
TIME_OVERRUN,CRITICAL,Delayed by 51 months,Provision of 4G based Mobile Services in Uncovered Villages and National,701598.0,Department of Telecommunications,Telecommunication,Meghalaya,60.0
MULTI_MONTH_STAGNATION,CRITICAL,No progress improvement over multiple months,Provision of 4G based Mobile Services in Uncovered Villages and National,701598.0,Department of Telecommunications,Telecommunication,Meghalaya,60.0
PF_GAP,WARNING,Physical-Financial gap of 80.9%,Provision of 4G Mobile Services in Uncovered Villages of Arunachal Pradesh and,701597.0,Department of Telecommunications,Telecommunication,"Multi-States (Arunachal
Pradesh, Assam)",60.3
ELEVATED_RISK_ML,WARNING,ML risk score: 60/100,Provision of 4G Mobile Services in Uncovered Villages of Arunachal Pradesh and,701597.0,Department of Telecommunications,Telecommunication,"Multi-States (Arunachal
Pradesh, Assam)",60.3
TIME_OVERRUN,CRITICAL,Delayed by 41 months,Provision of 4G Mobile Services in Uncovered Villages of Arunachal Pradesh and,701597.0,Department of Telecommunications,Telecommunication,"Multi-States (Arunachal
Pradesh, Assam)",60.3
MULTI_MONTH_STAGNATION,CRITICAL,No progress improvement over multiple months,Provision of 4G Mobile Services in Uncovered Villages of Arunachal Pradesh and,701597.0,Department of Telecommunications,Telecommunication,"Multi-States (Arunachal
Pradesh, Assam)",60.3
PF_GAP,WARNING,Physical-Financial gap of 54.6%,Saturation 4G mobile coverage of Uncovered Villages through USOF,400013.0,Department of Telecommunications,Telecommunication,"Multi-States (Arunachal
Pradesh, Meghalaya,
Sikkim, Mizoram,
Assam, Nagaland,
Manipur, Tripura)",51.0
TIME_OVERRUN,WARNING,Delayed by 33 months,Saturation 4G mobile coverage of Uncovered Villages through USOF,400013.0,Department of Telecommunications,Telecommunication,"Multi-States (Arunachal
Pradesh, Meghalaya,
Sikkim, Mizoram,
Assam, Nagaland,
Manipur, Tripura)",51.0
PF_GAP,WARNING,Physical-Financial gap of 28.9%,MPLS-IP BASED ACCESS AND AGGREGATION NETWORK [MAAN] IN BSNL,709856.0,Department of Telecommunications,Telecommunication,"Multi-States
(Meghalaya, Manipur,
Assam, Mizoram,
Nagaland, Sikkim,
Arunachal Pradesh,
Tripura)",47.2
TIME_OVERRUN,WARNING,Delayed by 24 months,MPLS-IP BASED ACCESS AND AGGREGATION NETWORK [MAAN] IN BSNL,709856.0,Department of Telecommunications,Telecommunication,"Multi-States
(Meghalaya, Manipur,
Assam, Mizoram,
Nagaland, Sikkim,
Arunachal Pradesh,
Tripura)",47.2
PF_GAP,WARNING,Physical-Financial gap of 20.1%,BharatNet,706775.0,Department of Telecommunications,Telecommunication,"Multi-States (Nagaland,
Mizoram, Tripura,
Sikkim, Manipur,
Meghalaya, Arunachal
Pradesh, Assam)",8.1
EXPENDITURE_LAG,CRITICAL,Only 17% budget spent but 114% time elapsed,Borolia Irrigation Project,701370.0,"Department of Water Resources, River Development & GR",Water Resources,Assam,57.3
PF_GAP,WARNING,Physical-Financial gap of 38.0%,Borolia Irrigation Project,701370.0,"Department of Water Resources, River Development & GR",Water Resources,Assam,57.3
TIME_OVERRUN,CRITICAL,Delayed by 39 months,Borolia Irrigation Project,701370.0,"Department of Water Resources, River Development & GR",Water Resources,Assam,57.3
MULTI_MONTH_STAGNATION,CRITICAL,No progress improvement over multiple months,Borolia Irrigation Project,701370.0,"Department of Water Resources, River Development & GR",Water Resources,Assam,57.3
COST_ESCALATION,WARNING,Cost escalated by 25.7% from original,Thoubal Multipurpose Project,701400.0,"Department of Water Resources, River Development & GR",Water Resources,Manipur,70.0
PF_GAP,WARNING,Physical-Financial gap of -28.5%,Thoubal Multipurpose Project,701400.0,"Department of Water Resources, River Development & GR",Water Resources,Manipur,70.0
ELEVATED_RISK_ML,WARNING,ML risk score: 70/100,Thoubal Multipurpose Project,701400.0,"Department of Water Resources, River Development & GR",Water Resources,Manipur,70.0
TIME_OVERRUN,CRITICAL,Delayed by 84 months,Thoubal Multipurpose Project,701400.0,"Department of Water Resources, River Development & GR",Water Resources,Manipur,70.0
MULTI_MONTH_STAGNATION,CRITICAL,No progress improvement over multiple months,Thoubal Multipurpose Project,701400.0,"Department of Water Resources, River Development & GR",Water Resources,Manipur,70.0
COST_ESCALATION,WARNING,Cost escalated by 34.7% from original,Construction of New Integrated Terminal Building and associated works including,701107.0,Ministry of Civil Aviation,Aviation & Aviation Infrastructure,Andhra Pradesh,70.4
ELEVATED_RISK_ML,WARNING,ML risk score: 70/100,Construction of New Integrated Terminal Building and associated works including,701107.0,Ministry of Civil Aviation,Aviation & Aviation Infrastructure,Andhra Pradesh,70.4
TIME_OVERRUN,CRITICAL,Delayed by 50 months,Construction of New Integrated Terminal Building and associated works including,701107.0,Ministry of Civil Aviation,Aviation & Aviation Infrastructure,Andhra Pradesh,70.4
PF_GAP,WARNING,Physical-Financial gap of 41.4%,Construction of New Domestic Terminal Building at Rajahmundry Airport.,701121.0,Ministry of Civil Aviation,Aviation & Aviation Infrastructure,Andhra Pradesh,45.9
COST_ESCALATION,WARNING,Cost escalated by 47.2% from original,Guwahati Airport New Integrated Terminal Building Construction Project,706724.0,Ministry of Civil Aviation,Aviation & Aviation Infrastructure,Assam,69.5
PF_GAP,WARNING,Physical-Financial gap of -56.5%,Guwahati Airport New Integrated Terminal Building Construction Project,706724.0,Ministry of Civil Aviation,Aviation & Aviation Infrastructure,Assam,69.5
ELEVATED_RISK_ML,WARNING,ML risk score: 70/100,Guwahati Airport New Integrated Terminal Building Construction Project,706724.0,Ministry of Civil Aviation,Aviation & Aviation Infrastructure,Assam,69.5
TIME_OVERRUN,WARNING,Delayed by 15 months,Guwahati Airport New Integrated Terminal Building Construction Project,706724.0,Ministry of Civil Aviation,Aviation & Aviation Infrastructure,Assam,69.5
EXPENDITURE_LAG,CRITICAL,Only 1% budget spent but 74% time elapsed,Development of New Civil Enclave at Bihta,612183.0,Ministry of Civil Aviation,Aviation & Aviation Infrastructure,Bihar,25.5
PF_GAP,WARNING,Physical-Financial gap of 24.3%,Development of New Civil Enclave and associated works at Darbhanga Airport,612194.0,Ministry of Civil Aviation,Aviation & Aviation Infrastructure,Bihar,40.3
EXPENDITURE_LAG,CRITICAL,Only 30% budget spent but 78% time elapsed,Development of Keshod Airport.,619054.0,Ministry of Civil Aviation,Aviation & Aviation Infrastructure,Gujarat,18.0
COST_ESCALATION,WARNING,Cost escalated by 18.9% from original,"Development of Dholera International Greenfield Airport , Gujarat",701126.0,Ministry of Civil Aviation,Aviation & Aviation Infrastructure,Gujarat,52.7
PF_GAP,WARNING,Physical-Financial gap of 35.7%,Construction of New Domestic Terminal Building and Miscellaneous works at Hubli,612787.0,Ministry of Civil Aviation,Aviation & Aviation Infrastructure,Karnataka,42.7
PF_GAP,WARNING,Physical-Financial gap of 22.3%,Construction of New Domestic Terminal Building and Miscellaneous Works at,612788.0,Ministry of Civil Aviation,Aviation & Aviation Infrastructure,Karnataka,36.5
TIME_OVERRUN,WARNING,Delayed by 15 months,Development of additional RESA on either end on Runway 10-28 at Calicut Airport.,612789.0,Ministry of Civil Aviation,Aviation & Aviation Infrastructure,Kerala,42.5
COST_ESCALATION,WARNING,Cost escalated by 33.3% from original,"Construction of Terminal Building & Associated works at Leh Airport, Ladakh",400010.0,Ministry of Civil Aviation,Aviation & Aviation Infrastructure,Ladakh,72.1
ELEVATED_RISK_ML,WARNING,ML risk score: 72/100,"Construction of Terminal Building & Associated works at Leh Airport, Ladakh",400010.0,Ministry of Civil Aviation,Aviation & Aviation Infrastructure,Ladakh,72.1
TIME_OVERRUN,CRITICAL,Delayed by 58 months,"Construction of Terminal Building & Associated works at Leh Airport, Ladakh",400010.0,Ministry of Civil Aviation,Aviation & Aviation Infrastructure,Ladakh,72.1
TIME_OVERRUN,WARNING,Delayed by 29 months,C/o NITB Imphal Airport,706718.0,Ministry of Civil Aviation,Aviation & Aviation Infrastructure,Manipur,44.2
MULTI_MONTH_STAGNATION,CRITICAL,No progress improvement over multiple months,"Development of New Greenfield Airport at Bundi, Kota Rajasthan.",618977.0,Ministry of Civil Aviation,Aviation & Aviation Infrastructure,Rajasthan,42.6
PF_GAP,WARNING,Physical-Financial gap of 27.5%,Construction of New Passenger Terminal Building for Domestic Operations at Jodhpur,701127.0,Ministry of Civil Aviation,Aviation & Aviation Infrastructure,Rajasthan,35.8
EXPENDITURE_LAG,CRITICAL,Only 27% budget spent but 110% time elapsed,Widening of basic strip at Western Side of Runway Chainage 80m to 920m i/c slope,612793.0,Ministry of Civil Aviation,Aviation & Aviation Infrastructure,Sikkim,42.1
EXPENDITURE_LAG,CRITICAL,Only 27% budget spent but 156% time elapsed,"Modernization of Chennai Airport, Phase II, Part 2",611602.0,Ministry of Civil Aviation,Aviation & Aviation Infrastructure,Tamil Nadu,46.6
TIME_OVERRUN,WARNING,Delayed by 17 months,"Modernization of Chennai Airport, Phase II, Part 2",611602.0,Ministry of Civil Aviation,Aviation & Aviation Infrastructure,Tamil Nadu,46.6
EXPENDITURE_LAG,CRITICAL,Only 26% budget spent but 72% time elapsed,"Development of Lal Bahadur Shastri International airport, Varanasi including C/o New",701113.0,Ministry of Civil Aviation,Aviation & Aviation Infrastructure,Uttar Pradesh,17.5
EXPENDITURE_LAG,CRITICAL,Only 39% budget spent but 108% time elapsed,Development of New Integrated Civil Enclave at Agra Airport,701122.0,Ministry of Civil Aviation,Aviation & Aviation Infrastructure,Uttar Pradesh,39.0
EXPENDITURE_LAG,CRITICAL,Only 35% budget spent but 80% time elapsed,Development of New Civil Enclave at Bagdogra Airport,611495.0,Ministry of Civil Aviation,Aviation & Aviation Infrastructure,West Bengal,25.3
PROGRESS_STAGNATION,CRITICAL,Only 28% progress with 80% time elapsed,Development of New Civil Enclave at Bagdogra Airport,611495.0,Ministry of Civil Aviation,Aviation & Aviation Infrastructure,West Bengal,25.3
MULTI_MONTH_STAGNATION,CRITICAL,No progress improvement over multiple months,Development of New Civil Enclave at Bagdogra Airport,611495.0,Ministry of Civil Aviation,Aviation & Aviation Infrastructure,West Bengal,25.3
PF_GAP,WARNING,Physical-Financial gap of 26.7%,"Re-Construction of Rigid portions of Secondary Runway, K and A Taxiway and",612791.0,Ministry of Civil Aviation,Aviation & Aviation Infrastructure,West Bengal,44.4
PF_GAP,WARNING,Physical-Financial gap of -31.5%,TIRAP OCP,615821.0,Ministry of Coal,Coal,Assam,11.8
MULTI_MONTH_STAGNATION,CRITICAL,No progress improvement over multiple months,PORDA CHIMTAPANI OCP [10 MTY],400144.0,Ministry of Coal,Coal,Chhattisgarh,32.1
MULTI_MONTH_STAGNATION,CRITICAL,No progress improvement over multiple months,BAROUD OC EXPANSION [3.0-10.0M,400149.0,Ministry of Coal,Coal,Chhattisgarh,18.8
TIME_OVERRUN,CRITICAL,Delayed by 48 months,GEVRA OC [70 MTY],400424.0,Ministry of Coal,Coal,Chhattisgarh,46.5
MULTI_MONTH_STAGNATION,CRITICAL,No progress improvement over multiple months,GEVRA OC [70 MTY],400424.0,Ministry of Coal,Coal,Chhattisgarh,46.5
EXPENDITURE_LAG,CRITICAL,Only 27% budget spent but 105% time elapsed,AMERA OC RCE [1.0 MTY],613798.0,Ministry of Coal,Coal,Chhattisgarh,30.1
MULTI_MONTH_STAGNATION,CRITICAL,No progress improvement over multiple months,AMERA OC RCE [1.0 MTY],613798.0,Ministry of Coal,Coal,Chhattisgarh,30.1
MULTI_MONTH_STAGNATION,CRITICAL,No progress improvement over multiple months,AMGAON OC RCE [1.0 MTY],613799.0,Ministry of Coal,Coal,Chhattisgarh,22.6
PF_GAP,WARNING,Physical-Financial gap of 32.9%,JAGANNATHPUR OC RCE PROJECT,613800.0,Ministry of Coal,Coal,Chhattisgarh,47.2
TIME_OVERRUN,WARNING,Delayed by 24 months,JAGANNATHPUR OC RCE PROJECT,613800.0,Ministry of Coal,Coal,Chhattisgarh,47.2
MULTI_MONTH_STAGNATION,CRITICAL,No progress improvement over multiple months,JAGANNATHPUR OC RCE PROJECT,613800.0,Ministry of Coal,Coal,Chhattisgarh,47.2
TIME_OVERRUN,WARNING,Delayed by 24 months,MAHAMAYA OCP [1.50 MTY],613801.0,Ministry of Coal,Coal,Chhattisgarh,30.4
MULTI_MONTH_STAGNATION,CRITICAL,No progress improvement over multiple months,MAHAMAYA OCP [1.50 MTY],613801.0,Ministry of Coal,Coal,Chhattisgarh,30.4
MULTI_MONTH_STAGNATION,CRITICAL,No progress improvement over multiple months,KATKONA RO UG MINE,615191.0,Ministry of Coal,Coal,Chhattisgarh,32.5
PF_GAP,WARNING,Physical-Financial gap of 22.8%,PELMA OC MDO,616234.0,Ministry of Coal,Coal,Chhattisgarh,28.6
MULTI_MONTH_STAGNATION,CRITICAL,No progress improvement over multiple months,PELMA OC MDO,616234.0,Ministry of Coal,Coal,Chhattisgarh,28.6
MULTI_MONTH_STAGNATION,CRITICAL,No progress improvement over multiple months,MANIKPUR OC EXPANSION PROJECT,617288.0,Ministry of Coal,Coal,Chhattisgarh,13.3
MULTI_MONTH_STAGNATION,CRITICAL,No progress improvement over multiple months,RPR FOR DURGAPUR OCP 10 MTY,619171.0,Ministry of Coal,Coal,Chhattisgarh,23.0
MULTI_MONTH_STAGNATION,CRITICAL,No progress improvement over multiple months,MADANNAGAR OCP 12 MTY - MDO,619172.0,Ministry of Coal,Coal,Chhattisgarh,23.0
MULTI_MONTH_STAGNATION,CRITICAL,No progress improvement over multiple months,HURA C OCP,400018.0,Ministry of Coal,Coal,Jharkhand,12.9
PF_GAP,WARNING,Physical-Financial gap of 24.8%,KONAR EXPANSION OCP,400073.0,Ministry of Coal,Coal,Jharkhand,21.0
MULTI_MONTH_STAGNATION,CRITICAL,No progress improvement over multiple months,KONAR EXPANSION OCP,400073.0,Ministry of Coal,Coal,Jharkhand,21.0
MULTI_MONTH_STAGNATION,CRITICAL,No progress improvement over multiple months,KARO EXPANSION OCP,400074.0,Ministry of Coal,Coal,Jharkhand,24.3
MULTI_MONTH_STAGNATION,CRITICAL,No progress improvement over multiple months,SANGHMITRA OC,400136.0,Ministry of Coal,Coal,Jharkhand,26.9
PF_GAP,WARNING,Physical-Financial gap of -54.2%,CHANDRAGUPT OCP,400138.0,Ministry of Coal,Coal,Jharkhand,26.5
MULTI_MONTH_STAGNATION,CRITICAL,No progress improvement over multiple months,CHANDRAGUPT OCP,400138.0,Ministry of Coal,Coal,Jharkhand,26.5
PF_GAP,WARNING,Physical-Financial gap of -27.2%,KOTRE BASANTPUR PACHMO OCP,400139.0,Ministry of Coal,Coal,Jharkhand,16.6
MULTI_MONTH_STAGNATION,CRITICAL,No progress improvement over multiple months,KOTRE BASANTPUR PACHMO OCP,400139.0,Ministry of Coal,Coal,Jharkhand,16.6
PF_GAP,WARNING,Physical-Financial gap of 23.1%,Pachwara South Coal Block,400142.0,Ministry of Coal,Coal,Jharkhand,17.2
MULTI_MONTH_STAGNATION,CRITICAL,No progress improvement over multiple months,Pachwara South Coal Block,400142.0,Ministry of Coal,Coal,Jharkhand,17.2
EXPENDITURE_LAG,CRITICAL,Only 33% budget spent but 80% time elapsed,RPR MAGADH EXP OCP,400150.0,Ministry of Coal,Coal,Jharkhand,24.1
MULTI_MONTH_STAGNATION,CRITICAL,No progress improvement over multiple months,RPR MAGADH EXP OCP,400150.0,Ministry of Coal,Coal,Jharkhand,24.1
PF_GAP,WARNING,Physical-Financial gap of -25.4%,NORTH URIMARI EXPANSION OCP,400151.0,Ministry of Coal,Coal,Jharkhand,14.8
MULTI_MONTH_STAGNATION,CRITICAL,No progress improvement over multiple months,NORTH URIMARI EXPANSION OCP,400151.0,Ministry of Coal,Coal,Jharkhand,14.8
EXPENDITURE_LAG,CRITICAL,Only 9% budget spent but 79% time elapsed,EPR ROHINI - KARKETTA OCP,400153.0,Ministry of Coal,Coal,Jharkhand,24.5
EXPENDITURE_LAG,CRITICAL,Only 2% budget spent but 92% time elapsed,EPR PUNDI OCP,400154.0,Ministry of Coal,Coal,Jharkhand,26.2
PROGRESS_STAGNATION,CRITICAL,Only 11% progress with 92% time elapsed,EPR PUNDI OCP,400154.0,Ministry of Coal,Coal,Jharkhand,26.2
PF_GAP,WARNING,Physical-Financial gap of 21.1%,EPR ASHOK OC,400155.0,Ministry of Coal,Coal,Jharkhand,31.7
MULTI_MONTH_STAGNATION,CRITICAL,No progress improvement over multiple months,EPR ASHOK OC,400155.0,Ministry of Coal,Coal,Jharkhand,31.7
EXPENDITURE_LAG,CRITICAL,Only 37% budget spent but 81% time elapsed,EPR AMRAPALI OCP,400156.0,Ministry of Coal,Coal,Jharkhand,23.4
MULTI_MONTH_STAGNATION,CRITICAL,No progress improvement over multiple months,EPR AMRAPALI OCP,400156.0,Ministry of Coal,Coal,Jharkhand,23.4
PF_GAP,WARNING,Physical-Financial gap of -20.1%,RAJRAPPA RCE OCP,400160.0,Ministry of Coal,Coal,Jharkhand,51.9
TIME_OVERRUN,CRITICAL,Delayed by 132 months,RAJRAPPA RCE OCP,400160.0,Ministry of Coal,Coal,Jharkhand,51.9
MULTI_MONTH_STAGNATION,CRITICAL,No progress improvement over multiple months,RAJRAPPA RCE OCP,400160.0,Ministry of Coal,Coal,Jharkhand,51.9
TIME_OVERRUN,WARNING,Delayed by 24 months,CHITRA EAST OC,400172.0,Ministry of Coal,Coal,Jharkhand,41.6
MULTI_MONTH_STAGNATION,CRITICAL,No progress improvement over multiple months,CHITRA EAST OC,400172.0,Ministry of Coal,Coal,Jharkhand,41.6
PF_GAP,WARNING,Physical-Financial gap of 32.1%,JHARKHAND-LAIYO OCP,400352.0,Ministry of Coal,Coal,Jharkhand,35.7
MULTI_MONTH_STAGNATION,CRITICAL,No progress improvement over multiple months,JHARKHAND-LAIYO OCP,400352.0,Ministry of Coal,Coal,Jharkhand,35.7
TIME_OVERRUN,CRITICAL,Delayed by 90 months,MOONIDIH XV SEAM UG,400425.0,Ministry of Coal,Coal,Jharkhand,43.0
PF_GAP,WARNING,Physical-Financial gap of 20.8%,AMALAGAMATED NTST KUJAMA OCP 8.5MTY,611864.0,Ministry of Coal,Coal,Jharkhand,21.4
TIME_OVERRUN,CRITICAL,Delayed by 152 months,MURAIDIH UG PROJECT,613808.0,Ministry of Coal,Coal,Jharkhand,53.5
MULTI_MONTH_STAGNATION,CRITICAL,No progress improvement over multiple months,MURAIDIH UG PROJECT,613808.0,Ministry of Coal,Coal,Jharkhand,53.5
EXPENDITURE_LAG,CRITICAL,Only 10% budget spent but 80% time elapsed,TAPIN SOUTH EXPN,615349.0,Ministry of Coal,Coal,Jharkhand,32.0
MULTI_MONTH_STAGNATION,CRITICAL,No progress improvement over multiple months,TAPIN SOUTH EXPN,615349.0,Ministry of Coal,Coal,Jharkhand,32.0
MULTI_MONTH_STAGNATION,CRITICAL,No progress improvement over multiple months,SIRKA OC,615822.0,Ministry of Coal,Coal,Jharkhand,19.3
EXPENDITURE_LAG,CRITICAL,Only 22% budget spent but 128% time elapsed,TETARIAKHAR OC,615843.0,Ministry of Coal,Coal,Jharkhand,51.9
TIME_OVERRUN,WARNING,Delayed by 24 months,TETARIAKHAR OC,615843.0,Ministry of Coal,Coal,Jharkhand,51.9
MULTI_MONTH_STAGNATION,CRITICAL,No progress improvement over multiple months,TETARIAKHAR OC,615843.0,Ministry of Coal,Coal,Jharkhand,51.9
MULTI_MONTH_STAGNATION,CRITICAL,No progress improvement over multiple months,CHUPERBHITA SIMLONG OCP MDO 6,616225.0,Ministry of Coal,Coal,Jharkhand,23.0
EXPENDITURE_LAG,CRITICAL,Only 23% budget spent but 72% time elapsed,JARANGDIH EXPN. OCP 1.5 MTY,616236.0,Ministry of Coal,Coal,Jharkhand,26.4
MULTI_MONTH_STAGNATION,CRITICAL,No progress improvement over multiple months,JARANGDIH EXPN. OCP 1.5 MTY,616236.0,Ministry of Coal,Coal,Jharkhand,26.4
MULTI_MONTH_STAGNATION,CRITICAL,No progress improvement over multiple months,BLOCK E OCP,616253.0,Ministry of Coal,Coal,Jharkhand,33.2
PF_GAP,WARNING,Physical-Financial gap of 25.2%,"Revised Jharia Master Plan for Dealing with Fire, Subsidence & Rehabilitation of",617416.0,Ministry of Coal,Coal,Jharkhand,17.9
PF_GAP,WARNING,Physical-Financial gap of 22.7%,North Dhadu Western Part OCP,617764.0,Ministry of Coal,Coal,Jharkhand,26.4
MULTI_MONTH_STAGNATION,CRITICAL,No progress improvement over multiple months,North Dhadu Western Part OCP,617764.0,Ministry of Coal,Coal,Jharkhand,26.4
EXPENDITURE_LAG,CRITICAL,Only 37% budget spent but 210% time elapsed,AMADAND OCP[4.0MTY],400148.0,Ministry of Coal,Coal,Madhya Pradesh,58.6
PF_GAP,WARNING,Physical-Financial gap of 37.8%,AMADAND OCP[4.0MTY],400148.0,Ministry of Coal,Coal,Madhya Pradesh,58.6
TIME_OVERRUN,CRITICAL,Delayed by 72 months,AMADAND OCP[4.0MTY],400148.0,Ministry of Coal,Coal,Madhya Pradesh,58.6
MULTI_MONTH_STAGNATION,CRITICAL,No progress improvement over multiple months,AMADAND OCP[4.0MTY],400148.0,Ministry of Coal,Coal,Madhya Pradesh,58.6
TIME_OVERRUN,CRITICAL,Delayed by 48 months,BLOCK B EXPANSION [3.5 TO 8.0,400162.0,Ministry of Coal,Coal,Madhya Pradesh,41.1
TIME_OVERRUN,WARNING,Delayed by 36 months,NIGAHI EXPANSION [15 TO 25 MTP,400321.0,Ministry of Coal,Coal,Madhya Pradesh,37.6
TIME_OVERRUN,WARNING,Delayed by 24 months,KANCHAN OC EXP,613802.0,Ministry of Coal,Coal,Madhya Pradesh,44.1
MULTI_MONTH_STAGNATION,CRITICAL,No progress improvement over multiple months,KANCHAN OC EXP,613802.0,Ministry of Coal,Coal,Madhya Pradesh,44.1
PF_GAP,WARNING,Physical-Financial gap of 31.2%,JHIRIA WEST OCP [1.5 MTY],613803.0,Ministry of Coal,Coal,Madhya Pradesh,30.2
MULTI_MONTH_STAGNATION,CRITICAL,No progress improvement over multiple months,JHIRIA WEST OCP [1.5 MTY],613803.0,Ministry of Coal,Coal,Madhya Pradesh,30.2
EXPENDITURE_LAG,CRITICAL,Only 6% budget spent but 91% time elapsed,RPR TAWA-III UG 0.84 MTY,613804.0,Ministry of Coal,Coal,Madhya Pradesh,33.4
PROGRESS_STAGNATION,CRITICAL,Only 18% progress with 91% time elapsed,RPR TAWA-III UG 0.84 MTY,613804.0,Ministry of Coal,Coal,Madhya Pradesh,33.4
MULTI_MONTH_STAGNATION,CRITICAL,No progress improvement over multiple months,RPR TAWA-III UG 0.84 MTY,613804.0,Ministry of Coal,Coal,Madhya Pradesh,33.4
EXPENDITURE_LAG,CRITICAL,Only 29% budget spent but 89% time elapsed,AMALGAMATED DHANKASA & JAMUNIA,615185.0,Ministry of Coal,Coal,Madhya Pradesh,30.7
PF_GAP,WARNING,Physical-Financial gap of 37.8%,AMALGAMATED DHANKASA & JAMUNIA,615185.0,Ministry of Coal,Coal,Madhya Pradesh,30.7
MULTI_MONTH_STAGNATION,CRITICAL,No progress improvement over multiple months,AMALGAMATED DHANKASA & JAMUNIA,615185.0,Ministry of Coal,Coal,Madhya Pradesh,30.7
MULTI_MONTH_STAGNATION,CRITICAL,No progress improvement over multiple months,RPR OF VISHNUPURI UG TO OC,615187.0,Ministry of Coal,Coal,Madhya Pradesh,34.1
PF_GAP,WARNING,Physical-Financial gap of -22.5%,URDHAN EXPANSION OC COST PLUS,615194.0,Ministry of Coal,Coal,Madhya Pradesh,20.7
MULTI_MONTH_STAGNATION,CRITICAL,No progress improvement over multiple months,URDHAN EXPANSION OC COST PLUS,615194.0,Ministry of Coal,Coal,Madhya Pradesh,20.7
MULTI_MONTH_STAGNATION,CRITICAL,No progress improvement over multiple months,SHARDA UG MINE,615195.0,Ministry of Coal,Coal,Madhya Pradesh,32.4
EXPENDITURE_LAG,CRITICAL,Only 7% budget spent but 108% time elapsed,GANDHIGRAM UG MINE,615206.0,Ministry of Coal,Coal,Madhya Pradesh,61.2
PF_GAP,WARNING,Physical-Financial gap of 50.0%,GANDHIGRAM UG MINE,615206.0,Ministry of Coal,Coal,Madhya Pradesh,61.2
ELEVATED_RISK_ML,WARNING,ML risk score: 61/100,GANDHIGRAM UG MINE,615206.0,Ministry of Coal,Coal,Madhya Pradesh,61.2
MULTI_MONTH_STAGNATION,CRITICAL,No progress improvement over multiple months,GANDHIGRAM UG MINE,615206.0,Ministry of Coal,Coal,Madhya Pradesh,61.2
MULTI_MONTH_STAGNATION,CRITICAL,No progress improvement over multiple months,JAYANT EXPN. [20 TO 38 MTPA],619032.0,Ministry of Coal,Coal,Madhya Pradesh,22.6
MULTI_MONTH_STAGNATION,CRITICAL,No progress improvement over multiple months,RPR FOR RAMPUR BATURA OCP,619053.0,Ministry of Coal,Coal,Madhya Pradesh,21.6
EXPENDITURE_LAG,CRITICAL,Only 19% budget spent but 74% time elapsed,BHATADI EXPANSION OC,400033.0,Ministry of Coal,Coal,Maharashtra,28.5
MULTI_MONTH_STAGNATION,CRITICAL,No progress improvement over multiple months,BHATADI EXPANSION OC,400033.0,Ministry of Coal,Coal,Maharashtra,28.5
TIME_OVERRUN,WARNING,Delayed by 24 months,AMALGAMATED YEKONA I & YEKONA,400177.0,Ministry of Coal,Coal,Maharashtra,38.4
MULTI_MONTH_STAGNATION,CRITICAL,No progress improvement over multiple months,AMALGAMATED YEKONA I & YEKONA,400177.0,Ministry of Coal,Coal,Maharashtra,38.4
PF_GAP,WARNING,Physical-Financial gap of -55.6%,DINESH[MAKARDHOKRA-III] OC,400178.0,Ministry of Coal,Coal,Maharashtra,26.9
MULTI_MONTH_STAGNATION,CRITICAL,No progress improvement over multiple months,DINESH[MAKARDHOKRA-III] OC,400178.0,Ministry of Coal,Coal,Maharashtra,26.9
EXPENDITURE_LAG,CRITICAL,Only 25% budget spent but 77% time elapsed,DHUPTALA OC [SASTI UG TO OC ],400353.0,Ministry of Coal,Coal,Maharashtra,27.3
MULTI_MONTH_STAGNATION,CRITICAL,No progress improvement over multiple months,DHUPTALA OC [SASTI UG TO OC ],400353.0,Ministry of Coal,Coal,Maharashtra,27.3
MULTI_MONTH_STAGNATION,CRITICAL,No progress improvement over multiple months,SAONER UG MINE -1 EXPANSION 1.,615184.0,Ministry of Coal,Coal,Maharashtra,10.5
MULTI_MONTH_STAGNATION,CRITICAL,No progress improvement over multiple months,SASTI EXPANSION OPENCAST,615186.0,Ministry of Coal,Coal,Maharashtra,48.5
EXPENDITURE_LAG,CRITICAL,Only 17% budget spent but 89% time elapsed,NEW MAJRI UG TO OC 3 MTY COST,615188.0,Ministry of Coal,Coal,Maharashtra,30.7
PROGRESS_STAGNATION,CRITICAL,Only 24% progress with 89% time elapsed,NEW MAJRI UG TO OC 3 MTY COST,615188.0,Ministry of Coal,Coal,Maharashtra,30.7
MULTI_MONTH_STAGNATION,CRITICAL,No progress improvement over multiple months,NEW MAJRI UG TO OC 3 MTY COST,615188.0,Ministry of Coal,Coal,Maharashtra,30.7
EXPENDITURE_LAG,CRITICAL,Only 29% budget spent but 113% time elapsed,MAKARDHOKRA EXPN OC 4.9 MTY,615189.0,Ministry of Coal,Coal,Maharashtra,53.8
PROGRESS_STAGNATION,CRITICAL,Only 12% progress with 113% time elapsed,MAKARDHOKRA EXPN OC 4.9 MTY,615189.0,Ministry of Coal,Coal,Maharashtra,53.8
MULTI_MONTH_STAGNATION,CRITICAL,No progress improvement over multiple months,MAKARDHOKRA EXPN OC 4.9 MTY,615189.0,Ministry of Coal,Coal,Maharashtra,53.8
MULTI_MONTH_STAGNATION,CRITICAL,No progress improvement over multiple months,SINGHORI DEEP OC MIN 2.0 MTY,615190.0,Ministry of Coal,Coal,Maharashtra,29.4
EXPENDITURE_LAG,CRITICAL,Only 20% budget spent but 110% time elapsed,GOKUL EXTENSION OC MINE,615192.0,Ministry of Coal,Coal,Maharashtra,53.8
PROGRESS_STAGNATION,CRITICAL,Only 8% progress with 110% time elapsed,GOKUL EXTENSION OC MINE,615192.0,Ministry of Coal,Coal,Maharashtra,53.8
MULTI_MONTH_STAGNATION,CRITICAL,No progress improvement over multiple months,GOKUL EXTENSION OC MINE,615192.0,Ministry of Coal,Coal,Maharashtra,53.8
EXPENDITURE_LAG,CRITICAL,Only 13% budget spent but 86% time elapsed,KOLGAON EXPANSION DEEP OC MINE,615199.0,Ministry of Coal,Coal,Maharashtra,25.1
PROGRESS_STAGNATION,CRITICAL,Only 4% progress with 86% time elapsed,KOLGAON EXPANSION DEEP OC MINE,615199.0,Ministry of Coal,Coal,Maharashtra,25.1
MULTI_MONTH_STAGNATION,CRITICAL,No progress improvement over multiple months,BALLARPUR NORTH WEST OC MINE,615330.0,Ministry of Coal,Coal,Maharashtra,30.8
MULTI_MONTH_STAGNATION,CRITICAL,No progress improvement over multiple months,GADEGAON OC 3 MTY,615331.0,Ministry of Coal,Coal,Maharashtra,21.1
MULTI_MONTH_STAGNATION,CRITICAL,No progress improvement over multiple months,GHONSA EXPANSION DEEP OC MINE,615914.0,Ministry of Coal,Coal,Maharashtra,30.4
MULTI_MONTH_STAGNATION,CRITICAL,No progress improvement over multiple months,AMLG GAURI PAUNI EXPANSION OC,615916.0,Ministry of Coal,Coal,Maharashtra,21.1
MULTI_MONTH_STAGNATION,CRITICAL,No progress improvement over multiple months,GAURIDEEP/GAURI CENTRAL OCP 7.,615917.0,Ministry of Coal,Coal,Maharashtra,23.5
EXPENDITURE_LAG,CRITICAL,Only 11% budget spent but 73% time elapsed,RPR OF BHANEGAON OC,615918.0,Ministry of Coal,Coal,Maharashtra,30.1
MULTI_MONTH_STAGNATION,CRITICAL,No progress improvement over multiple months,RPR OF BHANEGAON OC,615918.0,Ministry of Coal,Coal,Maharashtra,30.1
MULTI_MONTH_STAGNATION,CRITICAL,No progress improvement over multiple months,N. EXTN. MUNGOLI NIRGUDA D OCP,615919.0,Ministry of Coal,Coal,Maharashtra,18.3
TIME_OVERRUN,CRITICAL,Delayed by 60 months,NILJAI EXPANSION DEEP OCP,615982.0,Ministry of Coal,Coal,Maharashtra,50.0
MULTI_MONTH_STAGNATION,CRITICAL,No progress improvement over multiple months,NILJAI EXPANSION DEEP OCP,615982.0,Ministry of Coal,Coal,Maharashtra,50.0
PF_GAP,WARNING,Physical-Financial gap of 23.3%,UKNI DEEP OC MINE -COST PLUS,616044.0,Ministry of Coal,Coal,Maharashtra,46.4
TIME_OVERRUN,CRITICAL,Delayed by 72 months,UKNI DEEP OC MINE -COST PLUS,616044.0,Ministry of Coal,Coal,Maharashtra,46.4
PF_GAP,WARNING,Physical-Financial gap of 44.5%,AMALGAMATED INDER-KAMPTEE DEEP,616050.0,Ministry of Coal,Coal,Maharashtra,53.8
TIME_OVERRUN,WARNING,Delayed by 36 months,AMALGAMATED INDER-KAMPTEE DEEP,616050.0,Ministry of Coal,Coal,Maharashtra,53.8
MULTI_MONTH_STAGNATION,CRITICAL,No progress improvement over multiple months,AMALGAMATED INDER-KAMPTEE DEEP,616050.0,Ministry of Coal,Coal,Maharashtra,53.8
PF_GAP,WARNING,Physical-Financial gap of 20.3%,ADASA UG TO OC MINE,616223.0,Ministry of Coal,Coal,Maharashtra,47.5
TIME_OVERRUN,WARNING,Delayed by 36 months,ADASA UG TO OC MINE,616223.0,Ministry of Coal,Coal,Maharashtra,47.5
MULTI_MONTH_STAGNATION,CRITICAL,No progress improvement over multiple months,ADASA UG TO OC MINE,616223.0,Ministry of Coal,Coal,Maharashtra,47.5
MULTI_MONTH_STAGNATION,CRITICAL,No progress improvement over multiple months,AMAL GONDEGAON GHATROHANA EXPN,616229.0,Ministry of Coal,Coal,Maharashtra,23.5
MULTI_MONTH_STAGNATION,CRITICAL,No progress improvement over multiple months,WAGHODA UG MINE [1.02 MTY],617233.0,Ministry of Coal,Coal,Maharashtra,23.0
MULTI_MONTH_STAGNATION,CRITICAL,No progress improvement over multiple months,KOLARPIMPRI EXPANSION OC [2.5,617278.0,Ministry of Coal,Coal,Maharashtra,23.1
MULTI_MONTH_STAGNATION,CRITICAL,No progress improvement over multiple months,SAONER-III EXPN UG MINE 1.54,619055.0,Ministry of Coal,Coal,Maharashtra,23.0
TIME_OVERRUN,WARNING,Delayed by 36 months,BINA KAKRI AMALGAMATION EXPANS,400369.0,Ministry of Coal,Coal,"Multi-States
(Madhya Pradesh,
Uttar Pradesh)",37.2
PF_GAP,WARNING,Physical-Financial gap of -20.1%,KHADIA EXPANSION [10 TO 16 MTP,615183.0,Ministry of Coal,Coal,"Multi-States
(Madhya Pradesh,
Uttar Pradesh)",40.0
TIME_OVERRUN,WARNING,Delayed by 24 months,KHADIA EXPANSION [10 TO 16 MTP,615183.0,Ministry of Coal,Coal,"Multi-States
(Madhya Pradesh,
Uttar Pradesh)",40.0
PF_GAP,WARNING,Physical-Financial gap of -32.1%,SUBHADRA OCP,400165.0,Ministry of Coal,Coal,Odisha,9.0
EXPENDITURE_LAG,CRITICAL,Only 28% budget spent but 71% time elapsed,BALARAM EXPANSION OCP,400183.0,Ministry of Coal,Coal,Odisha,19.5
PF_GAP,WARNING,Physical-Financial gap of 34.6%,BALARAM EXPANSION OCP,400183.0,Ministry of Coal,Coal,Odisha,19.5
MULTI_MONTH_STAGNATION,CRITICAL,No progress improvement over multiple months,Naini Coal Mine,615857.0,Ministry of Coal,Coal,Odisha,19.8
PF_GAP,WARNING,Physical-Financial gap of 25.1%,BHUBANESWARI EXPN OCP 50 MTY,616231.0,Ministry of Coal,Coal,Odisha,16.8
PF_GAP,WARNING,Physical-Financial gap of -28.2%,BALABHADRA OCP,616233.0,Ministry of Coal,Coal,Odisha,8.1
EXPENDITURE_LAG,CRITICAL,Only 17% budget spent but 146% time elapsed,Jawahar Khani Open Cast Mine,615818.0,Ministry of Coal,Coal,Telangana,51.8
PROGRESS_STAGNATION,CRITICAL,Only 20% progress with 146% time elapsed,Jawahar Khani Open Cast Mine,615818.0,Ministry of Coal,Coal,Telangana,51.8
TIME_OVERRUN,WARNING,Delayed by 24 months,Jawahar Khani Open Cast Mine,615818.0,Ministry of Coal,Coal,Telangana,51.8
MULTI_MONTH_STAGNATION,CRITICAL,No progress improvement over multiple months,Jawahar Khani Open Cast Mine,615818.0,Ministry of Coal,Coal,Telangana,51.8
EXPENDITURE_LAG,CRITICAL,Only 33% budget spent but 126% time elapsed,Godavarikhani Coal Mine - 5,615860.0,Ministry of Coal,Coal,Telangana,54.1
PF_GAP,WARNING,Physical-Financial gap of 37.9%,Godavarikhani Coal Mine - 5,615860.0,Ministry of Coal,Coal,Telangana,54.1
MULTI_MONTH_STAGNATION,CRITICAL,No progress improvement over multiple months,Godavarikhani Coal Mine - 5,615860.0,Ministry of Coal,Coal,Telangana,54.1
MULTI_MONTH_STAGNATION,CRITICAL,No progress improvement over multiple months,Indaram Opencast Project,615861.0,Ministry of Coal,Coal,Telangana,45.4
EXPENDITURE_LAG,CRITICAL,Only 32% budget spent but 111% time elapsed,Goleti Opencast Mine,615862.0,Ministry of Coal,Coal,Telangana,38.8
MULTI_MONTH_STAGNATION,CRITICAL,No progress improvement over multiple months,Venkatesh Khani Coal Mine,615863.0,Ministry of Coal,Coal,Telangana,15.4
EXPENDITURE_LAG,CRITICAL,Only 17% budget spent but 109% time elapsed,MOHANPUR EXPANSION OC -PHASE I,400173.0,Ministry of Coal,Coal,West Bengal,53.2
TIME_OVERRUN,CRITICAL,Delayed by 48 months,MOHANPUR EXPANSION OC -PHASE I,400173.0,Ministry of Coal,Coal,West Bengal,53.2
MULTI_MONTH_STAGNATION,CRITICAL,No progress improvement over multiple months,MOHANPUR EXPANSION OC -PHASE I,400173.0,Ministry of Coal,Coal,West Bengal,53.2
EXPENDITURE_LAG,CRITICAL,Only 17% budget spent but 111% time elapsed,BONJEMEHARI EXPANSION OCP,400180.0,Ministry of Coal,Coal,West Bengal,50.8
PROGRESS_STAGNATION,CRITICAL,Only 17% progress with 111% time elapsed,BONJEMEHARI EXPANSION OCP,400180.0,Ministry of Coal,Coal,West Bengal,50.8
TIME_OVERRUN,CRITICAL,Delayed by 48 months,BONJEMEHARI EXPANSION OCP,400180.0,Ministry of Coal,Coal,West Bengal,50.8
MULTI_MONTH_STAGNATION,CRITICAL,No progress improvement over multiple months,BONJEMEHARI EXPANSION OCP,400180.0,Ministry of Coal,Coal,West Bengal,50.8
EXPENDITURE_LAG,CRITICAL,Only 18% budget spent but 76% time elapsed,NAKRAKONDA KUMARDIH- B OCP,400181.0,Ministry of Coal,Coal,West Bengal,20.8
MULTI_MONTH_STAGNATION,CRITICAL,No progress improvement over multiple months,TILABONI UG,400186.0,Ministry of Coal,Coal,West Bengal,30.5
MULTI_MONTH_STAGNATION,CRITICAL,No progress improvement over multiple months,SONEPUR BAZARI EXPANSION OCP [,400315.0,Ministry of Coal,Coal,West Bengal,28.9
MULTI_MONTH_STAGNATION,CRITICAL,No progress improvement over multiple months,ITAPARA OCP,612816.0,Ministry of Coal,Coal,West Bengal,19.7
EXPENDITURE_LAG,CRITICAL,Only 20% budget spent but 109% time elapsed,SHYAMSUNDARPUR UG INCLUDING SA,613793.0,Ministry of Coal,Coal,West Bengal,51.1
PROGRESS_STAGNATION,CRITICAL,Only 17% progress with 109% time elapsed,SHYAMSUNDARPUR UG INCLUDING SA,613793.0,Ministry of Coal,Coal,West Bengal,51.1
TIME_OVERRUN,WARNING,Delayed by 24 months,SHYAMSUNDARPUR UG INCLUDING SA,613793.0,Ministry of Coal,Coal,West Bengal,51.1
MULTI_MONTH_STAGNATION,CRITICAL,No progress improvement over multiple months,SHYAMSUNDARPUR UG INCLUDING SA,613793.0,Ministry of Coal,Coal,West Bengal,51.1
EXPENDITURE_LAG,CRITICAL,Only 34% budget spent but 71% time elapsed,PARASEA-BELBAID UG PROJECT,613794.0,Ministry of Coal,Coal,West Bengal,25.8
MULTI_MONTH_STAGNATION,CRITICAL,No progress improvement over multiple months,PARASEA-BELBAID UG PROJECT,613794.0,Ministry of Coal,Coal,West Bengal,25.8
MULTI_MONTH_STAGNATION,CRITICAL,No progress improvement over multiple months,PARASCOLE JAMBAD OCP,616230.0,Ministry of Coal,Coal,West Bengal,22.2
PF_GAP,WARNING,Physical-Financial gap of -34.8%,50 MW Wind Power Project,617299.0,Ministry of Coal,Electricity Generation,Gujarat,46.4
TIME_OVERRUN,WARNING,Delayed by 18 months,50 MW Wind Power Project,617299.0,Ministry of Coal,Electricity Generation,Gujarat,46.4
EXPENDITURE_LAG,CRITICAL,Only 6% budget spent but 91% time elapsed,200 MW SPP part of 510 MW CPSU scheme,618991.0,Ministry of Coal,Electricity Generation,Gujarat,33.8
PROGRESS_STAGNATION,CRITICAL,Only 0% progress with 91% time elapsed,200 MW SPP part of 510 MW CPSU scheme,618991.0,Ministry of Coal,Electricity Generation,Gujarat,33.8
MULTI_MONTH_STAGNATION,CRITICAL,No progress improvement over multiple months,200 MW SPP part of 510 MW CPSU scheme,618991.0,Ministry of Coal,Electricity Generation,Gujarat,33.8
EXPENDITURE_LAG,CRITICAL,Only 1% budget spent but 91% time elapsed,100 MW SPP part of SECI 150 MW Hybrid,618992.0,Ministry of Coal,Electricity Generation,Gujarat,33.4
PROGRESS_STAGNATION,CRITICAL,Only 1% progress with 91% time elapsed,100 MW SPP part of SECI 150 MW Hybrid,618992.0,Ministry of Coal,Electricity Generation,Gujarat,33.4
MULTI_MONTH_STAGNATION,CRITICAL,No progress improvement over multiple months,100 MW SPP part of SECI 150 MW Hybrid,618992.0,Ministry of Coal,Electricity Generation,Gujarat,33.4
MULTI_MONTH_STAGNATION,CRITICAL,No progress improvement over multiple months,810 MW Solar Power Project - Rajasthan,618981.0,Ministry of Coal,Electricity Generation,Rajasthan,22.6
COST_ESCALATION,WARNING,Cost escalated by 44.6% from original,Dharamjaigarh-Korba,400203.0,Ministry of Coal,Railways,Chhattisgarh,44.9
EXPENDITURE_LAG,CRITICAL,Only 33% budget spent but 97% time elapsed,Dharamjaigarh-Korba,400203.0,Ministry of Coal,Railways,Chhattisgarh,44.9
MULTI_MONTH_STAGNATION,CRITICAL,No progress improvement over multiple months,Dharamjaigarh-Korba,400203.0,Ministry of Coal,Railways,Chhattisgarh,44.9
COST_ESCALATION,WARNING,Cost escalated by 42.5% from original,Shivpur-Kathautia New Rail [BG] Line [49 km] [Package II of Tori-Shivpur-Kathautia,400416.0,Ministry of Coal,Railways,Jharkhand,71.8
PF_GAP,WARNING,Physical-Financial gap of -27.2%,Shivpur-Kathautia New Rail [BG] Line [49 km] [Package II of Tori-Shivpur-Kathautia,400416.0,Ministry of Coal,Railways,Jharkhand,71.8
ELEVATED_RISK_ML,WARNING,ML risk score: 72/100,Shivpur-Kathautia New Rail [BG] Line [49 km] [Package II of Tori-Shivpur-Kathautia,400416.0,Ministry of Coal,Railways,Jharkhand,71.8
TIME_OVERRUN,WARNING,Delayed by 24 months,Shivpur-Kathautia New Rail [BG] Line [49 km] [Package II of Tori-Shivpur-Kathautia,400416.0,Ministry of Coal,Railways,Jharkhand,71.8
EXPENDITURE_LAG,CRITICAL,Only 40% budget spent but 104% time elapsed,Tubed Coal Mine,400192.0,Ministry of Power,Coal,Jharkhand,38.0
COST_ESCALATION,CRITICAL,Cost escalated by 56.2% from original,Badam Coal Mining project of NTPC,603293.0,Ministry of Power,Coal,Jharkhand,45.1
MULTI_MONTH_STAGNATION,CRITICAL,No progress improvement over multiple months,Badam Coal Mining project of NTPC,603293.0,Ministry of Power,Coal,Jharkhand,45.1
MULTI_MONTH_STAGNATION,CRITICAL,No progress improvement over multiple months,Dibang Multipurpose Project,602182.0,Ministry of Power,Electricity Generation,Arunachal Pradesh,18.3
MULTI_MONTH_STAGNATION,CRITICAL,No progress improvement over multiple months,186 MW Tato-I H E Project,611699.0,Ministry of Power,Electricity Generation,Arunachal Pradesh,21.3
MULTI_MONTH_STAGNATION,CRITICAL,No progress improvement over multiple months,700 MW Tato-II HE Project,611716.0,Ministry of Power,Electricity Generation,Arunachal Pradesh,21.7
MULTI_MONTH_STAGNATION,CRITICAL,No progress improvement over multiple months,Kalai-II Hydro Electric Project [1200 MW],619311.0,Ministry of Power,Electricity Generation,Arunachal Pradesh,21.7
COST_ESCALATION,WARNING,Cost escalated by 31.8% from original,Buxar Thermal Power Project [1320 MW],602579.0,Ministry of Power,Electricity Generation,Bihar,77.1
PF_GAP,WARNING,Physical-Financial gap of -36.5%,Buxar Thermal Power Project [1320 MW],602579.0,Ministry of Power,Electricity Generation,Bihar,77.1
ELEVATED_RISK_ML,WARNING,ML risk score: 77/100,Buxar Thermal Power Project [1320 MW],602579.0,Ministry of Power,Electricity Generation,Bihar,77.1
TIME_OVERRUN,WARNING,Delayed by 28 months,Buxar Thermal Power Project [1320 MW],602579.0,Ministry of Power,Electricity Generation,Bihar,77.1
MULTI_MONTH_STAGNATION,CRITICAL,No progress improvement over multiple months,Buxar Thermal Power Project [1320 MW],602579.0,Ministry of Power,Electricity Generation,Bihar,77.1
PF_GAP,WARNING,Physical-Financial gap of -57.2%,Bagodara Solar Power Project,709747.0,Ministry of Power,Electricity Generation,Gujarat,31.3
MULTI_MONTH_STAGNATION,CRITICAL,No progress improvement over multiple months,Bagodara Solar Power Project,709747.0,Ministry of Power,Electricity Generation,Gujarat,31.3
COST_ESCALATION,CRITICAL,Cost escalated by 156.3% from original,Dhaulasidh Hydro Electric Project [66 MW],602582.0,Ministry of Power,Electricity Generation,Himachal Pradesh,75.9
PF_GAP,WARNING,Physical-Financial gap of -104.7%,Dhaulasidh Hydro Electric Project [66 MW],602582.0,Ministry of Power,Electricity Generation,Himachal Pradesh,75.9
ELEVATED_RISK_ML,WARNING,ML risk score: 76/100,Dhaulasidh Hydro Electric Project [66 MW],602582.0,Ministry of Power,Electricity Generation,Himachal Pradesh,75.9
TIME_OVERRUN,WARNING,Delayed by 16 months,Dhaulasidh Hydro Electric Project [66 MW],602582.0,Ministry of Power,Electricity Generation,Himachal Pradesh,75.9
COST_ESCALATION,CRITICAL,Cost escalated by 140.0% from original,Luhri Stage-I Hydro Electric Project [210 MW],602593.0,Ministry of Power,Electricity Generation,Himachal Pradesh,89.3
PF_GAP,WARNING,Physical-Financial gap of -57.3%,Luhri Stage-I Hydro Electric Project [210 MW],602593.0,Ministry of Power,Electricity Generation,Himachal Pradesh,89.3
HIGH_RISK_ML,CRITICAL,ML risk score: 89/100,Luhri Stage-I Hydro Electric Project [210 MW],602593.0,Ministry of Power,Electricity Generation,Himachal Pradesh,89.3
TIME_OVERRUN,CRITICAL,Delayed by 52 months,Luhri Stage-I Hydro Electric Project [210 MW],602593.0,Ministry of Power,Electricity Generation,Himachal Pradesh,89.3
MULTI_MONTH_STAGNATION,CRITICAL,No progress improvement over multiple months,Luhri Stage-I Hydro Electric Project [210 MW],602593.0,Ministry of Power,Electricity Generation,Himachal Pradesh,89.3
COST_ESCALATION,CRITICAL,Cost escalated by 74.2% from original,Sunni Dam Hydro Electric Project [382 MW],611586.0,Ministry of Power,Electricity Generation,Himachal Pradesh,76.8
ELEVATED_RISK_ML,WARNING,ML risk score: 77/100,Sunni Dam Hydro Electric Project [382 MW],611586.0,Ministry of Power,Electricity Generation,Himachal Pradesh,76.8
TIME_OVERRUN,WARNING,Delayed by 20 months,Sunni Dam Hydro Electric Project [382 MW],611586.0,Ministry of Power,Electricity Generation,Himachal Pradesh,76.8
MULTI_MONTH_STAGNATION,CRITICAL,No progress improvement over multiple months,Sunni Dam Hydro Electric Project [382 MW],611586.0,Ministry of Power,Electricity Generation,Himachal Pradesh,76.8
COST_ESCALATION,CRITICAL,Cost escalated by 56.9% from original,"Pakal Dul [Drangdhuran] Hydroelectric Project, 1000 MW",602525.0,Ministry of Power,Electricity Generation,"Jammu and
Kashmir",81.0
PF_GAP,WARNING,Physical-Financial gap of -32.8%,"Pakal Dul [Drangdhuran] Hydroelectric Project, 1000 MW",602525.0,Ministry of Power,Electricity Generation,"Jammu and
Kashmir",81.0
HIGH_RISK_ML,CRITICAL,ML risk score: 81/100,"Pakal Dul [Drangdhuran] Hydroelectric Project, 1000 MW",602525.0,Ministry of Power,Electricity Generation,"Jammu and
Kashmir",81.0
TIME_OVERRUN,CRITICAL,Delayed by 80 months,"Pakal Dul [Drangdhuran] Hydroelectric Project, 1000 MW",602525.0,Ministry of Power,Electricity Generation,"Jammu and
Kashmir",81.0
COST_ESCALATION,WARNING,Cost escalated by 26.2% from original,Kiru HE Project,602532.0,Ministry of Power,Electricity Generation,"Jammu and
Kashmir",64.5
ELEVATED_RISK_ML,WARNING,ML risk score: 64/100,Kiru HE Project,602532.0,Ministry of Power,Electricity Generation,"Jammu and
Kashmir",64.5
TIME_OVERRUN,CRITICAL,Delayed by 39 months,Kiru HE Project,602532.0,Ministry of Power,Electricity Generation,"Jammu and
Kashmir",64.5
EXPENDITURE_LAG,CRITICAL,Only 31% budget spent but 114% time elapsed,"Ratle HE Project - 850 MW, Ratle Hydroelectric Power Corporation Limited.",602535.0,Ministry of Power,Electricity Generation,"Jammu and
Kashmir",40.1
TIME_OVERRUN,WARNING,Delayed by 33 months,"Ratle HE Project - 850 MW, Ratle Hydroelectric Power Corporation Limited.",602535.0,Ministry of Power,Electricity Generation,"Jammu and
Kashmir",40.1
EXPENDITURE_LAG,CRITICAL,Only 38% budget spent but 96% time elapsed,Kwar HE Project,605155.0,Ministry of Power,Electricity Generation,"Jammu and
Kashmir",38.4
TIME_OVERRUN,WARNING,Delayed by 16 months,Kwar HE Project,605155.0,Ministry of Power,Electricity Generation,"Jammu and
Kashmir",38.4
TIME_OVERRUN,CRITICAL,Delayed by 49 months,Patratu Thermal Power Station Expansion Project Phase-I [3x800 MW],400261.0,Ministry of Power,Electricity Generation,Jharkhand,59.4
COST_ESCALATION,CRITICAL,Cost escalated by 314.9% from original,Subansiri Lower HE Project [2000 MW],602096.0,Ministry of Power,Electricity Generation,"Multi-States
(Arunachal
Pradesh, Assam)",91.5
PF_GAP,WARNING,Physical-Financial gap of -322.8%,Subansiri Lower HE Project [2000 MW],602096.0,Ministry of Power,Electricity Generation,"Multi-States
(Arunachal
Pradesh, Assam)",91.5
HIGH_RISK_ML,CRITICAL,ML risk score: 92/100,Subansiri Lower HE Project [2000 MW],602096.0,Ministry of Power,Electricity Generation,"Multi-States
(Arunachal
Pradesh, Assam)",91.5
TIME_OVERRUN,CRITICAL,Delayed by 198 months,Subansiri Lower HE Project [2000 MW],602096.0,Ministry of Power,Electricity Generation,"Multi-States
(Arunachal
Pradesh, Assam)",91.5
MULTI_MONTH_STAGNATION,CRITICAL,No progress improvement over multiple months,Subansiri Lower HE Project [2000 MW],602096.0,Ministry of Power,Electricity Generation,"Multi-States
(Arunachal
Pradesh, Assam)",91.5
MULTI_MONTH_STAGNATION,CRITICAL,No progress improvement over multiple months,"Darlipali Super Thermal Power Project, Stage-II [1x800 MW]",619056.0,Ministry of Power,Electricity Generation,Odisha,38.3
TIME_OVERRUN,CRITICAL,Delayed by 66 months,"TEESTA-VI HE PROJECT, SIKKIM [500 MW], executed by LANCO TEESTA HYDRO",602181.0,Ministry of Power,Electricity Generation,Sikkim,36.9
COST_ESCALATION,CRITICAL,Cost escalated by 94.8% from original,Rangit-IV HE Project [120 MW] executed by Jal Power Corporation Ltd. [JPCL] - A,605156.0,Ministry of Power,Electricity Generation,Sikkim,79.0
PF_GAP,WARNING,Physical-Financial gap of -85.6%,Rangit-IV HE Project [120 MW] executed by Jal Power Corporation Ltd. [JPCL] - A,605156.0,Ministry of Power,Electricity Generation,Sikkim,79.0
ELEVATED_RISK_ML,WARNING,ML risk score: 79/100,Rangit-IV HE Project [120 MW] executed by Jal Power Corporation Ltd. [JPCL] - A,605156.0,Ministry of Power,Electricity Generation,Sikkim,79.0
TIME_OVERRUN,WARNING,Delayed by 30 months,Rangit-IV HE Project [120 MW] executed by Jal Power Corporation Ltd. [JPCL] - A,605156.0,Ministry of Power,Electricity Generation,Sikkim,79.0
MULTI_MONTH_STAGNATION,CRITICAL,No progress improvement over multiple months,"Telangana Super Thermal Power Project , Stage-II [3 x 800 MW]",619341.0,Ministry of Power,Electricity Generation,Telangana,25.4
COST_ESCALATION,CRITICAL,Cost escalated by 266.3% from original,Tapovan-Vishnugad HEP [4x130 MW],602185.0,Ministry of Power,Electricity Generation,Uttarakhand,93.8
PF_GAP,WARNING,Physical-Financial gap of -186.8%,Tapovan-Vishnugad HEP [4x130 MW],602185.0,Ministry of Power,Electricity Generation,Uttarakhand,93.8
HIGH_RISK_ML,CRITICAL,ML risk score: 94/100,Tapovan-Vishnugad HEP [4x130 MW],602185.0,Ministry of Power,Electricity Generation,Uttarakhand,93.8
TIME_OVERRUN,CRITICAL,Delayed by 196 months,Tapovan-Vishnugad HEP [4x130 MW],602185.0,Ministry of Power,Electricity Generation,Uttarakhand,93.8
MULTI_MONTH_STAGNATION,CRITICAL,No progress improvement over multiple months,Tapovan-Vishnugad HEP [4x130 MW],602185.0,Ministry of Power,Electricity Generation,Uttarakhand,93.8
COST_ESCALATION,CRITICAL,Cost escalated by 65.9% from original,Vishnugad Pipalkoti Hydro Electric Project [444 MW],602195.0,Ministry of Power,Electricity Generation,Uttarakhand,76.5
PF_GAP,WARNING,Physical-Financial gap of -69.6%,Vishnugad Pipalkoti Hydro Electric Project [444 MW],602195.0,Ministry of Power,Electricity Generation,Uttarakhand,76.5
ELEVATED_RISK_ML,WARNING,ML risk score: 76/100,Vishnugad Pipalkoti Hydro Electric Project [444 MW],602195.0,Ministry of Power,Electricity Generation,Uttarakhand,76.5
TIME_OVERRUN,CRITICAL,Delayed by 66 months,Vishnugad Pipalkoti Hydro Electric Project [444 MW],602195.0,Ministry of Power,Electricity Generation,Uttarakhand,76.5
COST_ESCALATION,CRITICAL,Cost escalated by 107.4% from original,Rammam-III HEPP [3x40 MW],602184.0,Ministry of Power,Electricity Generation,West Bengal,85.9
PF_GAP,WARNING,Physical-Financial gap of -64.5%,Rammam-III HEPP [3x40 MW],602184.0,Ministry of Power,Electricity Generation,West Bengal,85.9
HIGH_RISK_ML,CRITICAL,ML risk score: 86/100,Rammam-III HEPP [3x40 MW],602184.0,Ministry of Power,Electricity Generation,West Bengal,85.9
TIME_OVERRUN,CRITICAL,Delayed by 120 months,Rammam-III HEPP [3x40 MW],602184.0,Ministry of Power,Electricity Generation,West Bengal,85.9
ELEVATED_RISK_ML,WARNING,ML risk score: 60/100,Installation of FGD for 4x210 & 2x250 MW MTPS U 1-6,602538.0,Ministry of Power,Electricity Generation,West Bengal,60.3
TIME_OVERRUN,WARNING,Delayed by 32 months,Installation of FGD for 4x210 & 2x250 MW MTPS U 1-6,602538.0,Ministry of Power,Electricity Generation,West Bengal,60.3
EXPENDITURE_LAG,CRITICAL,Only 32% budget spent but 143% time elapsed,Transmission system for evacuation of Power from REZ in Rajasthan [20 GW] under,615336.0,Ministry of Power,Transmission & Distribution,Delhi,43.9
EXPENDITURE_LAG,CRITICAL,Only 22% budget spent but 110% time elapsed,Augmentation of Transformation Capacity at jam Khambhaliya PS [GIS] [SPV Name,615342.0,Ministry of Power,Transmission & Distribution,Gujarat,43.3
EXPENDITURE_LAG,CRITICAL,Only 5% budget spent but 92% time elapsed,Provision of Dynamic Reactive Compensation at Khavda pooling Station 1 [KPS1] and,615343.0,Ministry of Power,Transmission & Distribution,Gujarat,28.0
PROGRESS_STAGNATION,CRITICAL,Only 9% progress with 92% time elapsed,Provision of Dynamic Reactive Compensation at Khavda pooling Station 1 [KPS1] and,615343.0,Ministry of Power,Transmission & Distribution,Gujarat,28.0
EXPENDITURE_LAG,CRITICAL,Only 33% budget spent but 79% time elapsed,Augmentation of Transformation Capacity at KPS1 [GIS] and KPS2 [GIS] [Phase-V,617069.0,Ministry of Power,Transmission & Distribution,Gujarat,15.7
EXPENDITURE_LAG,CRITICAL,Only 36% budget spent but 75% time elapsed,Augmentation of Banaskantha [Raghanesda] PS [GIS] [POWERGRID Banaskantha,617182.0,Ministry of Power,Transmission & Distribution,Gujarat,16.4
EXPENDITURE_LAG,CRITICAL,Only 3% budget spent but 90% time elapsed,Augmentation of Transformation Capacity at Bhuj-II PS [GIS],617391.0,Ministry of Power,Transmission & Distribution,Gujarat,40.0
PROGRESS_STAGNATION,CRITICAL,Only 7% progress with 90% time elapsed,Augmentation of Transformation Capacity at Bhuj-II PS [GIS],617391.0,Ministry of Power,Transmission & Distribution,Gujarat,40.0
EXPENDITURE_LAG,CRITICAL,Only 17% budget spent but 96% time elapsed,Jamnagar Transmission Limited,617405.0,Ministry of Power,Transmission & Distribution,Gujarat,44.7
PROGRESS_STAGNATION,CRITICAL,Only 24% progress with 96% time elapsed,Jamnagar Transmission Limited,617405.0,Ministry of Power,Transmission & Distribution,Gujarat,44.7
EXPENDITURE_LAG,CRITICAL,Only 3% budget spent but 86% time elapsed,Provision of ICT Augmentation & Bus Reactor at Bhuj-II PS,617801.0,Ministry of Power,Transmission & Distribution,Gujarat,39.4
PROGRESS_STAGNATION,CRITICAL,Only 7% progress with 86% time elapsed,Provision of ICT Augmentation & Bus Reactor at Bhuj-II PS,617801.0,Ministry of Power,Transmission & Distribution,Gujarat,39.4
MULTI_MONTH_STAGNATION,CRITICAL,No progress improvement over multiple months,KPSIII HVDC Transmission Limited,619026.0,Ministry of Power,Transmission & Distribution,Gujarat,24.1
EXPENDITURE_LAG,CRITICAL,Only 22% budget spent but 134% time elapsed,Transmission System for Reliable Power Supply to Dholera,619029.0,Ministry of Power,Transmission & Distribution,Gujarat,45.3
EXPENDITURE_LAG,CRITICAL,Only 2% budget spent but 108% time elapsed,Transmission Scheme for evacuation of Power from Ratle HEP [850 MW] & kiru [624,617179.0,Ministry of Power,Transmission & Distribution,"Jammu and
Kashmir",54.0
PROGRESS_STAGNATION,CRITICAL,Only 2% progress with 108% time elapsed,Transmission Scheme for evacuation of Power from Ratle HEP [850 MW] & kiru [624,617179.0,Ministry of Power,Transmission & Distribution,"Jammu and
Kashmir",54.0
MULTI_MONTH_STAGNATION,CRITICAL,No progress improvement over multiple months,Transmission Scheme for evacuation of Power from Ratle HEP [850 MW] & kiru [624,617179.0,Ministry of Power,Transmission & Distribution,"Jammu and
Kashmir",54.0
TIME_OVERRUN,WARNING,Delayed by 15 months,Implementation of Transmission Systems in the State of Jharkhand consisting of,617326.0,Ministry of Power,Transmission & Distribution,Jharkhand,34.2
MULTI_MONTH_STAGNATION,CRITICAL,No progress improvement over multiple months,Implementation of Transmission Systems in the State of Jharkhand consisting of,617326.0,Ministry of Power,Transmission & Distribution,Jharkhand,34.2
MULTI_MONTH_STAGNATION,CRITICAL,No progress improvement over multiple months,Transmission System Strengthening at Davanagere for Integration of RE Generation,617803.0,Ministry of Power,Transmission & Distribution,Karnataka,24.7
MULTI_MONTH_STAGNATION,CRITICAL,No progress improvement over multiple months,Transmission System Strengthening for integration of additional RE Potential at,619228.0,Ministry of Power,Transmission & Distribution,Karnataka,23.0
MULTI_MONTH_STAGNATION,CRITICAL,No progress improvement over multiple months,Augmentation of 1x500 MVA 400/220kV ICT [3rd] at Thrissur VSC HVDC Station in,619028.0,Ministry of Power,Transmission & Distribution,Kerala,46.5
EXPENDITURE_LAG,CRITICAL,Only 17% budget spent but 72% time elapsed,Mahan Transmission Limited,619024.0,Ministry of Power,Transmission & Distribution,Madhya Pradesh,21.2
MULTI_MONTH_STAGNATION,CRITICAL,No progress improvement over multiple months,WRNES Talegaon Power Transmission Limited,619027.0,Ministry of Power,Transmission & Distribution,Maharashtra,32.9
EXPENDITURE_LAG,CRITICAL,Only 32% budget spent but 75% time elapsed,Transmission System for Integration of Kurnool-IV REZ Phase-I [for 4.5 GW],617185.0,Ministry of Power,Transmission & Distribution,"Multi-States
(Andhra Pradesh,
Karnataka)",36.4
EXPENDITURE_LAG,CRITICAL,Only 27% budget spent but 75% time elapsed,Transmission System for Integration of Ananthapur 2 REZ Phase 1 for 4.5 GW. SPV,617806.0,Ministry of Power,Transmission & Distribution,"Multi-States
(Andhra Pradesh,
Karnataka)",23.3
PF_GAP,WARNING,Physical-Financial gap of 37.4%,Transmission System for Integration of Ananthapur 2 REZ Phase 1 for 4.5 GW. SPV,617806.0,Ministry of Power,Transmission & Distribution,"Multi-States
(Andhra Pradesh,
Karnataka)",23.3
COST_ESCALATION,CRITICAL,Cost escalated by 92.0% from original,Comprehensive Scheme for Strengthening of Transmission and Distribution [T&D],602223.0,Ministry of Power,Transmission & Distribution,"Multi-States
(Arunachal
Pradesh, Sikkim)",92.2
PF_GAP,WARNING,Physical-Financial gap of -87.3%,Comprehensive Scheme for Strengthening of Transmission and Distribution [T&D],602223.0,Ministry of Power,Transmission & Distribution,"Multi-States
(Arunachal
Pradesh, Sikkim)",92.2
HIGH_RISK_ML,CRITICAL,ML risk score: 92/100,Comprehensive Scheme for Strengthening of Transmission and Distribution [T&D],602223.0,Ministry of Power,Transmission & Distribution,"Multi-States
(Arunachal
Pradesh, Sikkim)",92.2
TIME_OVERRUN,CRITICAL,Delayed by 99 months,Comprehensive Scheme for Strengthening of Transmission and Distribution [T&D],602223.0,Ministry of Power,Transmission & Distribution,"Multi-States
(Arunachal
Pradesh, Sikkim)",92.2
MULTI_MONTH_STAGNATION,CRITICAL,No progress improvement over multiple months,Comprehensive Scheme for Strengthening of Transmission and Distribution [T&D],602223.0,Ministry of Power,Transmission & Distribution,"Multi-States
(Arunachal
Pradesh, Sikkim)",92.2
COST_ESCALATION,WARNING,Cost escalated by 31.1% from original,NORTH EASTERN REGION POWER SYSTEM IMPROVEMENT PROJECT,607709.0,Ministry of Power,Transmission & Distribution,"Multi-States
(Assam, Manipur,
Meghalaya,
Mizoram,
Nagaland, Tripura)",78.1
ELEVATED_RISK_ML,WARNING,ML risk score: 78/100,NORTH EASTERN REGION POWER SYSTEM IMPROVEMENT PROJECT,607709.0,Ministry of Power,Transmission & Distribution,"Multi-States
(Assam, Manipur,
Meghalaya,
Mizoram,
Nagaland, Tripura)",78.1
TIME_OVERRUN,CRITICAL,Delayed by 99 months,NORTH EASTERN REGION POWER SYSTEM IMPROVEMENT PROJECT,607709.0,Ministry of Power,Transmission & Distribution,"Multi-States
(Assam, Manipur,
Meghalaya,
Mizoram,
Nagaland, Tripura)",78.1
MULTI_MONTH_STAGNATION,CRITICAL,No progress improvement over multiple months,NORTH EASTERN REGION POWER SYSTEM IMPROVEMENT PROJECT,607709.0,Ministry of Power,Transmission & Distribution,"Multi-States
(Assam, Manipur,
Meghalaya,
Mizoram,
Nagaland, Tripura)",78.1
PROGRESS_STAGNATION,CRITICAL,Only 30% progress with 134% time elapsed,Eastern Region Expansion Scheme-43 [ERES-43],617271.0,Ministry of Power,Transmission & Distribution,"Multi-States
(Bihar, Odisha,
West Bengal)",51.2
MULTI_MONTH_STAGNATION,CRITICAL,No progress improvement over multiple months,Eastern Region Expansion Scheme-43 [ERES-43],617271.0,Ministry of Power,Transmission & Distribution,"Multi-States
(Bihar, Odisha,
West Bengal)",51.2
EXPENDITURE_LAG,CRITICAL,Only 1% budget spent but 123% time elapsed,Eastern Region Expansion Scheme-44 [ERES-44],617270.0,Ministry of Power,Transmission & Distribution,"Multi-States
(Bihar, West
Bengal)",54.2
PROGRESS_STAGNATION,CRITICAL,Only 2% progress with 123% time elapsed,Eastern Region Expansion Scheme-44 [ERES-44],617270.0,Ministry of Power,Transmission & Distribution,"Multi-States
(Bihar, West
Bengal)",54.2
TIME_OVERRUN,WARNING,Delayed by 16 months,Eastern Region Expansion Scheme-44 [ERES-44],617270.0,Ministry of Power,Transmission & Distribution,"Multi-States
(Bihar, West
Bengal)",54.2
MULTI_MONTH_STAGNATION,CRITICAL,No progress improvement over multiple months,Eastern Region Expansion Scheme-44 [ERES-44],617270.0,Ministry of Power,Transmission & Distribution,"Multi-States
(Bihar, West
Bengal)",54.2
TIME_OVERRUN,WARNING,Delayed by 19 months,Transmission Scheme for Evacuation of power from REZ in Rajasthan [20 GW] under,612132.0,Ministry of Power,Transmission & Distribution,"Multi-States (Delhi,
Haryana,
Rajasthan)",34.5
TIME_OVERRUN,WARNING,Delayed by 21 months,Transmission system for evacuation of power from REZ in Rajasthan 20GW under,611735.0,Ministry of Power,Transmission & Distribution,"Multi-States (Delhi,
Rajasthan)",37.1
EXPENDITURE_LAG,CRITICAL,Only 33% budget spent but 92% time elapsed,Transmission system for evacuation of power from Rajasthan REZ Ph-IV [Part-,615339.0,Ministry of Power,Transmission & Distribution,"Multi-States
(Haryana, Punjab,
Rajasthan)",38.3
EXPENDITURE_LAG,CRITICAL,Only 36% budget spent but 92% time elapsed,TRANSMISSION SYSTEM FOR EVACUATION OF POWER FROM RAJASTHAN,615340.0,Ministry of Power,Transmission & Distribution,"Multi-States
(Haryana,
Rajasthan)",37.5
MULTI_MONTH_STAGNATION,CRITICAL,No progress improvement over multiple months,Inter-Regional Strengthening between SR Grid and WR Grid,617808.0,Ministry of Power,Transmission & Distribution,"Multi-States
(Karnataka,
Maharashtra)",22.2
EXPENDITURE_LAG,CRITICAL,Only 30% budget spent but 75% time elapsed,Rajasthan REZ Ph-V [Part-1- 4 GW] [Sirohi/Nagaur] Complex [Rajasthan V Power,617186.0,Ministry of Power,Transmission & Distribution,"Multi-States
(Madhya Pradesh,
Rajasthan)",34.6
TIME_OVERRUN,WARNING,Delayed by 16 months,Transmission System for Evacuation of power from Rajasthan REZ Ph-IV [Part-1],612133.0,Ministry of Power,Transmission & Distribution,"Multi-States
(Rajasthan, Uttar
Pradesh)",35.4
EXPENDITURE_LAG,CRITICAL,Only 33% budget spent but 88% time elapsed,Transmission System for evacuation of Power from Rajasthan REZ Ph-IV [Part-4 3.5,616670.0,Ministry of Power,Transmission & Distribution,"Multi-States
(Rajasthan, Uttar
Pradesh)",38.5
TIME_OVERRUN,WARNING,Delayed by 16 months,Transmission system for evacuation of power from REZ in Rajasthan 20 GW under,611949.0,Ministry of Power,Transmission & Distribution,Rajasthan,34.7
TIME_OVERRUN,WARNING,Delayed by 16 months,Transmission System for Evacuation of power from Rajasthan REZ Ph-IV [Part-1],612134.0,Ministry of Power,Transmission & Distribution,Rajasthan,33.2
EXPENDITURE_LAG,CRITICAL,Only 8% budget spent but 86% time elapsed,"Augmentation at Fatehgarh-II PS, Fatehgarh-IV PS [Section-II] and Barmer-I PS",617181.0,Ministry of Power,Transmission & Distribution,Rajasthan,43.3
PROGRESS_STAGNATION,CRITICAL,Only 17% progress with 86% time elapsed,"Augmentation at Fatehgarh-II PS, Fatehgarh-IV PS [Section-II] and Barmer-I PS",617181.0,Ministry of Power,Transmission & Distribution,Rajasthan,43.3
EXPENDITURE_LAG,CRITICAL,Only 38% budget spent but 87% time elapsed,Transmission System under ISTS for evacuation of Power from Kudankulam Unit-3&4,616671.0,Ministry of Power,Transmission & Distribution,Tamil Nadu,31.4
PROGRESS_STAGNATION,CRITICAL,Only 24% progress with 87% time elapsed,Transmission System under ISTS for evacuation of Power from Kudankulam Unit-3&4,616671.0,Ministry of Power,Transmission & Distribution,Tamil Nadu,31.4
EXPENDITURE_LAG,CRITICAL,Only 6% budget spent but 117% time elapsed,Transmission System for Strengthening to facilitate evacuation of power from,617269.0,Ministry of Power,Transmission & Distribution,Uttar Pradesh,46.5
PROGRESS_STAGNATION,CRITICAL,Only 12% progress with 117% time elapsed,Transmission System for Strengthening to facilitate evacuation of power from,617269.0,Ministry of Power,Transmission & Distribution,Uttar Pradesh,46.5
EXPENDITURE_LAG,CRITICAL,Only 16% budget spent but 323% time elapsed,Integrated Command control Center [ICCC] - Construction and Development of,707229.0,Ministry of Housing & Urban Affairs,Real Estate,"Andaman &
Nicobar",78.1
PF_GAP,WARNING,Physical-Financial gap of 79.2%,Integrated Command control Center [ICCC] - Construction and Development of,707229.0,Ministry of Housing & Urban Affairs,Real Estate,"Andaman &
Nicobar",78.1
ELEVATED_RISK_ML,WARNING,ML risk score: 78/100,Integrated Command control Center [ICCC] - Construction and Development of,707229.0,Ministry of Housing & Urban Affairs,Real Estate,"Andaman &
Nicobar",78.1
TIME_OVERRUN,WARNING,Delayed by 29 months,Integrated Command control Center [ICCC] - Construction and Development of,707229.0,Ministry of Housing & Urban Affairs,Real Estate,"Andaman &
Nicobar",78.1
MULTI_MONTH_STAGNATION,CRITICAL,No progress improvement over multiple months,Redevelopment of Seven General Pool Residential Accommodation [GPRA] Colonies,400188.0,Ministry of Housing & Urban Affairs,Real Estate,Delhi,26.3
TIME_OVERRUN,CRITICAL,Delayed by 48 months,Rehablitation in Junavadaj Area Smart City Project,701719.0,Ministry of Housing & Urban Affairs,Real Estate,Gujarat,45.9
MULTI_MONTH_STAGNATION,CRITICAL,No progress improvement over multiple months,Rehablitation in Junavadaj Area Smart City Project,701719.0,Ministry of Housing & Urban Affairs,Real Estate,Gujarat,45.9
COST_ESCALATION,WARNING,Cost escalated by 36.5% from original,Green Building Development Project,701766.0,Ministry of Housing & Urban Affairs,Real Estate,Uttarakhand,77.1
EXPENDITURE_LAG,CRITICAL,Only 29% budget spent but 167% time elapsed,Green Building Development Project,701766.0,Ministry of Housing & Urban Affairs,Real Estate,Uttarakhand,77.1
ELEVATED_RISK_ML,WARNING,ML risk score: 77/100,Green Building Development Project,701766.0,Ministry of Housing & Urban Affairs,Real Estate,Uttarakhand,77.1
TIME_OVERRUN,CRITICAL,Delayed by 37 months,Green Building Development Project,701766.0,Ministry of Housing & Urban Affairs,Real Estate,Uttarakhand,77.1
MULTI_MONTH_STAGNATION,CRITICAL,No progress improvement over multiple months,Green Building Development Project,701766.0,Ministry of Housing & Urban Affairs,Real Estate,Uttarakhand,77.1
EXPENDITURE_LAG,CRITICAL,Only 39% budget spent but 152% time elapsed,Patna Metro Rail Project,702627.0,Ministry of Housing & Urban Affairs,Urban Public Transport,Bihar,50.8
TIME_OVERRUN,CRITICAL,Delayed by 40 months,Patna Metro Rail Project,702627.0,Ministry of Housing & Urban Affairs,Urban Public Transport,Bihar,50.8
MULTI_MONTH_STAGNATION,CRITICAL,No progress improvement over multiple months,Patna Metro Rail Project,702627.0,Ministry of Housing & Urban Affairs,Urban Public Transport,Bihar,50.8
MULTI_MONTH_STAGNATION,CRITICAL,No progress improvement over multiple months,Delhi Metro Rail Phase-IV [2 Corridors],617207.0,Ministry of Housing & Urban Affairs,Urban Public Transport,Delhi,32.1
MULTI_MONTH_STAGNATION,CRITICAL,No progress improvement over multiple months,Delhi Metro Rail Phase V A,619031.0,Ministry of Housing & Urban Affairs,Urban Public Transport,Delhi,22.7
TIME_OVERRUN,WARNING,Delayed by 21 months,DMRTS Phase - IV [3 Priority Corridors],702632.0,Ministry of Housing & Urban Affairs,Urban Public Transport,Delhi,30.5
TIME_OVERRUN,WARNING,Delayed by 36 months,Surat Metro Rail Project,702630.0,Ministry of Housing & Urban Affairs,Urban Public Transport,Gujarat,35.1
EXPENDITURE_LAG,CRITICAL,Only 4% budget spent but 72% time elapsed,Metro connectivity from Millennium City Centre to Cyber City with Spur to Dwarka,619022.0,Ministry of Housing & Urban Affairs,Urban Public Transport,Haryana,25.9
COST_ESCALATION,WARNING,Cost escalated by 16.2% from original,Construction of Bangalore Metro Rail Project Phase 2.,702635.0,Ministry of Housing & Urban Affairs,Urban Public Transport,Karnataka,72.5
ELEVATED_RISK_ML,WARNING,ML risk score: 72/100,Construction of Bangalore Metro Rail Project Phase 2.,702635.0,Ministry of Housing & Urban Affairs,Urban Public Transport,Karnataka,72.5
TIME_OVERRUN,CRITICAL,Delayed by 66 months,Construction of Bangalore Metro Rail Project Phase 2.,702635.0,Ministry of Housing & Urban Affairs,Urban Public Transport,Karnataka,72.5
MULTI_MONTH_STAGNATION,CRITICAL,No progress improvement over multiple months,Construction of Bangalore Metro Rail Project Phase 2.,702635.0,Ministry of Housing & Urban Affairs,Urban Public Transport,Karnataka,72.5
TIME_OVERRUN,CRITICAL,Delayed by 67 months,Bhopal Metro Rail Project,702625.0,Ministry of Housing & Urban Affairs,Urban Public Transport,Madhya Pradesh,39.8
TIME_OVERRUN,CRITICAL,Delayed by 73 months,Indore Metro Rail Project,702626.0,Ministry of Housing & Urban Affairs,Urban Public Transport,Madhya Pradesh,39.5
EXPENDITURE_LAG,CRITICAL,Only 34% budget spent but 90% time elapsed,PCMC To Nigdi- Extension Of North South Corridor Of Phase-1,617225.0,Ministry of Housing & Urban Affairs,Urban Public Transport,Maharashtra,37.7
COST_ESCALATION,WARNING,Cost escalated by 20.6% from original,Kalyan Station Precinct Imporvement Project,701991.0,Ministry of Housing & Urban Affairs,Urban Public Transport,Maharashtra,63.9
ELEVATED_RISK_ML,WARNING,ML risk score: 64/100,Kalyan Station Precinct Imporvement Project,701991.0,Ministry of Housing & Urban Affairs,Urban Public Transport,Maharashtra,63.9
TIME_OVERRUN,WARNING,Delayed by 35 months,Kalyan Station Precinct Imporvement Project,701991.0,Ministry of Housing & Urban Affairs,Urban Public Transport,Maharashtra,63.9
COST_ESCALATION,CRITICAL,Cost escalated by 61.1% from original,Mumbai Metro Line 3,702637.0,Ministry of Housing & Urban Affairs,Urban Public Transport,Maharashtra,75.4
PF_GAP,WARNING,Physical-Financial gap of -56.2%,Mumbai Metro Line 3,702637.0,Ministry of Housing & Urban Affairs,Urban Public Transport,Maharashtra,75.4
ELEVATED_RISK_ML,WARNING,ML risk score: 75/100,Mumbai Metro Line 3,702637.0,Ministry of Housing & Urban Affairs,Urban Public Transport,Maharashtra,75.4
TIME_OVERRUN,WARNING,Delayed by 29 months,Mumbai Metro Line 3,702637.0,Ministry of Housing & Urban Affairs,Urban Public Transport,Maharashtra,75.4
EXPENDITURE_LAG,CRITICAL,Only 32% budget spent but 75% time elapsed,Nagpur Metro Rail Phase II Development Project,702658.0,Ministry of Housing & Urban Affairs,Urban Public Transport,Maharashtra,16.1
EXPENDITURE_LAG,CRITICAL,Only 11% budget spent but 84% time elapsed,Rajasthan Metro Rail Project Phase 1C from Badi Chaupar to Transport Nagar via,612066.0,Ministry of Housing & Urban Affairs,Urban Public Transport,Rajasthan,34.1
PROGRESS_STAGNATION,CRITICAL,Only 0% progress with 84% time elapsed,Rajasthan Metro Rail Project Phase 1C from Badi Chaupar to Transport Nagar via,612066.0,Ministry of Housing & Urban Affairs,Urban Public Transport,Rajasthan,34.1
MULTI_MONTH_STAGNATION,CRITICAL,No progress improvement over multiple months,Rajasthan Metro Rail Project Phase 1C from Badi Chaupar to Transport Nagar via,612066.0,Ministry of Housing & Urban Affairs,Urban Public Transport,Rajasthan,34.1
EXPENDITURE_LAG,CRITICAL,Only 11% budget spent but 122% time elapsed,Jaipur Metro Phase 1D Project from Mansarovar to Ajmer Road Chauraha,612068.0,Ministry of Housing & Urban Affairs,Urban Public Transport,Rajasthan,33.4
PROGRESS_STAGNATION,CRITICAL,Only 12% progress with 122% time elapsed,Jaipur Metro Phase 1D Project from Mansarovar to Ajmer Road Chauraha,612068.0,Ministry of Housing & Urban Affairs,Urban Public Transport,Rajasthan,33.4
MULTI_MONTH_STAGNATION,CRITICAL,No progress improvement over multiple months,Jaipur Metro Phase 1D Project from Mansarovar to Ajmer Road Chauraha,612068.0,Ministry of Housing & Urban Affairs,Urban Public Transport,Rajasthan,33.4
MULTI_MONTH_STAGNATION,CRITICAL,No progress improvement over multiple months,Extension of Aqua Line Metro Corridor from Noida Sector-142 station to Botanical,616221.0,Ministry of Housing & Urban Affairs,Urban Public Transport,Uttar Pradesh,23.1
TIME_OVERRUN,WARNING,Delayed by 34 months,Kanpur Metro Rail Project,702628.0,Ministry of Housing & Urban Affairs,Urban Public Transport,Uttar Pradesh,33.8
TIME_OVERRUN,CRITICAL,Delayed by 37 months,Agra Metro Rail Project,702629.0,Ministry of Housing & Urban Affairs,Urban Public Transport,Uttar Pradesh,36.9
PF_GAP,WARNING,Physical-Financial gap of 30.4%,"ESR - 8 nos., distribution system - 216 Km, new house service connections - 38760",702674.0,Ministry of Housing & Urban Affairs,Waste & Water,Andhra Pradesh,53.7
TIME_OVERRUN,CRITICAL,Delayed by 41 months,"ESR - 8 nos., distribution system - 216 Km, new house service connections - 38760",702674.0,Ministry of Housing & Urban Affairs,Waste & Water,Andhra Pradesh,53.7
MULTI_MONTH_STAGNATION,CRITICAL,No progress improvement over multiple months,"ESR - 8 nos., distribution system - 216 Km, new house service connections - 38760",702674.0,Ministry of Housing & Urban Affairs,Waste & Water,Andhra Pradesh,53.7
TIME_OVERRUN,WARNING,Delayed by 32 months,Muzaffarpur Storm Water Drainage Phase-I Project,702699.0,Ministry of Housing & Urban Affairs,Waste & Water,Bihar,34.1
TIME_OVERRUN,WARNING,Delayed by 36 months,Sewerage Management Scheme Part-3 Implementation,702734.0,Ministry of Housing & Urban Affairs,Waste & Water,Haryana,42.5
MULTI_MONTH_STAGNATION,CRITICAL,No progress improvement over multiple months,Sewerage Management Scheme Part-3 Implementation,702734.0,Ministry of Housing & Urban Affairs,Waste & Water,Haryana,42.5
TIME_OVERRUN,CRITICAL,Delayed by 39 months,Dhanbad Water Supply Infrastructure Project,702741.0,Ministry of Housing & Urban Affairs,Waste & Water,Jharkhand,50.6
MULTI_MONTH_STAGNATION,CRITICAL,No progress improvement over multiple months,Dhanbad Water Supply Infrastructure Project,702741.0,Ministry of Housing & Urban Affairs,Waste & Water,Jharkhand,50.6
TIME_OVERRUN,WARNING,Delayed by 32 months,SAAP-3 Water Supply Infrastructure SAAP-3 Project,702742.0,Ministry of Housing & Urban Affairs,Waste & Water,Jharkhand,48.2
MULTI_MONTH_STAGNATION,CRITICAL,No progress improvement over multiple months,SAAP-3 Water Supply Infrastructure SAAP-3 Project,702742.0,Ministry of Housing & Urban Affairs,Waste & Water,Jharkhand,48.2
TIME_OVERRUN,CRITICAL,Delayed by 39 months,Augmentation and Strenghthning of Urban Water Supply Phase 1 - SAAP 3,702746.0,Ministry of Housing & Urban Affairs,Waste & Water,Jharkhand,48.9
MULTI_MONTH_STAGNATION,CRITICAL,No progress improvement over multiple months,Augmentation and Strenghthning of Urban Water Supply Phase 1 - SAAP 3,702746.0,Ministry of Housing & Urban Affairs,Waste & Water,Jharkhand,48.9
PF_GAP,WARNING,Physical-Financial gap of 31.1%,Belgavi Improvement in Sewerage System Project,702760.0,Ministry of Housing & Urban Affairs,Waste & Water,Karnataka,53.2
TIME_OVERRUN,WARNING,Delayed by 35 months,Belgavi Improvement in Sewerage System Project,702760.0,Ministry of Housing & Urban Affairs,Waste & Water,Karnataka,53.2
MULTI_MONTH_STAGNATION,CRITICAL,No progress improvement over multiple months,Belgavi Improvement in Sewerage System Project,702760.0,Ministry of Housing & Urban Affairs,Waste & Water,Karnataka,53.2
TIME_OVERRUN,CRITICAL,Delayed by 39 months,Indore Water Supply Infrastructure Project,702793.0,Ministry of Housing & Urban Affairs,Waste & Water,Madhya Pradesh,45.8
MULTI_MONTH_STAGNATION,CRITICAL,No progress improvement over multiple months,Indore Water Supply Infrastructure Project,702793.0,Ministry of Housing & Urban Affairs,Waste & Water,Madhya Pradesh,45.8
ELEVATED_RISK_ML,WARNING,ML risk score: 63/100,Satna Sewerage Management and Treatment Infrastructure Project,702808.0,Ministry of Housing & Urban Affairs,Waste & Water,Madhya Pradesh,63.1
TIME_OVERRUN,WARNING,Delayed by 29 months,Satna Sewerage Management and Treatment Infrastructure Project,702808.0,Ministry of Housing & Urban Affairs,Waste & Water,Madhya Pradesh,63.1
MULTI_MONTH_STAGNATION,CRITICAL,No progress improvement over multiple months,Satna Sewerage Management and Treatment Infrastructure Project,702808.0,Ministry of Housing & Urban Affairs,Waste & Water,Madhya Pradesh,63.1
ELEVATED_RISK_ML,WARNING,ML risk score: 64/100,Singrauli Sewerage Management and Treatment Infrastructure Project,702810.0,Ministry of Housing & Urban Affairs,Waste & Water,Madhya Pradesh,63.7
TIME_OVERRUN,CRITICAL,Delayed by 39 months,Singrauli Sewerage Management and Treatment Infrastructure Project,702810.0,Ministry of Housing & Urban Affairs,Waste & Water,Madhya Pradesh,63.7
MULTI_MONTH_STAGNATION,CRITICAL,No progress improvement over multiple months,Singrauli Sewerage Management and Treatment Infrastructure Project,702810.0,Ministry of Housing & Urban Affairs,Waste & Water,Madhya Pradesh,63.7
TIME_OVERRUN,WARNING,Delayed by 34 months,Kalyan-Dombivali Water Supply Infrastructure Project,702833.0,Ministry of Housing & Urban Affairs,Waste & Water,Maharashtra,46.7
MULTI_MONTH_STAGNATION,CRITICAL,No progress improvement over multiple months,Kalyan-Dombivali Water Supply Infrastructure Project,702833.0,Ministry of Housing & Urban Affairs,Waste & Water,Maharashtra,46.7
PF_GAP,WARNING,Physical-Financial gap of 27.7%,Jalandhar Water Supply Infrastructure Project,703021.0,Ministry of Housing & Urban Affairs,Waste & Water,Punjab,63.4
ELEVATED_RISK_ML,WARNING,ML risk score: 63/100,Jalandhar Water Supply Infrastructure Project,703021.0,Ministry of Housing & Urban Affairs,Waste & Water,Punjab,63.4
TIME_OVERRUN,WARNING,Delayed by 36 months,Jalandhar Water Supply Infrastructure Project,703021.0,Ministry of Housing & Urban Affairs,Waste & Water,Punjab,63.4
PF_GAP,WARNING,Physical-Financial gap of 24.6%,Patiala Water Supply Infrastructure Part-2 Project,703057.0,Ministry of Housing & Urban Affairs,Waste & Water,Punjab,50.8
TIME_OVERRUN,WARNING,Delayed by 34 months,Patiala Water Supply Infrastructure Part-2 Project,703057.0,Ministry of Housing & Urban Affairs,Waste & Water,Punjab,50.8
MULTI_MONTH_STAGNATION,CRITICAL,No progress improvement over multiple months,Patiala Water Supply Infrastructure Part-2 Project,703057.0,Ministry of Housing & Urban Affairs,Waste & Water,Punjab,50.8
TIME_OVERRUN,CRITICAL,Delayed by 37 months,Jhansi Water Supply Infrastructure Phase-II Project,702949.0,Ministry of Housing & Urban Affairs,Waste & Water,Uttar Pradesh,44.0
MULTI_MONTH_STAGNATION,CRITICAL,No progress improvement over multiple months,Jhansi Water Supply Infrastructure Phase-II Project,702949.0,Ministry of Housing & Urban Affairs,Waste & Water,Uttar Pradesh,44.0
COST_ESCALATION,WARNING,Cost escalated by 21.6% from original,Lucknow Sewerage Management Infrastructure Project,702958.0,Ministry of Housing & Urban Affairs,Waste & Water,Uttar Pradesh,72.0
ELEVATED_RISK_ML,WARNING,ML risk score: 72/100,Lucknow Sewerage Management Infrastructure Project,702958.0,Ministry of Housing & Urban Affairs,Waste & Water,Uttar Pradesh,72.0
TIME_OVERRUN,CRITICAL,Delayed by 41 months,Lucknow Sewerage Management Infrastructure Project,702958.0,Ministry of Housing & Urban Affairs,Waste & Water,Uttar Pradesh,72.0
MULTI_MONTH_STAGNATION,CRITICAL,No progress improvement over multiple months,Lucknow Sewerage Management Infrastructure Project,702958.0,Ministry of Housing & Urban Affairs,Waste & Water,Uttar Pradesh,72.0
EXPENDITURE_LAG,CRITICAL,Only 39% budget spent but 101% time elapsed,Construction of Basement + Ground Floor+ 10 Storeyed building for State of the Art,617280.0,Ministry of Mines,Construction,West Bengal,27.8
PF_GAP,WARNING,Physical-Financial gap of 25.3%,Construction of Basement + Ground Floor+ 10 Storeyed building for State of the Art,617280.0,Ministry of Mines,Construction,West Bengal,27.8
MULTI_MONTH_STAGNATION,CRITICAL,No progress improvement over multiple months,Construction of Basement + Ground Floor+ 10 Storeyed building for State of the Art,617280.0,Ministry of Mines,Construction,West Bengal,27.8
COST_ESCALATION,CRITICAL,Cost escalated by 104.7% from original,Expansion of Malanjkhand Copper Project,400426.0,Ministry of Mines,Metals & Mining,Madhya Pradesh,90.8
EXPENDITURE_LAG,CRITICAL,Only 27% budget spent but 228% time elapsed,Expansion of Malanjkhand Copper Project,400426.0,Ministry of Mines,Metals & Mining,Madhya Pradesh,90.8
PROGRESS_STAGNATION,CRITICAL,Only 28% progress with 228% time elapsed,Expansion of Malanjkhand Copper Project,400426.0,Ministry of Mines,Metals & Mining,Madhya Pradesh,90.8
PF_GAP,WARNING,Physical-Financial gap of -26.8%,Expansion of Malanjkhand Copper Project,400426.0,Ministry of Mines,Metals & Mining,Madhya Pradesh,90.8
HIGH_RISK_ML,CRITICAL,ML risk score: 91/100,Expansion of Malanjkhand Copper Project,400426.0,Ministry of Mines,Metals & Mining,Madhya Pradesh,90.8
TIME_OVERRUN,CRITICAL,Delayed by 107 months,Expansion of Malanjkhand Copper Project,400426.0,Ministry of Mines,Metals & Mining,Madhya Pradesh,90.8
MULTI_MONTH_STAGNATION,CRITICAL,No progress improvement over multiple months,Expansion of Malanjkhand Copper Project,400426.0,Ministry of Mines,Metals & Mining,Madhya Pradesh,90.8
COST_ESCALATION,WARNING,Cost escalated by 38.4% from original,Expansion of Alumina Refinery Plant with addition of 5th Stream having capacity,400141.0,Ministry of Mines,Metals & Mining,Odisha,69.8
PF_GAP,WARNING,Physical-Financial gap of -26.8%,Expansion of Alumina Refinery Plant with addition of 5th Stream having capacity,400141.0,Ministry of Mines,Metals & Mining,Odisha,69.8
ELEVATED_RISK_ML,WARNING,ML risk score: 70/100,Expansion of Alumina Refinery Plant with addition of 5th Stream having capacity,400141.0,Ministry of Mines,Metals & Mining,Odisha,69.8
TIME_OVERRUN,CRITICAL,Delayed by 42 months,Expansion of Alumina Refinery Plant with addition of 5th Stream having capacity,400141.0,Ministry of Mines,Metals & Mining,Odisha,69.8
COST_ESCALATION,WARNING,Cost escalated by 42.0% from original,Pottangi Bauxite Mines Project,400299.0,Ministry of Mines,Metals & Mining,Odisha,74.6
EXPENDITURE_LAG,CRITICAL,Only 39% budget spent but 122% time elapsed,Pottangi Bauxite Mines Project,400299.0,Ministry of Mines,Metals & Mining,Odisha,74.6
ELEVATED_RISK_ML,WARNING,ML risk score: 75/100,Pottangi Bauxite Mines Project,400299.0,Ministry of Mines,Metals & Mining,Odisha,74.6
TIME_OVERRUN,WARNING,Delayed by 20 months,Pottangi Bauxite Mines Project,400299.0,Ministry of Mines,Metals & Mining,Odisha,74.6
MULTI_MONTH_STAGNATION,CRITICAL,No progress improvement over multiple months,Pottangi Bauxite Mines Project,400299.0,Ministry of Mines,Metals & Mining,Odisha,74.6
TIME_OVERRUN,WARNING,Delayed by 13 months,SOURCING OF BAUXITE ARRANGEMENT FOR 5TH STREAM ALUMINA,709831.0,Ministry of Mines,Metals & Mining,Odisha,36.0
MULTI_MONTH_STAGNATION,CRITICAL,No progress improvement over multiple months,SOURCING OF BAUXITE ARRANGEMENT FOR 5TH STREAM ALUMINA,709831.0,Ministry of Mines,Metals & Mining,Odisha,36.0
EXPENDITURE_LAG,CRITICAL,Only 22% budget spent but 79% time elapsed,Construction of Permanent Campus of Central Tribal University of Andhra Pradesh,613008.0,Department of Higher Education,Education,Andhra Pradesh,29.4
PF_GAP,WARNING,Physical-Financial gap of 22.3%,Construction of Permanent Campus of Central Tribal University of Andhra Pradesh,613008.0,Department of Higher Education,Education,Andhra Pradesh,29.4
MULTI_MONTH_STAGNATION,CRITICAL,No progress improvement over multiple months,Construction of Permanent Campus of Central Tribal University of Andhra Pradesh,613008.0,Department of Higher Education,Education,Andhra Pradesh,29.4
MULTI_MONTH_STAGNATION,CRITICAL,No progress improvement over multiple months,Construction of Permanent Campus of National Institute of Technology Arunachal,612898.0,Department of Higher Education,Education,Arunachal Pradesh,15.2
PF_GAP,WARNING,Physical-Financial gap of -75.2%,Tezpur University Projects,606112.0,Department of Higher Education,Education,Assam,51.9
TIME_OVERRUN,WARNING,Delayed by 25 months,Tezpur University Projects,606112.0,Department of Higher Education,Education,Assam,51.9
MULTI_MONTH_STAGNATION,CRITICAL,No progress improvement over multiple months,Tezpur University Projects,606112.0,Department of Higher Education,Education,Assam,51.9
TIME_OVERRUN,WARNING,Delayed by 18 months,Additional Campus of NITPatna,606013.0,Department of Higher Education,Education,Bihar,47.4
MULTI_MONTH_STAGNATION,CRITICAL,No progress improvement over multiple months,Additional Campus of NITPatna,606013.0,Department of Higher Education,Education,Bihar,47.4
MULTI_MONTH_STAGNATION,CRITICAL,No progress improvement over multiple months,Phase B Construction of Permanent Campus of IIT Bhilai,617877.0,Department of Higher Education,Education,Chhattisgarh,23.0
MULTI_MONTH_STAGNATION,CRITICAL,No progress improvement over multiple months,"Phase 1B - Construction of Academic Block, Hostel, Residential Tower, Directors",612851.0,Department of Higher Education,Education,Delhi,55.9
EXPENDITURE_LAG,CRITICAL,Only 8% budget spent but 95% time elapsed,Delhi University Eastern Campus at Surajmal Vihar,616886.0,Department of Higher Education,Education,Delhi,24.2
PROGRESS_STAGNATION,CRITICAL,Only 14% progress with 95% time elapsed,Delhi University Eastern Campus at Surajmal Vihar,616886.0,Department of Higher Education,Education,Delhi,24.2
COST_ESCALATION,WARNING,Cost escalated by 15.9% from original,Establishment of Permanent campus Phase 1 of IIM Sirmaur,602099.0,Department of Higher Education,Education,Himachal Pradesh,63.4
ELEVATED_RISK_ML,WARNING,ML risk score: 63/100,Establishment of Permanent campus Phase 1 of IIM Sirmaur,602099.0,Department of Higher Education,Education,Himachal Pradesh,63.4
TIME_OVERRUN,WARNING,Delayed by 34 months,Establishment of Permanent campus Phase 1 of IIM Sirmaur,602099.0,Department of Higher Education,Education,Himachal Pradesh,63.4
COST_ESCALATION,WARNING,Cost escalated by 19.2% from original,Construction of Permanent Campus of Central University of Himachal Pradesh at,612894.0,Department of Higher Education,Education,Himachal Pradesh,62.0
ELEVATED_RISK_ML,WARNING,ML risk score: 62/100,Construction of Permanent Campus of Central University of Himachal Pradesh at,612894.0,Department of Higher Education,Education,Himachal Pradesh,62.0
TIME_OVERRUN,WARNING,Delayed by 16 months,Construction of Permanent Campus of Central University of Himachal Pradesh at,612894.0,Department of Higher Education,Education,Himachal Pradesh,62.0
COST_ESCALATION,WARNING,Cost escalated by 17.9% from original,"Construction of Permanent Campus for IIM Jammu Phase-1 at Jagti, Nagrota,",602098.0,Department of Higher Education,Education,"Jammu and
Kashmir",73.5
ELEVATED_RISK_ML,WARNING,ML risk score: 74/100,"Construction of Permanent Campus for IIM Jammu Phase-1 at Jagti, Nagrota,",602098.0,Department of Higher Education,Education,"Jammu and
Kashmir",73.5
TIME_OVERRUN,WARNING,Delayed by 29 months,"Construction of Permanent Campus for IIM Jammu Phase-1 at Jagti, Nagrota,",602098.0,Department of Higher Education,Education,"Jammu and
Kashmir",73.5
MULTI_MONTH_STAGNATION,CRITICAL,No progress improvement over multiple months,"Construction of Permanent Campus for IIM Jammu Phase-1 at Jagti, Nagrota,",602098.0,Department of Higher Education,Education,"Jammu and
Kashmir",73.5
COST_ESCALATION,WARNING,Cost escalated by 21.0% from original,CONSTRUCTION OF PERMANENT CAMPUS FOR IIT PALAKKAD UNDER PHASE,606431.0,Department of Higher Education,Education,Kerala,79.5
ELEVATED_RISK_ML,WARNING,ML risk score: 80/100,CONSTRUCTION OF PERMANENT CAMPUS FOR IIT PALAKKAD UNDER PHASE,606431.0,Department of Higher Education,Education,Kerala,79.5
TIME_OVERRUN,CRITICAL,Delayed by 48 months,CONSTRUCTION OF PERMANENT CAMPUS FOR IIT PALAKKAD UNDER PHASE,606431.0,Department of Higher Education,Education,Kerala,79.5
MULTI_MONTH_STAGNATION,CRITICAL,No progress improvement over multiple months,CONSTRUCTION OF PERMANENT CAMPUS FOR IIT PALAKKAD UNDER PHASE,606431.0,Department of Higher Education,Education,Kerala,79.5
MULTI_MONTH_STAGNATION,CRITICAL,No progress improvement over multiple months,Phase B of Construction of Permanent Campus of IIT Palakkad,617878.0,Department of Higher Education,Education,Kerala,23.0
EXPENDITURE_LAG,CRITICAL,Only 20% budget spent but 85% time elapsed,"Phase III A works at IIT Indore [03 Hostels, 01 Studio Apartment, 01 Housing, Heavy",611957.0,Department of Higher Education,Education,Madhya Pradesh,26.6
PF_GAP,WARNING,Physical-Financial gap of 47.9%,"Phase III A works at IIT Indore [03 Hostels, 01 Studio Apartment, 01 Housing, Heavy",611957.0,Department of Higher Education,Education,Madhya Pradesh,26.6
PF_GAP,WARNING,Physical-Financial gap of 21.1%,Construction and Developement of National Institute of Technology Meghalaya,612885.0,Department of Higher Education,Education,Meghalaya,38.2
TIME_OVERRUN,CRITICAL,Delayed by 55 months,Construction and Developement of National Institute of Technology Meghalaya,612885.0,Department of Higher Education,Education,Meghalaya,38.2
EXPENDITURE_LAG,CRITICAL,Only 35% budget spent but 79% time elapsed,"Construction of Permanent Campus for NIT Mizoram at Lengpui, Aizawl",612876.0,Department of Higher Education,Education,Mizoram,34.0
PF_GAP,WARNING,Physical-Financial gap of -31.3%,"Construction of Permanent Campus for NIT Mizoram at Lengpui, Aizawl",612876.0,Department of Higher Education,Education,Mizoram,34.0
MULTI_MONTH_STAGNATION,CRITICAL,No progress improvement over multiple months,"Construction of Permanent Campus for NIT Mizoram at Lengpui, Aizawl",612876.0,Department of Higher Education,Education,Mizoram,34.0
MULTI_MONTH_STAGNATION,CRITICAL,No progress improvement over multiple months,Establishment of NIT Nagaland,613013.0,Department of Higher Education,Education,Nagaland,12.5
PF_GAP,WARNING,Physical-Financial gap of 27.4%,IISER BERHAMPUR,610315.0,Department of Higher Education,Education,Odisha,53.7
TIME_OVERRUN,CRITICAL,Delayed by 63 months,IISER BERHAMPUR,610315.0,Department of Higher Education,Education,Odisha,53.7
MULTI_MONTH_STAGNATION,CRITICAL,No progress improvement over multiple months,IISER BERHAMPUR,610315.0,Department of Higher Education,Education,Odisha,53.7
EXPENDITURE_LAG,CRITICAL,Only 22% budget spent but 93% time elapsed,Construction of IIT Bhubaneswar -Phase III,611961.0,Department of Higher Education,Education,Odisha,23.8
PROGRESS_STAGNATION,CRITICAL,Only 10% progress with 93% time elapsed,Construction of IIT Bhubaneswar -Phase III,611961.0,Department of Higher Education,Education,Odisha,23.8
EXPENDITURE_LAG,CRITICAL,Only 27% budget spent but 110% time elapsed,"1000 seater Boys hostel, 500 seater Girls hostel, 1.5 MLD Sewage Treatment Plant",619033.0,Department of Higher Education,Education,Odisha,44.5
PF_GAP,WARNING,Physical-Financial gap of 23.4%,"1000 seater Boys hostel, 500 seater Girls hostel, 1.5 MLD Sewage Treatment Plant",619033.0,Department of Higher Education,Education,Odisha,44.5
TIME_OVERRUN,WARNING,Delayed by 14 months,"1000 seater Boys hostel, 500 seater Girls hostel, 1.5 MLD Sewage Treatment Plant",619033.0,Department of Higher Education,Education,Odisha,44.5
TIME_OVERRUN,WARNING,Delayed by 17 months,Establishment of NIT Puducherry Permanent Campus [Phase-I and Phase-II],612877.0,Department of Higher Education,Education,Puducherry,22.2
ELEVATED_RISK_ML,WARNING,ML risk score: 71/100,"Construction of Permanent Campus of Indian Institute of Management [IIM] Amritsar,",605292.0,Department of Higher Education,Education,Punjab,70.8
TIME_OVERRUN,CRITICAL,Delayed by 41 months,"Construction of Permanent Campus of Indian Institute of Management [IIM] Amritsar,",605292.0,Department of Higher Education,Education,Punjab,70.8
MULTI_MONTH_STAGNATION,CRITICAL,No progress improvement over multiple months,"Construction of Permanent Campus of Indian Institute of Management [IIM] Amritsar,",605292.0,Department of Higher Education,Education,Punjab,70.8
TIME_OVERRUN,WARNING,Delayed by 21 months,"Construction of Sikkim University Campus Phase-I Package-II at Yangang, South",609736.0,Department of Higher Education,Education,Sikkim,56.3
TIME_OVERRUN,WARNING,Delayed by 15 months,Construction of Precast housing and hostels at IIT Hyderabad,609996.0,Department of Higher Education,Education,Telangana,37.4
TIME_OVERRUN,CRITICAL,Delayed by 58 months,Banaras Hindu University [ Kayakalp of Institute of Medical Sciences],606479.0,Department of Higher Education,Education,Uttar Pradesh,50.3
MULTI_MONTH_STAGNATION,CRITICAL,No progress improvement over multiple months,Banaras Hindu University [ Kayakalp of Institute of Medical Sciences],606479.0,Department of Higher Education,Education,Uttar Pradesh,50.3
TIME_OVERRUN,CRITICAL,Delayed by 45 months,"HEFA projects on development of student hostels, playgrounds, departmental",609019.0,Department of Higher Education,Education,West Bengal,37.9
PF_GAP,WARNING,Physical-Financial gap of 33.8%,"National Sports University [NSU], Imphal [Manipur]",400081.0,Department of Sports,Education,Manipur,50.3
TIME_OVERRUN,WARNING,Delayed by 24 months,"National Sports University [NSU], Imphal [Manipur]",400081.0,Department of Sports,Education,Manipur,50.3
MULTI_MONTH_STAGNATION,CRITICAL,No progress improvement over multiple months,"National Sports University [NSU], Imphal [Manipur]",400081.0,Department of Sports,Education,Manipur,50.3
PF_GAP,WARNING,Physical-Financial gap of 22.4%,"Setting up of new rail fed POL facility at Kamardanga, Assam",709755.0,Ministry of Petroleum & Natural Gas,Energy Storage,Assam,8.8
PF_GAP,WARNING,Physical-Financial gap of 20.9%,Capacity Augmentation of Kandla LPG Import Terminal [KLIT] from 0.6 MMTPA to 2.5,617839.0,Ministry of Petroleum & Natural Gas,Energy Storage,Gujarat,16.7
COST_ESCALATION,WARNING,Cost escalated by 38.5% from original,"Andheri Residential Towers, Mumbai",604833.0,Ministry of Petroleum & Natural Gas,Energy Storage,Maharashtra,62.5
ELEVATED_RISK_ML,WARNING,ML risk score: 62/100,"Andheri Residential Towers, Mumbai",604833.0,Ministry of Petroleum & Natural Gas,Energy Storage,Maharashtra,62.5
TIME_OVERRUN,WARNING,Delayed by 25 months,"Andheri Residential Towers, Mumbai",604833.0,Ministry of Petroleum & Natural Gas,Energy Storage,Maharashtra,62.5
PF_GAP,WARNING,Physical-Financial gap of 42.8%,"Petrochemical evacuation marketing terminal at Barmer, Rajasthan",709759.0,Ministry of Petroleum & Natural Gas,Energy Storage,Rajasthan,17.5
PF_GAP,WARNING,Physical-Financial gap of 34.9%,Laying of POL Pipelines in Common Corridor for proposed grass root terminal at,400043.0,Ministry of Petroleum & Natural Gas,Energy Storage,Tamil Nadu,42.4
COST_ESCALATION,CRITICAL,Cost escalated by 155.5% from original,Multi Product Pipeline from Irugur to Devangonthi,400301.0,Ministry of Petroleum & Natural Gas,Energy Storage,Tamil Nadu,85.6
PF_GAP,WARNING,Physical-Financial gap of -91.5%,Multi Product Pipeline from Irugur to Devangonthi,400301.0,Ministry of Petroleum & Natural Gas,Energy Storage,Tamil Nadu,85.6
HIGH_RISK_ML,CRITICAL,ML risk score: 86/100,Multi Product Pipeline from Irugur to Devangonthi,400301.0,Ministry of Petroleum & Natural Gas,Energy Storage,Tamil Nadu,85.6
TIME_OVERRUN,CRITICAL,Delayed by 115 months,Multi Product Pipeline from Irugur to Devangonthi,400301.0,Ministry of Petroleum & Natural Gas,Energy Storage,Tamil Nadu,85.6
TIME_OVERRUN,CRITICAL,Delayed by 58 months,Kandla Gorakhpur LPG Pipeline,400012.0,Ministry of Petroleum & Natural Gas,Energy Storage,Uttar Pradesh,42.2
EXPENDITURE_LAG,CRITICAL,Only 31% budget spent but 96% time elapsed,"Grass-root Terminal at Mirzapur, Uttar Pradesh",604852.0,Ministry of Petroleum & Natural Gas,Energy Storage,Uttar Pradesh,25.3
PF_GAP,WARNING,Physical-Financial gap of 45.8%,"Grass-root Terminal at Mirzapur, Uttar Pradesh",604852.0,Ministry of Petroleum & Natural Gas,Energy Storage,Uttar Pradesh,25.3
COST_ESCALATION,WARNING,Cost escalated by 21.3% from original,Paradip-Numaligarh Crude Oil Pipeline [PNCPL] & Crude Oil Import Terminal [COIT],701349.0,Ministry of Petroleum & Natural Gas,Energy Storage,West Bengal,60.2
ELEVATED_RISK_ML,WARNING,ML risk score: 60/100,Paradip-Numaligarh Crude Oil Pipeline [PNCPL] & Crude Oil Import Terminal [COIT],701349.0,Ministry of Petroleum & Natural Gas,Energy Storage,West Bengal,60.2
TIME_OVERRUN,WARNING,Delayed by 27 months,Paradip-Numaligarh Crude Oil Pipeline [PNCPL] & Crude Oil Import Terminal [COIT],701349.0,Ministry of Petroleum & Natural Gas,Energy Storage,West Bengal,60.2
TIME_OVERRUN,CRITICAL,Delayed by 75 months,KG-DWN-98/2 Cluster - II Development Project - NELP Block,400120.0,Ministry of Petroleum & Natural Gas,Oil & Gas,Andhra Pradesh,46.7
MULTI_MONTH_STAGNATION,CRITICAL,No progress improvement over multiple months,KG-DWN-98/2 Cluster - II Development Project - NELP Block,400120.0,Ministry of Petroleum & Natural Gas,Oil & Gas,Andhra Pradesh,46.7
COST_ESCALATION,WARNING,Cost escalated by 37.5% from original,HP-COAT [Crude to Olefins and Aromatics Technology] demo unit at Visakh Refinery,709752.0,Ministry of Petroleum & Natural Gas,Oil & Gas,Andhra Pradesh,66.4
ELEVATED_RISK_ML,WARNING,ML risk score: 66/100,HP-COAT [Crude to Olefins and Aromatics Technology] demo unit at Visakh Refinery,709752.0,Ministry of Petroleum & Natural Gas,Oil & Gas,Andhra Pradesh,66.4
TIME_OVERRUN,WARNING,Delayed by 32 months,HP-COAT [Crude to Olefins and Aromatics Technology] demo unit at Visakh Refinery,709752.0,Ministry of Petroleum & Natural Gas,Oil & Gas,Andhra Pradesh,66.4
COST_ESCALATION,CRITICAL,Cost escalated by 104.7% from original,Numaligarh Refinery Expansion Project,604791.0,Ministry of Petroleum & Natural Gas,Oil & Gas,Assam,78.4
PF_GAP,WARNING,Physical-Financial gap of -78.1%,Numaligarh Refinery Expansion Project,604791.0,Ministry of Petroleum & Natural Gas,Oil & Gas,Assam,78.4
ELEVATED_RISK_ML,WARNING,ML risk score: 78/100,Numaligarh Refinery Expansion Project,604791.0,Ministry of Petroleum & Natural Gas,Oil & Gas,Assam,78.4
TIME_OVERRUN,WARNING,Delayed by 32 months,Numaligarh Refinery Expansion Project,604791.0,Ministry of Petroleum & Natural Gas,Oil & Gas,Assam,78.4
ELEVATED_RISK_ML,WARNING,ML risk score: 72/100,Development of Surface Facilities for production and evacuation of Crude Oil and,604863.0,Ministry of Petroleum & Natural Gas,Oil & Gas,Assam,72.1
TIME_OVERRUN,CRITICAL,Delayed by 82 months,Development of Surface Facilities for production and evacuation of Crude Oil and,604863.0,Ministry of Petroleum & Natural Gas,Oil & Gas,Assam,72.1
MULTI_MONTH_STAGNATION,CRITICAL,No progress improvement over multiple months,Development of Surface Facilities for production and evacuation of Crude Oil and,604863.0,Ministry of Petroleum & Natural Gas,Oil & Gas,Assam,72.1
TIME_OVERRUN,WARNING,Delayed by 32 months,"Construction of Field Gas Gathering Station at Baghjan area for collection, processing",616858.0,Ministry of Petroleum & Natural Gas,Oil & Gas,Assam,39.0
PF_GAP,WARNING,Physical-Financial gap of 27.0%,"Pipeline Rehabilitation Project, Phase-II",617827.0,Ministry of Petroleum & Natural Gas,Oil & Gas,Assam,21.2
MULTI_MONTH_STAGNATION,CRITICAL,No progress improvement over multiple months,"Group Gathering Station, Lakwagaon",619316.0,Ministry of Petroleum & Natural Gas,Oil & Gas,Assam,22.8
COST_ESCALATION,WARNING,Cost escalated by 16.6% from original,Augmentation/Revamping of Facilities at existing Guwahati Terminal at Betkuchi,709776.0,Ministry of Petroleum & Natural Gas,Oil & Gas,Assam,29.7
EXPENDITURE_LAG,CRITICAL,Only 34% budget spent but 113% time elapsed,Capacity Expansion of Digboi Refinery from 0.65 to 1.0 MMTPA,709779.0,Ministry of Petroleum & Natural Gas,Oil & Gas,Assam,44.6
PF_GAP,WARNING,Physical-Financial gap of 27.4%,Capacity Expansion of Digboi Refinery from 0.65 to 1.0 MMTPA,709779.0,Ministry of Petroleum & Natural Gas,Oil & Gas,Assam,44.6
TIME_OVERRUN,WARNING,Delayed by 16 months,Capacity Expansion of Digboi Refinery from 0.65 to 1.0 MMTPA,709779.0,Ministry of Petroleum & Natural Gas,Oil & Gas,Assam,44.6
TIME_OVERRUN,WARNING,Delayed by 32 months,DCU Revamp Project,709864.0,Ministry of Petroleum & Natural Gas,Oil & Gas,Assam,36.2
EXPENDITURE_LAG,CRITICAL,Only 28% budget spent but 205% time elapsed,Power Recovery Turbine [PRT] in PFCCU unit as an Energy Conservation Scheme,709865.0,Ministry of Petroleum & Natural Gas,Oil & Gas,Assam,60.0
PF_GAP,WARNING,Physical-Financial gap of 71.1%,Power Recovery Turbine [PRT] in PFCCU unit as an Energy Conservation Scheme,709865.0,Ministry of Petroleum & Natural Gas,Oil & Gas,Assam,60.0
ELEVATED_RISK_ML,WARNING,ML risk score: 60/100,Power Recovery Turbine [PRT] in PFCCU unit as an Energy Conservation Scheme,709865.0,Ministry of Petroleum & Natural Gas,Oil & Gas,Assam,60.0
TIME_OVERRUN,WARNING,Delayed by 24 months,Power Recovery Turbine [PRT] in PFCCU unit as an Energy Conservation Scheme,709865.0,Ministry of Petroleum & Natural Gas,Oil & Gas,Assam,60.0
MULTI_MONTH_STAGNATION,CRITICAL,No progress improvement over multiple months,Power Recovery Turbine [PRT] in PFCCU unit as an Energy Conservation Scheme,709865.0,Ministry of Petroleum & Natural Gas,Oil & Gas,Assam,60.0
ELEVATED_RISK_ML,WARNING,ML risk score: 69/100,Barauni Refinery Capacity Expansion from 6.0 to 9.0 MMTPA,701324.0,Ministry of Petroleum & Natural Gas,Oil & Gas,Bihar,69.1
TIME_OVERRUN,CRITICAL,Delayed by 44 months,Barauni Refinery Capacity Expansion from 6.0 to 9.0 MMTPA,701324.0,Ministry of Petroleum & Natural Gas,Oil & Gas,Bihar,69.1
MULTI_MONTH_STAGNATION,CRITICAL,No progress improvement over multiple months,Barauni Refinery Capacity Expansion from 6.0 to 9.0 MMTPA,701324.0,Ministry of Petroleum & Natural Gas,Oil & Gas,Bihar,69.1
EXPENDITURE_LAG,CRITICAL,Only 30% budget spent but 144% time elapsed,Installation of Bitumen Manufacturing Unit along with allied facilities at Barauni,709777.0,Ministry of Petroleum & Natural Gas,Oil & Gas,Bihar,68.2
PF_GAP,WARNING,Physical-Financial gap of 34.3%,Installation of Bitumen Manufacturing Unit along with allied facilities at Barauni,709777.0,Ministry of Petroleum & Natural Gas,Oil & Gas,Bihar,68.2
ELEVATED_RISK_ML,WARNING,ML risk score: 68/100,Installation of Bitumen Manufacturing Unit along with allied facilities at Barauni,709777.0,Ministry of Petroleum & Natural Gas,Oil & Gas,Bihar,68.2
TIME_OVERRUN,WARNING,Delayed by 26 months,Installation of Bitumen Manufacturing Unit along with allied facilities at Barauni,709777.0,Ministry of Petroleum & Natural Gas,Oil & Gas,Bihar,68.2
PF_GAP,WARNING,Physical-Financial gap of 20.0%,"City Gas Distribution Projects at Darbhanga, Madhubani, Supaul, Sitamarhi and",709792.0,Ministry of Petroleum & Natural Gas,Oil & Gas,Bihar,28.6
MULTI_MONTH_STAGNATION,CRITICAL,No progress improvement over multiple months,"City Gas Distribution Projects at Darbhanga, Madhubani, Supaul, Sitamarhi and",709792.0,Ministry of Petroleum & Natural Gas,Oil & Gas,Bihar,28.6
MULTI_MONTH_STAGNATION,CRITICAL,No progress improvement over multiple months,"City Gas Distribution Projects at Gopalganj, Siwan, West Champaran, East",709793.0,Ministry of Petroleum & Natural Gas,Oil & Gas,Bihar,28.5
MULTI_MONTH_STAGNATION,CRITICAL,No progress improvement over multiple months,"City Gas Distribution [CGD] Project in Kondagaon, Bastar, Sukma, Narayanpur,",617819.0,Ministry of Petroleum & Natural Gas,Oil & Gas,Chhattisgarh,32.3
COST_ESCALATION,CRITICAL,Cost escalated by 52.2% from original,Redevelopment of Sobhasan Complex,400087.0,Ministry of Petroleum & Natural Gas,Oil & Gas,Gujarat,40.3
PF_GAP,WARNING,Physical-Financial gap of -24.4%,Redevelopment of Sobhasan Complex,400087.0,Ministry of Petroleum & Natural Gas,Oil & Gas,Gujarat,40.3
MULTI_MONTH_STAGNATION,CRITICAL,No progress improvement over multiple months,Redevelopment of Santhal Field [Onshore-Mehsana Asset],400167.0,Ministry of Petroleum & Natural Gas,Oil & Gas,Gujarat,12.6
COST_ESCALATION,WARNING,Cost escalated by 34.0% from original,Redevelopment of Linch Field,400169.0,Ministry of Petroleum & Natural Gas,Oil & Gas,Gujarat,62.1
ELEVATED_RISK_ML,WARNING,ML risk score: 62/100,Redevelopment of Linch Field,400169.0,Ministry of Petroleum & Natural Gas,Oil & Gas,Gujarat,62.1
TIME_OVERRUN,WARNING,Delayed by 19 months,Redevelopment of Linch Field,400169.0,Ministry of Petroleum & Natural Gas,Oil & Gas,Gujarat,62.1
TIME_OVERRUN,WARNING,Delayed by 27 months,Petrochemical and Lube Integration Project at Gujarat Refinery,701329.0,Ministry of Petroleum & Natural Gas,Oil & Gas,Gujarat,38.8
PF_GAP,WARNING,Physical-Financial gap of 21.2%,Installation of new Biturox Unit along with allied facilities at Gujarat Refinery,709778.0,Ministry of Petroleum & Natural Gas,Oil & Gas,Gujarat,57.9
TIME_OVERRUN,WARNING,Delayed by 16 months,Installation of new Biturox Unit along with allied facilities at Gujarat Refinery,709778.0,Ministry of Petroleum & Natural Gas,Oil & Gas,Gujarat,57.9
COST_ESCALATION,WARNING,Cost escalated by 18.9% from original,Commercial Polymer Flooding Project in Bechraji field,709838.0,Ministry of Petroleum & Natural Gas,Oil & Gas,Gujarat,65.4
EXPENDITURE_LAG,CRITICAL,Only 38% budget spent but 165% time elapsed,Commercial Polymer Flooding Project in Bechraji field,709838.0,Ministry of Petroleum & Natural Gas,Oil & Gas,Gujarat,65.4
ELEVATED_RISK_ML,WARNING,ML risk score: 65/100,Commercial Polymer Flooding Project in Bechraji field,709838.0,Ministry of Petroleum & Natural Gas,Oil & Gas,Gujarat,65.4
TIME_OVERRUN,WARNING,Delayed by 30 months,Commercial Polymer Flooding Project in Bechraji field,709838.0,Ministry of Petroleum & Natural Gas,Oil & Gas,Gujarat,65.4
MULTI_MONTH_STAGNATION,CRITICAL,No progress improvement over multiple months,"Restoration of Gas Terminal, Phase-I [Part-A], Hazira",709840.0,Ministry of Petroleum & Natural Gas,Oil & Gas,Gujarat,26.5
TIME_OVERRUN,WARNING,Delayed by 16 months,Old Pipe Line Replacement [OPRP] Group-A,709841.0,Ministry of Petroleum & Natural Gas,Oil & Gas,Gujarat,28.1
COST_ESCALATION,WARNING,Cost escalated by 33.7% from original,"Revamping of SV Stations, Gas Terminal & Kribhco Terminal",709845.0,Ministry of Petroleum & Natural Gas,Oil & Gas,Gujarat,45.4
COST_ESCALATION,WARNING,Cost escalated by 40.2% from original,"Indian Oil Technology Development and Deployment Centre at R&D Campus-II,",604853.0,Ministry of Petroleum & Natural Gas,Oil & Gas,Haryana,82.3
HIGH_RISK_ML,CRITICAL,ML risk score: 82/100,"Indian Oil Technology Development and Deployment Centre at R&D Campus-II,",604853.0,Ministry of Petroleum & Natural Gas,Oil & Gas,Haryana,82.3
TIME_OVERRUN,CRITICAL,Delayed by 55 months,"Indian Oil Technology Development and Deployment Centre at R&D Campus-II,",604853.0,Ministry of Petroleum & Natural Gas,Oil & Gas,Haryana,82.3
MULTI_MONTH_STAGNATION,CRITICAL,No progress improvement over multiple months,"Indian Oil Technology Development and Deployment Centre at R&D Campus-II,",604853.0,Ministry of Petroleum & Natural Gas,Oil & Gas,Haryana,82.3
COST_ESCALATION,CRITICAL,Cost escalated by 73.5% from original,Poly Butadiene Rubber plant at Panipat,611917.0,Ministry of Petroleum & Natural Gas,Oil & Gas,Haryana,71.0
ELEVATED_RISK_ML,WARNING,ML risk score: 71/100,Poly Butadiene Rubber plant at Panipat,611917.0,Ministry of Petroleum & Natural Gas,Oil & Gas,Haryana,71.0
TIME_OVERRUN,WARNING,Delayed by 21 months,Poly Butadiene Rubber plant at Panipat,611917.0,Ministry of Petroleum & Natural Gas,Oil & Gas,Haryana,71.0
TIME_OVERRUN,WARNING,Delayed by 27 months,Capacity Expansion of Panipat Refinery from 15 to 25 MMTPA,701289.0,Ministry of Petroleum & Natural Gas,Oil & Gas,Haryana,56.4
COST_ESCALATION,WARNING,Cost escalated by 50.0% from original,"Installation of Multiple Effect Evaporator [MEE] for ETP-1, 2 & 4 of Panipat Refinery",709783.0,Ministry of Petroleum & Natural Gas,Oil & Gas,Haryana,76.1
PF_GAP,WARNING,Physical-Financial gap of -24.6%,"Installation of Multiple Effect Evaporator [MEE] for ETP-1, 2 & 4 of Panipat Refinery",709783.0,Ministry of Petroleum & Natural Gas,Oil & Gas,Haryana,76.1
ELEVATED_RISK_ML,WARNING,ML risk score: 76/100,"Installation of Multiple Effect Evaporator [MEE] for ETP-1, 2 & 4 of Panipat Refinery",709783.0,Ministry of Petroleum & Natural Gas,Oil & Gas,Haryana,76.1
TIME_OVERRUN,CRITICAL,Delayed by 40 months,"Installation of Multiple Effect Evaporator [MEE] for ETP-1, 2 & 4 of Panipat Refinery",709783.0,Ministry of Petroleum & Natural Gas,Oil & Gas,Haryana,76.1
MULTI_MONTH_STAGNATION,CRITICAL,No progress improvement over multiple months,"City Gas Distribution Project at Jammu, Udhampur, Reasi, Samba and Kathua",709773.0,Ministry of Petroleum & Natural Gas,Oil & Gas,"Jammu and
Kashmir",22.9
TIME_OVERRUN,WARNING,Delayed by 32 months,Development of Jharia CBM Block [Phase-1],610984.0,Ministry of Petroleum & Natural Gas,Oil & Gas,Jharkhand,47.0
MULTI_MONTH_STAGNATION,CRITICAL,No progress improvement over multiple months,Development of Jharia CBM Block [Phase-1],610984.0,Ministry of Petroleum & Natural Gas,Oil & Gas,Jharkhand,47.0
EXPENDITURE_LAG,CRITICAL,Only 33% budget spent but 119% time elapsed,Laying of Natural Gas Pipeline from Hazaribagh to Ranchi [HRPL],709785.0,Ministry of Petroleum & Natural Gas,Oil & Gas,Jharkhand,44.3
PF_GAP,WARNING,Physical-Financial gap of 25.7%,Laying of Natural Gas Pipeline from Hazaribagh to Ranchi [HRPL],709785.0,Ministry of Petroleum & Natural Gas,Oil & Gas,Jharkhand,44.3
TIME_OVERRUN,WARNING,Delayed by 13 months,Laying of Natural Gas Pipeline from Hazaribagh to Ranchi [HRPL],709785.0,Ministry of Petroleum & Natural Gas,Oil & Gas,Jharkhand,44.3
EXPENDITURE_LAG,CRITICAL,Only 25% budget spent but 88% time elapsed,Demo Bio-ATF Project,616879.0,Ministry of Petroleum & Natural Gas,Oil & Gas,Karnataka,22.5
PF_GAP,WARNING,Physical-Financial gap of 29.7%,Demo Bio-ATF Project,616879.0,Ministry of Petroleum & Natural Gas,Oil & Gas,Karnataka,22.5
PF_GAP,WARNING,Physical-Financial gap of -34.0%,City Gas Distribution Maharashtra Natural Gas Limited,701338.0,Ministry of Petroleum & Natural Gas,Oil & Gas,Karnataka,15.3
TIME_OVERRUN,WARNING,Delayed by 18 months,Revamping/ Augmentation of facilities at existing port terminal at Mangalore,709774.0,Ministry of Petroleum & Natural Gas,Oil & Gas,Karnataka,55.7
PF_GAP,WARNING,Physical-Financial gap of 20.1%,Augmentation of CCKPL and IDPL Pipelines capacity along with setting up of,617838.0,Ministry of Petroleum & Natural Gas,Oil & Gas,Kerala,13.9
EXPENDITURE_LAG,CRITICAL,Only 21% budget spent but 72% time elapsed,Setting up Polypropylene Unit at Kochi Refinery,709799.0,Ministry of Petroleum & Natural Gas,Oil & Gas,Kerala,39.5
PF_GAP,WARNING,Physical-Financial gap of 22.2%,Setting up Polypropylene Unit at Kochi Refinery,709799.0,Ministry of Petroleum & Natural Gas,Oil & Gas,Kerala,39.5
EXPENDITURE_LAG,CRITICAL,Only 30% budget spent but 87% time elapsed,C2/C3 Vijaipur Pata Pipeline,617830.0,Ministry of Petroleum & Natural Gas,Oil & Gas,Madhya Pradesh,23.8
PF_GAP,WARNING,Physical-Financial gap of 42.8%,C2/C3 Vijaipur Pata Pipeline,617830.0,Ministry of Petroleum & Natural Gas,Oil & Gas,Madhya Pradesh,23.8
COST_ESCALATION,WARNING,Cost escalated by 28.0% from original,"500 KTA PDHPP Project, Usar",400168.0,Ministry of Petroleum & Natural Gas,Oil & Gas,Maharashtra,61.0
ELEVATED_RISK_ML,WARNING,ML risk score: 61/100,"500 KTA PDHPP Project, Usar",400168.0,Ministry of Petroleum & Natural Gas,Oil & Gas,Maharashtra,61.0
TIME_OVERRUN,WARNING,Delayed by 26 months,"500 KTA PDHPP Project, Usar",400168.0,Ministry of Petroleum & Natural Gas,Oil & Gas,Maharashtra,61.0
COST_ESCALATION,WARNING,Cost escalated by 28.4% from original,Lube Modernization & Bottom Upgradation Project at Mumbai Refinery,616933.0,Ministry of Petroleum & Natural Gas,Oil & Gas,Maharashtra,68.4
ELEVATED_RISK_ML,WARNING,ML risk score: 68/100,Lube Modernization & Bottom Upgradation Project at Mumbai Refinery,616933.0,Ministry of Petroleum & Natural Gas,Oil & Gas,Maharashtra,68.4
TIME_OVERRUN,WARNING,Delayed by 17 months,Lube Modernization & Bottom Upgradation Project at Mumbai Refinery,616933.0,Ministry of Petroleum & Natural Gas,Oil & Gas,Maharashtra,68.4
EXPENDITURE_LAG,CRITICAL,Only 0% budget spent but 71% time elapsed,Installation of Compression facility at GAIL Usar,619225.0,Ministry of Petroleum & Natural Gas,Oil & Gas,Maharashtra,33.1
MULTI_MONTH_STAGNATION,CRITICAL,No progress improvement over multiple months,Installation of Compression facility at GAIL Usar,619225.0,Ministry of Petroleum & Natural Gas,Oil & Gas,Maharashtra,33.1
MULTI_MONTH_STAGNATION,CRITICAL,No progress improvement over multiple months,"City Gas Distribution Project at Beed, Jalgaon and Jalna Districts",709771.0,Ministry of Petroleum & Natural Gas,Oil & Gas,Maharashtra,21.6
COST_ESCALATION,WARNING,Cost escalated by 27.7% from original,Construction of Additional Tankages and Allied Facilities at JNPT Terminal,709780.0,Ministry of Petroleum & Natural Gas,Oil & Gas,Maharashtra,39.3
PF_GAP,WARNING,Physical-Financial gap of 29.0%,POL & LOBS Installations with Receipt Pipelines at Rasayani,709797.0,Ministry of Petroleum & Natural Gas,Oil & Gas,Maharashtra,21.6
PF_GAP,WARNING,Physical-Financial gap of 28.7%,Change of service of existing Mundra-Panipat Pipeline [Panipat - Churwa section],619196.0,Ministry of Petroleum & Natural Gas,Oil & Gas,"Multi-States
(Gujarat, Haryana,
Rajasthan)",23.2
EXPENDITURE_LAG,CRITICAL,Only 12% budget spent but 73% time elapsed,"Augmentation/ Revamping of Dimapur Depot, Dimapur",709786.0,Ministry of Petroleum & Natural Gas,Oil & Gas,Nagaland,24.6
PF_GAP,WARNING,Physical-Financial gap of 30.7%,"Augmentation/ Revamping of Dimapur Depot, Dimapur",709786.0,Ministry of Petroleum & Natural Gas,Oil & Gas,Nagaland,24.6
PF_GAP,WARNING,Physical-Financial gap of 30.6%,Integrated Para Xylene [PX] and Purified Terephthalic Acid [PTA] Project at Paradip,604859.0,Ministry of Petroleum & Natural Gas,Oil & Gas,Odisha,43.4
TIME_OVERRUN,WARNING,Delayed by 31 months,Integrated Para Xylene [PX] and Purified Terephthalic Acid [PTA] Project at Paradip,604859.0,Ministry of Petroleum & Natural Gas,Oil & Gas,Odisha,43.4
MULTI_MONTH_STAGNATION,CRITICAL,No progress improvement over multiple months,"City Gas Distribution [CGD] Project in Gajapati, Kandhamal, Boudh, & Sonepur GA",617818.0,Ministry of Petroleum & Natural Gas,Oil & Gas,Odisha,21.7
PF_GAP,WARNING,Physical-Financial gap of 26.7%,"CUF POL Depot at Sadashibpur [Meramundali], Odisha",709800.0,Ministry of Petroleum & Natural Gas,Oil & Gas,Odisha,34.9
ELEVATED_RISK_ML,WARNING,ML risk score: 72/100,Life Extension of 48 well platforms of Mumbai High & Heera Fields,400119.0,Ministry of Petroleum & Natural Gas,Oil & Gas,Offshore,71.6
TIME_OVERRUN,CRITICAL,Delayed by 102 months,Life Extension of 48 well platforms of Mumbai High & Heera Fields,400119.0,Ministry of Petroleum & Natural Gas,Oil & Gas,Offshore,71.6
MULTI_MONTH_STAGNATION,CRITICAL,No progress improvement over multiple months,Life Extension of 48 well platforms of Mumbai High & Heera Fields,400119.0,Ministry of Petroleum & Natural Gas,Oil & Gas,Offshore,71.6
PF_GAP,WARNING,Physical-Financial gap of 20.6%,PRP-VIII [Group-A],616950.0,Ministry of Petroleum & Natural Gas,Oil & Gas,Offshore,43.8
COST_ESCALATION,CRITICAL,Cost escalated by 54.6% from original,Daman Upside Development Project,709839.0,Ministry of Petroleum & Natural Gas,Oil & Gas,Offshore,80.6
PF_GAP,WARNING,Physical-Financial gap of -59.2%,Daman Upside Development Project,709839.0,Ministry of Petroleum & Natural Gas,Oil & Gas,Offshore,80.6
HIGH_RISK_ML,CRITICAL,ML risk score: 81/100,Daman Upside Development Project,709839.0,Ministry of Petroleum & Natural Gas,Oil & Gas,Offshore,80.6
TIME_OVERRUN,WARNING,Delayed by 14 months,Daman Upside Development Project,709839.0,Ministry of Petroleum & Natural Gas,Oil & Gas,Offshore,80.6
MULTI_MONTH_STAGNATION,CRITICAL,No progress improvement over multiple months,Daman Upside Development Project,709839.0,Ministry of Petroleum & Natural Gas,Oil & Gas,Offshore,80.6
COST_ESCALATION,WARNING,Cost escalated by 31.5% from original,PRP-VIII Group B [NH & BS Asset],709849.0,Ministry of Petroleum & Natural Gas,Oil & Gas,Offshore,62.7
ELEVATED_RISK_ML,WARNING,ML risk score: 63/100,PRP-VIII Group B [NH & BS Asset],709849.0,Ministry of Petroleum & Natural Gas,Oil & Gas,Offshore,62.7
EXPENDITURE_LAG,CRITICAL,Only 33% budget spent but 85% time elapsed,Integrated Development of 4 Contract Areas under DSF-II,709851.0,Ministry of Petroleum & Natural Gas,Oil & Gas,Offshore,18.4
TIME_OVERRUN,CRITICAL,Delayed by 46 months,2G Ethanol Biorefinery at Bathinda,400171.0,Ministry of Petroleum & Natural Gas,Oil & Gas,Punjab,47.5
MULTI_MONTH_STAGNATION,CRITICAL,No progress improvement over multiple months,2G Ethanol Biorefinery at Bathinda,400171.0,Ministry of Petroleum & Natural Gas,Oil & Gas,Punjab,47.5
PF_GAP,WARNING,Physical-Financial gap of 28.6%,Gurdaspur Jammu Pipeline,612853.0,Ministry of Petroleum & Natural Gas,Oil & Gas,Punjab,15.4
MULTI_MONTH_STAGNATION,CRITICAL,No progress improvement over multiple months,City Gas Distribution Project at Pathankot District,709770.0,Ministry of Petroleum & Natural Gas,Oil & Gas,Punjab,21.9
COST_ESCALATION,WARNING,Cost escalated by 15.1% from original,CBR 9 MMTPA Project,604795.0,Ministry of Petroleum & Natural Gas,Oil & Gas,Tamil Nadu,37.8
EXPENDITURE_LAG,CRITICAL,Only 4% budget spent but 133% time elapsed,CBR 9 MMTPA Project,604795.0,Ministry of Petroleum & Natural Gas,Oil & Gas,Tamil Nadu,37.8
PROGRESS_STAGNATION,CRITICAL,Only 10% progress with 133% time elapsed,CBR 9 MMTPA Project,604795.0,Ministry of Petroleum & Natural Gas,Oil & Gas,Tamil Nadu,37.8
MULTI_MONTH_STAGNATION,CRITICAL,No progress improvement over multiple months,CBR 9 MMTPA Project,604795.0,Ministry of Petroleum & Natural Gas,Oil & Gas,Tamil Nadu,37.8
COST_ESCALATION,CRITICAL,Cost escalated by 102.7% from original,Kochi - Koottanad - Bangalore - Mangalore Pipeline Phase-II,701228.0,Ministry of Petroleum & Natural Gas,Oil & Gas,Tamil Nadu,84.6
PF_GAP,WARNING,Physical-Financial gap of -70.1%,Kochi - Koottanad - Bangalore - Mangalore Pipeline Phase-II,701228.0,Ministry of Petroleum & Natural Gas,Oil & Gas,Tamil Nadu,84.6
HIGH_RISK_ML,CRITICAL,ML risk score: 85/100,Kochi - Koottanad - Bangalore - Mangalore Pipeline Phase-II,701228.0,Ministry of Petroleum & Natural Gas,Oil & Gas,Tamil Nadu,84.6
TIME_OVERRUN,CRITICAL,Delayed by 165 months,Kochi - Koottanad - Bangalore - Mangalore Pipeline Phase-II,701228.0,Ministry of Petroleum & Natural Gas,Oil & Gas,Tamil Nadu,84.6
TIME_OVERRUN,WARNING,Delayed by 15 months,Laying of new 28 inch Desal Water Pipeline and 10 inch Reject Water Pipeline,709750.0,Ministry of Petroleum & Natural Gas,Oil & Gas,Tamil Nadu,41.2
MULTI_MONTH_STAGNATION,CRITICAL,No progress improvement over multiple months,City Gas Distribution Projects at the Nilgiris and Erode districts,709796.0,Ministry of Petroleum & Natural Gas,Oil & Gas,Tamil Nadu,30.9
TIME_OVERRUN,CRITICAL,Delayed by 48 months,North East Gas Grid,701346.0,Ministry of Petroleum & Natural Gas,Oil & Gas,Tripura,38.6
PF_GAP,WARNING,Physical-Financial gap of 32.5%,"Creation of Gas Dehydration Facilities, Tripura Asset",709837.0,Ministry of Petroleum & Natural Gas,Oil & Gas,Tripura,47.4
TIME_OVERRUN,WARNING,Delayed by 29 months,"Creation of Gas Dehydration Facilities, Tripura Asset",709837.0,Ministry of Petroleum & Natural Gas,Oil & Gas,Tripura,47.4
EXPENDITURE_LAG,CRITICAL,Only 9% budget spent but 86% time elapsed,Revamping / Augmentation of Facilities at Mathura Bitumen Plant,709781.0,Ministry of Petroleum & Natural Gas,Oil & Gas,Uttar Pradesh,29.8
PF_GAP,WARNING,Physical-Financial gap of 48.2%,Revamping / Augmentation of Facilities at Mathura Bitumen Plant,709781.0,Ministry of Petroleum & Natural Gas,Oil & Gas,Uttar Pradesh,29.8
COST_ESCALATION,WARNING,Cost escalated by 48.4% from original,Durgapur - Haldia Pipeline [Section-3B of JHBDPL Project],617302.0,Ministry of Petroleum & Natural Gas,Oil & Gas,West Bengal,80.1
PF_GAP,WARNING,Physical-Financial gap of -41.1%,Durgapur - Haldia Pipeline [Section-3B of JHBDPL Project],617302.0,Ministry of Petroleum & Natural Gas,Oil & Gas,West Bengal,80.1
HIGH_RISK_ML,CRITICAL,ML risk score: 80/100,Durgapur - Haldia Pipeline [Section-3B of JHBDPL Project],617302.0,Ministry of Petroleum & Natural Gas,Oil & Gas,West Bengal,80.1
TIME_OVERRUN,CRITICAL,Delayed by 69 months,Durgapur - Haldia Pipeline [Section-3B of JHBDPL Project],617302.0,Ministry of Petroleum & Natural Gas,Oil & Gas,West Bengal,80.1
PF_GAP,WARNING,Physical-Financial gap of 23.0%,Siliguri Marketing Terminal [SMT] Capacity Augmentation Project,617837.0,Ministry of Petroleum & Natural Gas,Oil & Gas,West Bengal,38.8
ELEVATED_RISK_ML,WARNING,ML risk score: 63/100,Dhamra Haldia Pipeline Project,701344.0,Ministry of Petroleum & Natural Gas,Oil & Gas,West Bengal,62.7
TIME_OVERRUN,CRITICAL,Delayed by 46 months,Dhamra Haldia Pipeline Project,701344.0,Ministry of Petroleum & Natural Gas,Oil & Gas,West Bengal,62.7
MULTI_MONTH_STAGNATION,CRITICAL,No progress improvement over multiple months,"City Gas Distribution Project at East Mednipore, West Mednipore & Jhargram Districts",709772.0,Ministry of Petroleum & Natural Gas,Oil & Gas,West Bengal,21.9
PF_GAP,WARNING,Physical-Financial gap of 20.4%,City Gas Distribution Projects at Alipurduar and Cooch Behar,709791.0,Ministry of Petroleum & Natural Gas,Oil & Gas,West Bengal,24.2
MULTI_MONTH_STAGNATION,CRITICAL,No progress improvement over multiple months,City Gas Distribution Projects at Alipurduar and Cooch Behar,709791.0,Ministry of Petroleum & Natural Gas,Oil & Gas,West Bengal,24.2
PF_GAP,WARNING,Physical-Financial gap of -60.0%,Establishment of new GMC Saran [Chhapara],706965.0,Ministry of Health & Family Welfare,Healthcare,Bihar,21.3
MULTI_MONTH_STAGNATION,CRITICAL,No progress improvement over multiple months,Establishment of new GMC Saran [Chhapara],706965.0,Ministry of Health & Family Welfare,Healthcare,Bihar,21.3
PF_GAP,WARNING,Physical-Financial gap of -60.0%,Establishment of new GMC Samastipur,706966.0,Ministry of Health & Family Welfare,Healthcare,Bihar,21.3
MULTI_MONTH_STAGNATION,CRITICAL,No progress improvement over multiple months,Establishment of new GMC Samastipur,706966.0,Ministry of Health & Family Welfare,Healthcare,Bihar,21.3
PF_GAP,WARNING,Physical-Financial gap of -60.0%,Establishment of new GMC Sitamarhi,707016.0,Ministry of Health & Family Welfare,Healthcare,Bihar,21.3
MULTI_MONTH_STAGNATION,CRITICAL,No progress improvement over multiple months,Establishment of new GMC Sitamarhi,707016.0,Ministry of Health & Family Welfare,Healthcare,Bihar,21.3
PF_GAP,WARNING,Physical-Financial gap of -60.0%,Establishment of new GMC Jhanjharpur,707017.0,Ministry of Health & Family Welfare,Healthcare,Bihar,21.3
MULTI_MONTH_STAGNATION,CRITICAL,No progress improvement over multiple months,Establishment of new GMC Jhanjharpur,707017.0,Ministry of Health & Family Welfare,Healthcare,Bihar,21.3
PF_GAP,WARNING,Physical-Financial gap of -60.0%,Establishment of new GMC Siwan,707018.0,Ministry of Health & Family Welfare,Healthcare,Bihar,21.3
MULTI_MONTH_STAGNATION,CRITICAL,No progress improvement over multiple months,Establishment of new GMC Siwan,707018.0,Ministry of Health & Family Welfare,Healthcare,Bihar,21.3
PF_GAP,WARNING,Physical-Financial gap of -60.0%,Establishment of new GMC Buxar,707019.0,Ministry of Health & Family Welfare,Healthcare,Bihar,21.3
MULTI_MONTH_STAGNATION,CRITICAL,No progress improvement over multiple months,Establishment of new GMC Buxar,707019.0,Ministry of Health & Family Welfare,Healthcare,Bihar,21.3
COST_ESCALATION,CRITICAL,Cost escalated by 100.0% from original,Establishment of new GMC Jamui,707020.0,Ministry of Health & Family Welfare,Healthcare,Bihar,62.0
EXPENDITURE_LAG,CRITICAL,Only 21% budget spent but 131% time elapsed,Establishment of new GMC Jamui,707020.0,Ministry of Health & Family Welfare,Healthcare,Bihar,62.0
ELEVATED_RISK_ML,WARNING,ML risk score: 62/100,Establishment of new GMC Jamui,707020.0,Ministry of Health & Family Welfare,Healthcare,Bihar,62.0
MULTI_MONTH_STAGNATION,CRITICAL,No progress improvement over multiple months,Establishment of new GMC Jamui,707020.0,Ministry of Health & Family Welfare,Healthcare,Bihar,62.0
EXPENDITURE_LAG,CRITICAL,Only 11% budget spent but 80% time elapsed,Establishment of new GMC Kanker,707046.0,Ministry of Health & Family Welfare,Healthcare,Chhattisgarh,34.6
PF_GAP,WARNING,Physical-Financial gap of 33.6%,Establishment of new GMC Kanker,707046.0,Ministry of Health & Family Welfare,Healthcare,Chhattisgarh,34.6
MULTI_MONTH_STAGNATION,CRITICAL,No progress improvement over multiple months,Establishment of new GMC Kanker,707046.0,Ministry of Health & Family Welfare,Healthcare,Chhattisgarh,34.6
EXPENDITURE_LAG,CRITICAL,Only 15% budget spent but 100% time elapsed,"Setting up IT Infrastructure including Network Security and Hosting at AIIMS, New",617882.0,Ministry of Health & Family Welfare,Healthcare,Delhi,25.8
PF_GAP,WARNING,Physical-Financial gap of 25.0%,"Setting up IT Infrastructure including Network Security and Hosting at AIIMS, New",617882.0,Ministry of Health & Family Welfare,Healthcare,Delhi,25.8
EXPENDITURE_LAG,CRITICAL,Only 1% budget spent but 85% time elapsed,Redevelopment of Residential colonies at Ayur Vigyan Nagar and West Ansari Nagar,617883.0,Ministry of Health & Family Welfare,Healthcare,Delhi,41.3
PF_GAP,WARNING,Physical-Financial gap of 56.0%,Redevelopment of Residential colonies at Ayur Vigyan Nagar and West Ansari Nagar,617883.0,Ministry of Health & Family Welfare,Healthcare,Delhi,41.3
MULTI_MONTH_STAGNATION,CRITICAL,No progress improvement over multiple months,Redevelopment of Residential colonies at Ayur Vigyan Nagar and West Ansari Nagar,617883.0,Ministry of Health & Family Welfare,Healthcare,Delhi,41.3
PF_GAP,WARNING,Physical-Financial gap of 26.6%,AIIMS Rajkot,701170.0,Ministry of Health & Family Welfare,Healthcare,Gujarat,44.3
MULTI_MONTH_STAGNATION,CRITICAL,No progress improvement over multiple months,AIIMS Rajkot,701170.0,Ministry of Health & Family Welfare,Healthcare,Gujarat,44.3
COST_ESCALATION,CRITICAL,Cost escalated by 104.2% from original,Establishment of new GMC Panchmahal,707049.0,Ministry of Health & Family Welfare,Healthcare,Gujarat,63.2
PF_GAP,WARNING,Physical-Financial gap of -55.8%,Establishment of new GMC Panchmahal,707049.0,Ministry of Health & Family Welfare,Healthcare,Gujarat,63.2
ELEVATED_RISK_ML,WARNING,ML risk score: 63/100,Establishment of new GMC Panchmahal,707049.0,Ministry of Health & Family Welfare,Healthcare,Gujarat,63.2
MULTI_MONTH_STAGNATION,CRITICAL,No progress improvement over multiple months,Establishment of new GMC Panchmahal,707049.0,Ministry of Health & Family Welfare,Healthcare,Gujarat,63.2
COST_ESCALATION,CRITICAL,Cost escalated by 90.5% from original,Establishment of new GMC Porbandar,707050.0,Ministry of Health & Family Welfare,Healthcare,Gujarat,56.4
PF_GAP,WARNING,Physical-Financial gap of -207.2%,Establishment of new GMC Porbandar,707050.0,Ministry of Health & Family Welfare,Healthcare,Gujarat,56.4
COST_ESCALATION,WARNING,Cost escalated by 26.7% from original,AIIMS Majra Rewari Haryana,701173.0,Ministry of Health & Family Welfare,Healthcare,Haryana,40.3
COST_ESCALATION,WARNING,Cost escalated by 40.6% from original,AIIMS Kashmir at Awantipora Jammu & Kashmir,701167.0,Ministry of Health & Family Welfare,Healthcare,"Jammu and
Kashmir",62.8
ELEVATED_RISK_ML,WARNING,ML risk score: 63/100,AIIMS Kashmir at Awantipora Jammu & Kashmir,701167.0,Ministry of Health & Family Welfare,Healthcare,"Jammu and
Kashmir",62.8
MULTI_MONTH_STAGNATION,CRITICAL,No progress improvement over multiple months,Establishment of new GMc Udhampur,707051.0,Ministry of Health & Family Welfare,Healthcare,"Jammu and
Kashmir",18.1
PF_GAP,WARNING,Physical-Financial gap of -53.2%,Establishment of new GMC Handwara [Distt. Kupwara],707052.0,Ministry of Health & Family Welfare,Healthcare,"Jammu and
Kashmir",21.1
MULTI_MONTH_STAGNATION,CRITICAL,No progress improvement over multiple months,Establishment of new GMC Handwara [Distt. Kupwara],707052.0,Ministry of Health & Family Welfare,Healthcare,"Jammu and
Kashmir",21.1
COST_ESCALATION,CRITICAL,Cost escalated by 101.9% from original,Establishment of new GMC Koderma,707021.0,Ministry of Health & Family Welfare,Healthcare,Jharkhand,66.7
PF_GAP,WARNING,Physical-Financial gap of -68.4%,Establishment of new GMC Koderma,707021.0,Ministry of Health & Family Welfare,Healthcare,Jharkhand,66.7
ELEVATED_RISK_ML,WARNING,ML risk score: 67/100,Establishment of new GMC Koderma,707021.0,Ministry of Health & Family Welfare,Healthcare,Jharkhand,66.7
MULTI_MONTH_STAGNATION,CRITICAL,No progress improvement over multiple months,Establishment of new GMC Koderma,707021.0,Ministry of Health & Family Welfare,Healthcare,Jharkhand,66.7
COST_ESCALATION,CRITICAL,Cost escalated by 81.6% from original,Establishment of new GMC Chaibasa [Singhbhum],707022.0,Ministry of Health & Family Welfare,Healthcare,Jharkhand,67.4
EXPENDITURE_LAG,CRITICAL,Only 14% budget spent but 140% time elapsed,Establishment of new GMC Chaibasa [Singhbhum],707022.0,Ministry of Health & Family Welfare,Healthcare,Jharkhand,67.4
PF_GAP,WARNING,Physical-Financial gap of 31.0%,Establishment of new GMC Chaibasa [Singhbhum],707022.0,Ministry of Health & Family Welfare,Healthcare,Jharkhand,67.4
ELEVATED_RISK_ML,WARNING,ML risk score: 67/100,Establishment of new GMC Chaibasa [Singhbhum],707022.0,Ministry of Health & Family Welfare,Healthcare,Jharkhand,67.4
MULTI_MONTH_STAGNATION,CRITICAL,No progress improvement over multiple months,Establishment of new GMC Chaibasa [Singhbhum],707022.0,Ministry of Health & Family Welfare,Healthcare,Jharkhand,67.4
PF_GAP,WARNING,Physical-Financial gap of -39.1%,Establishment of new GMC Leh,707057.0,Ministry of Health & Family Welfare,Healthcare,Ladakh,18.4
MULTI_MONTH_STAGNATION,CRITICAL,No progress improvement over multiple months,Establishment of new GMC Leh,707057.0,Ministry of Health & Family Welfare,Healthcare,Ladakh,18.4
PF_GAP,WARNING,Physical-Financial gap of 30.8%,Establishment of new GMC Rajgarh,707058.0,Ministry of Health & Family Welfare,Healthcare,Madhya Pradesh,31.0
EXPENDITURE_LAG,CRITICAL,Only 28% budget spent but 117% time elapsed,Establishment of new GMC Mandla,707059.0,Ministry of Health & Family Welfare,Healthcare,Madhya Pradesh,42.8
PF_GAP,WARNING,Physical-Financial gap of -90.0%,Establishment of new GMC West Garo Hills [Tura],706989.0,Ministry of Health & Family Welfare,Healthcare,Meghalaya,21.2
MULTI_MONTH_STAGNATION,CRITICAL,No progress improvement over multiple months,Establishment of new GMC West Garo Hills [Tura],706989.0,Ministry of Health & Family Welfare,Healthcare,Meghalaya,21.2
PF_GAP,WARNING,Physical-Financial gap of -47.7%,Establishment of new GMC Mon,707067.0,Ministry of Health & Family Welfare,Healthcare,Nagaland,20.7
MULTI_MONTH_STAGNATION,CRITICAL,No progress improvement over multiple months,Establishment of new GMC Mon,707067.0,Ministry of Health & Family Welfare,Healthcare,Nagaland,20.7
COST_ESCALATION,CRITICAL,Cost escalated by 69.2% from original,Establishment of new GMC Kapurthala,707069.0,Ministry of Health & Family Welfare,Healthcare,Punjab,41.4
MULTI_MONTH_STAGNATION,CRITICAL,No progress improvement over multiple months,Establishment of new GMC Kapurthala,707069.0,Ministry of Health & Family Welfare,Healthcare,Punjab,41.4
COST_ESCALATION,WARNING,Cost escalated by 15.3% from original,Establishment of new GMC Hoshiarpur,707070.0,Ministry of Health & Family Welfare,Healthcare,Punjab,37.0
COST_ESCALATION,CRITICAL,Cost escalated by 154.1% from original,Establishment of new GMC Gangtok,707039.0,Ministry of Health & Family Welfare,Healthcare,Sikkim,53.5
PF_GAP,WARNING,Physical-Financial gap of -174.9%,Establishment of new GMC Gangtok,707039.0,Ministry of Health & Family Welfare,Healthcare,Sikkim,53.5
MULTI_MONTH_STAGNATION,CRITICAL,No progress improvement over multiple months,Establishment of new GMC Gangtok,707039.0,Ministry of Health & Family Welfare,Healthcare,Sikkim,53.5
COST_ESCALATION,CRITICAL,Cost escalated by 59.9% from original,ALL India Institute of Medical Sciences-AIIMS Madurai,701168.0,Ministry of Health & Family Welfare,Healthcare,Tamil Nadu,77.0
EXPENDITURE_LAG,CRITICAL,Only 27% budget spent but 211% time elapsed,ALL India Institute of Medical Sciences-AIIMS Madurai,701168.0,Ministry of Health & Family Welfare,Healthcare,Tamil Nadu,77.0
ELEVATED_RISK_ML,WARNING,ML risk score: 77/100,ALL India Institute of Medical Sciences-AIIMS Madurai,701168.0,Ministry of Health & Family Welfare,Healthcare,Tamil Nadu,77.0
TIME_OVERRUN,CRITICAL,Delayed by 50 months,ALL India Institute of Medical Sciences-AIIMS Madurai,701168.0,Ministry of Health & Family Welfare,Healthcare,Tamil Nadu,77.0
COST_ESCALATION,WARNING,Cost escalated by 32.9% from original,AIIMS Bibinagar,701171.0,Ministry of Health & Family Welfare,Healthcare,Telangana,67.3
ELEVATED_RISK_ML,WARNING,ML risk score: 67/100,AIIMS Bibinagar,701171.0,Ministry of Health & Family Welfare,Healthcare,Telangana,67.3
MULTI_MONTH_STAGNATION,CRITICAL,No progress improvement over multiple months,AIIMS Bibinagar,701171.0,Ministry of Health & Family Welfare,Healthcare,Telangana,67.3
COST_ESCALATION,CRITICAL,Cost escalated by 136.6% from original,Establishment of new GMC Pithoragarh,707087.0,Ministry of Health & Family Welfare,Healthcare,Uttarakhand,59.9
PF_GAP,WARNING,Physical-Financial gap of -66.6%,Establishment of new GMC Pithoragarh,707087.0,Ministry of Health & Family Welfare,Healthcare,Uttarakhand,59.9
MULTI_MONTH_STAGNATION,CRITICAL,No progress improvement over multiple months,Establishment of new GMC Pithoragarh,707087.0,Ministry of Health & Family Welfare,Healthcare,Uttarakhand,59.9
PF_GAP,WARNING,Physical-Financial gap of 20.5%,"Construction of 350 beds + 50 Super Specialty beds ESIC Hospital Sheelanagar,",612167.0,Ministry of Labour and Employment,Healthcare,Andhra Pradesh,37.1
EXPENDITURE_LAG,CRITICAL,Only 10% budget spent but 117% time elapsed,350 Bedded [Upgradable to 500 beds] ESI Hospital at Sanand,612186.0,Ministry of Labour and Employment,Healthcare,Gujarat,44.2
PROGRESS_STAGNATION,CRITICAL,Only 28% progress with 117% time elapsed,350 Bedded [Upgradable to 500 beds] ESI Hospital at Sanand,612186.0,Ministry of Labour and Employment,Healthcare,Gujarat,44.2
TIME_OVERRUN,WARNING,Delayed by 14 months,350 Bedded [Upgradable to 500 beds] ESI Hospital at Sanand,612186.0,Ministry of Labour and Employment,Healthcare,Gujarat,44.2
EXPENDITURE_LAG,CRITICAL,Only 25% budget spent but 146% time elapsed,"Demolition, Construction and upgradation of ESI Hospital, Kalol, Gujarat from 50 beds",612211.0,Ministry of Labour and Employment,Healthcare,Gujarat,50.4
PF_GAP,WARNING,Physical-Financial gap of 32.9%,"Demolition, Construction and upgradation of ESI Hospital, Kalol, Gujarat from 50 beds",612211.0,Ministry of Labour and Employment,Healthcare,Gujarat,50.4
TIME_OVERRUN,WARNING,Delayed by 13 months,"Demolition, Construction and upgradation of ESI Hospital, Kalol, Gujarat from 50 beds",612211.0,Ministry of Labour and Employment,Healthcare,Gujarat,50.4
EXPENDITURE_LAG,CRITICAL,Only 29% budget spent but 85% time elapsed,"Construction of 200 bed ESI Hospital at Bommasandra, Karnataka",612745.0,Ministry of Labour and Employment,Healthcare,Karnataka,37.3
EXPENDITURE_LAG,CRITICAL,Only 21% budget spent but 78% time elapsed,"Construction of 100 bed ESI Hospital and Staff Quarters [32 Nos.] at Harohalli,",612748.0,Ministry of Labour and Employment,Healthcare,Karnataka,23.4
TIME_OVERRUN,WARNING,Delayed by 13 months,"Construction of 200 Bedded ESIC Hospital at Butibori, Nagpur, Maharashtra.",612213.0,Ministry of Labour and Employment,Healthcare,Maharashtra,53.5
TIME_OVERRUN,WARNING,Delayed by 13 months,Upgradation & Extension of ESIC Hospital and Construction of PG Hostel / Staff,616691.0,Ministry of Labour and Employment,Healthcare,Maharashtra,36.5
MULTI_MONTH_STAGNATION,CRITICAL,No progress improvement over multiple months,Upgradation & Extension of ESIC Hospital and Construction of PG Hostel / Staff,616691.0,Ministry of Labour and Employment,Healthcare,Maharashtra,36.5
MULTI_MONTH_STAGNATION,CRITICAL,No progress improvement over multiple months,"Construction of 100 Bedded ESI Hospital at Duburi, Odisha.",612513.0,Ministry of Labour and Employment,Healthcare,Odisha,31.2
COST_ESCALATION,CRITICAL,Cost escalated by 190.7% from original,CONSTRUCTION OF 300 BEDDED HOSPITAL AT HARIDWAR,612259.0,Ministry of Labour and Employment,Healthcare,Uttarakhand,75.3
PF_GAP,WARNING,Physical-Financial gap of -241.8%,CONSTRUCTION OF 300 BEDDED HOSPITAL AT HARIDWAR,612259.0,Ministry of Labour and Employment,Healthcare,Uttarakhand,75.3
ELEVATED_RISK_ML,WARNING,ML risk score: 75/100,CONSTRUCTION OF 300 BEDDED HOSPITAL AT HARIDWAR,612259.0,Ministry of Labour and Employment,Healthcare,Uttarakhand,75.3
TIME_OVERRUN,WARNING,Delayed by 21 months,CONSTRUCTION OF 300 BEDDED HOSPITAL AT HARIDWAR,612259.0,Ministry of Labour and Employment,Healthcare,Uttarakhand,75.3
TIME_OVERRUN,WARNING,Delayed by 34 months,Jal Marg Vikas Project,701565.0,"Ministry of Ports, Shipping and Waterways",Inland Waterways,"Multi-States
(Bihar, Jharkhand,
Uttar Pradesh,
West Bengal)",34.9
MULTI_MONTH_STAGNATION,CRITICAL,No progress improvement over multiple months,"Development of Container Terminal at Tuna-Tekra, Deendayal Port on BOT Basis",609424.0,"Ministry of Ports, Shipping and Waterways",Shipping,Gujarat,19.7
COST_ESCALATION,WARNING,Cost escalated by 23.7% from original,"Replacement and revamping of pipeline projects in oil jetty area, Kandla",701570.0,"Ministry of Ports, Shipping and Waterways",Shipping,Gujarat,65.9
ELEVATED_RISK_ML,WARNING,ML risk score: 66/100,"Replacement and revamping of pipeline projects in oil jetty area, Kandla",701570.0,"Ministry of Ports, Shipping and Waterways",Shipping,Gujarat,65.9
TIME_OVERRUN,WARNING,Delayed by 18 months,"Replacement and revamping of pipeline projects in oil jetty area, Kandla",701570.0,"Ministry of Ports, Shipping and Waterways",Shipping,Gujarat,65.9
PF_GAP,WARNING,Physical-Financial gap of 31.4%,Mechanization of Berth No.14 for handling Containers and other cargo on DBFOT,617804.0,"Ministry of Ports, Shipping and Waterways",Shipping,Karnataka,11.6
COST_ESCALATION,CRITICAL,Cost escalated by 116.1% from original,National Maritime Heritage Complex [NMHC] Phase-I,707215.0,"Ministry of Ports, Shipping and Waterways","Tourism, Hospitality & Wellness",Gujarat,49.9
PF_GAP,WARNING,Physical-Financial gap of -34.7%,National Maritime Heritage Complex [NMHC] Phase-I,707215.0,"Ministry of Ports, Shipping and Waterways","Tourism, Hospitality & Wellness",Gujarat,49.9
TIME_OVERRUN,CRITICAL,Delayed by 53 months,Integrated Multi Modal Logistics Hub at Nangal Chaudhary in Haryana - Other Trunk,707410.0,Department for Promotion of Industry & Internal Trade,Logistics Infrastructure,Haryana,50.4
MULTI_MONTH_STAGNATION,CRITICAL,No progress improvement over multiple months,Integrated Multi Modal Logistics Hub at Nangal Chaudhary in Haryana - Other Trunk,707410.0,Department for Promotion of Industry & Internal Trade,Logistics Infrastructure,Haryana,50.4
MULTI_MONTH_STAGNATION,CRITICAL,No progress improvement over multiple months,Kopparthy Industrial Area,617729.0,Department for Promotion of Industry & Internal Trade,Real Estate,Andhra Pradesh,23.0
EXPENDITURE_LAG,CRITICAL,Only 20% budget spent but 100% time elapsed,Tumakuru Node - Phase 1 - Roads and Services Development,701657.0,Department for Promotion of Industry & Internal Trade,Real Estate,Karnataka,44.4
PROGRESS_STAGNATION,CRITICAL,Only 27% progress with 100% time elapsed,Tumakuru Node - Phase 1 - Roads and Services Development,701657.0,Department for Promotion of Industry & Internal Trade,Real Estate,Karnataka,44.4
COST_ESCALATION,CRITICAL,Cost escalated by 86.7% from original,NMDC Slurry Pipeline Project Phase-1,706811.0,Ministry of Steel,Steel,Chhattisgarh,77.7
PF_GAP,WARNING,Physical-Financial gap of -29.7%,NMDC Slurry Pipeline Project Phase-1,706811.0,Ministry of Steel,Steel,Chhattisgarh,77.7
ELEVATED_RISK_ML,WARNING,ML risk score: 78/100,NMDC Slurry Pipeline Project Phase-1,706811.0,Ministry of Steel,Steel,Chhattisgarh,77.7
TIME_OVERRUN,CRITICAL,Delayed by 38 months,NMDC Slurry Pipeline Project Phase-1,706811.0,Ministry of Steel,Steel,Chhattisgarh,77.7
ELEVATED_RISK_ML,WARNING,ML risk score: 61/100,SCREENING PLANT-III AT KIRANDUL,709826.0,Ministry of Steel,Steel,Chhattisgarh,61.3
TIME_OVERRUN,WARNING,Delayed by 18 months,SCREENING PLANT-III AT KIRANDUL,709826.0,Ministry of Steel,Steel,Chhattisgarh,61.3
EXPENDITURE_LAG,CRITICAL,Only 33% budget spent but 83% time elapsed,Super accelerated cooling system (Uniform Cooling) for high strength plates in Plate,944288.0,Ministry of Steel,Steel,Chhattisgarh,18.0
COST_ESCALATION,CRITICAL,Cost escalated by 69.5% from original,"New Sinter Plant at BSL, SAIL",400174.0,Ministry of Steel,Steel,Jharkhand,51.3
PF_GAP,WARNING,Physical-Financial gap of -35.2%,"New Sinter Plant at BSL, SAIL",400174.0,Ministry of Steel,Steel,Jharkhand,51.3
EXPENDITURE_LAG,CRITICAL,Only 29% budget spent but 83% time elapsed,Replacement of existing Grinders in CRM-I & II at Bokaro Steel Plant,617249.0,Ministry of Steel,Steel,Jharkhand,21.8
PF_GAP,WARNING,Physical-Financial gap of 33.5%,Replacement of existing Grinders in CRM-I & II at Bokaro Steel Plant,617249.0,Ministry of Steel,Steel,Jharkhand,21.8
PF_GAP,WARNING,Physical-Financial gap of 27.7%,Implementation of Treatment System-2 Under ZLD at RSP,589703.0,Ministry of Steel,Steel,Odisha,14.1
PF_GAP,WARNING,Physical-Financial gap of 35.5%,"New Product Testing Laboratory for NPM, SPP & NHSM at RSP",635651.0,Ministry of Steel,Steel,Odisha,14.7
EXPENDITURE_LAG,CRITICAL,Only 27% budget spent but 75% time elapsed,Rebuilding of COB 4 at Durgapur Steel Plant,612781.0,Ministry of Steel,Steel,West Bengal,18.4
PF_GAP,WARNING,Physical-Financial gap of 23.3%,Installation of New Bar Mill at Durgapur Steel Plant,617242.0,Ministry of Steel,Steel,West Bengal,13.5
PF_GAP,WARNING,Physical-Financial gap of 20.5%,Up-gradation of Blast Furnace No. 3 at Durgapur Steel Plant,617246.0,Ministry of Steel,Steel,West Bengal,11.2
PF_GAP,WARNING,Physical-Financial gap of 25.7%,Third Ladle Furnace in Secondary Refinery Unit at IISCO Steel Plant,617248.0,Ministry of Steel,Steel,West Bengal,39.3
EXPENDITURE_LAG,CRITICAL,Only 33% budget spent but 124% time elapsed,Revamping of Air Pollution Control Systems of SP-1 at Durgapur Steel Plant,617251.0,Ministry of Steel,Steel,West Bengal,40.4
COST_ESCALATION,CRITICAL,Cost escalated by 155.5% from original,Nadikude-Srikalahasti 308.7 km,400298.0,Ministry of Railways,Railways,Andhra Pradesh,84.0
PROGRESS_STAGNATION,CRITICAL,Only 2% progress with 94% time elapsed,Nadikude-Srikalahasti 308.7 km,400298.0,Ministry of Railways,Railways,Andhra Pradesh,84.0
PF_GAP,WARNING,Physical-Financial gap of -107.7%,Nadikude-Srikalahasti 308.7 km,400298.0,Ministry of Railways,Railways,Andhra Pradesh,84.0
HIGH_RISK_ML,CRITICAL,ML risk score: 84/100,Nadikude-Srikalahasti 308.7 km,400298.0,Ministry of Railways,Railways,Andhra Pradesh,84.0
PF_GAP,WARNING,Physical-Financial gap of -42.4%,Doubling between Gooty-Pendakallu 29.225 km PB73/2023-24/NR,611752.0,Ministry of Railways,Railways,Andhra Pradesh,28.4
EXPENDITURE_LAG,CRITICAL,Only 31% budget spent but 111% time elapsed,South Central Railway - Rail road over double line between Guntakal West-Mallapa,611754.0,Ministry of Railways,Railways,Andhra Pradesh,29.1
PROGRESS_STAGNATION,CRITICAL,Only 0% progress with 111% time elapsed,South Central Railway - Rail road over double line between Guntakal West-Mallapa,611754.0,Ministry of Railways,Railways,Andhra Pradesh,29.1
PF_GAP,WARNING,Physical-Financial gap of -31.2%,South Central Railway - Rail road over double line between Guntakal West-Mallapa,611754.0,Ministry of Railways,Railways,Andhra Pradesh,29.1
MULTI_MONTH_STAGNATION,CRITICAL,No progress improvement over multiple months,Kurnool - Setting up facilities for coach midlife rehabilitation workshop,611927.0,Ministry of Railways,Railways,Andhra Pradesh,33.4
EXPENDITURE_LAG,CRITICAL,Only 14% budget spent but 79% time elapsed,Flyover between Pendurthi-Simhachalam North to avoid surface crossing at,612827.0,Ministry of Railways,Railways,Andhra Pradesh,22.4
PF_GAP,WARNING,Physical-Financial gap of 28.9%,3rd & 4 th line Vadlapudi-Gate Jn. incl. tie line between Gangavaram Port-,616697.0,Ministry of Railways,Railways,Andhra Pradesh,18.8
EXPENDITURE_LAG,CRITICAL,Only 6% budget spent but 79% time elapsed,South Central Railway- 3rd line between Gudur-Renigunta stations 83.17 km,617216.0,Ministry of Railways,Railways,Andhra Pradesh,26.6
PF_GAP,WARNING,Physical-Financial gap of -95.4%,Kurnool Coach Midlife Rehabilitation Project,705253.0,Ministry of Railways,Railways,Andhra Pradesh,60.9
ELEVATED_RISK_ML,WARNING,ML risk score: 61/100,Kurnool Coach Midlife Rehabilitation Project,705253.0,Ministry of Railways,Railways,Andhra Pradesh,60.9
TIME_OVERRUN,CRITICAL,Delayed by 72 months,Kurnool Coach Midlife Rehabilitation Project,705253.0,Ministry of Railways,Railways,Andhra Pradesh,60.9
MULTI_MONTH_STAGNATION,CRITICAL,No progress improvement over multiple months,Kurnool Coach Midlife Rehabilitation Project,705253.0,Ministry of Railways,Railways,Andhra Pradesh,60.9
COST_ESCALATION,WARNING,Cost escalated by 22.8% from original,New Bongaigaon - Goalpara - Guwahati Kamakhya 176 km,705572.0,Ministry of Railways,Railways,Assam,33.5
TIME_OVERRUN,WARNING,Delayed by 27 months,Sakri-Hasanpur 79 km,400254.0,Ministry of Railways,Railways,Bihar,55.0
COST_ESCALATION,CRITICAL,Cost escalated by 93.1% from original,Hajipur-Sagauli via Vaishali 148.3 km,705366.0,Ministry of Railways,Railways,Bihar,80.5
PF_GAP,WARNING,Physical-Financial gap of -63.6%,Hajipur-Sagauli via Vaishali 148.3 km,705366.0,Ministry of Railways,Railways,Bihar,80.5
HIGH_RISK_ML,CRITICAL,ML risk score: 80/100,Hajipur-Sagauli via Vaishali 148.3 km,705366.0,Ministry of Railways,Railways,Bihar,80.5
TIME_OVERRUN,CRITICAL,Delayed by 87 months,Hajipur-Sagauli via Vaishali 148.3 km,705366.0,Ministry of Railways,Railways,Bihar,80.5
COST_ESCALATION,CRITICAL,Cost escalated by 63.3% from original,Araria-Supaul 92 km,705368.0,Ministry of Railways,Railways,Bihar,82.5
PF_GAP,WARNING,Physical-Financial gap of -93.4%,Araria-Supaul 92 km,705368.0,Ministry of Railways,Railways,Bihar,82.5
HIGH_RISK_ML,CRITICAL,ML risk score: 82/100,Araria-Supaul 92 km,705368.0,Ministry of Railways,Railways,Bihar,82.5
TIME_OVERRUN,WARNING,Delayed by 34 months,Araria-Supaul 92 km,705368.0,Ministry of Railways,Railways,Bihar,82.5
COST_ESCALATION,CRITICAL,Cost escalated by 121.3% from original,Fatuah-Islampur incl. material modification for extension of new line from Neora to,705373.0,Ministry of Railways,Railways,Bihar,71.4
PF_GAP,WARNING,Physical-Financial gap of -111.5%,Fatuah-Islampur incl. material modification for extension of new line from Neora to,705373.0,Ministry of Railways,Railways,Bihar,71.4
ELEVATED_RISK_ML,WARNING,ML risk score: 71/100,Fatuah-Islampur incl. material modification for extension of new line from Neora to,705373.0,Ministry of Railways,Railways,Bihar,71.4
TIME_OVERRUN,WARNING,Delayed by 29 months,Fatuah-Islampur incl. material modification for extension of new line from Neora to,705373.0,Ministry of Railways,Railways,Bihar,71.4
COST_ESCALATION,WARNING,Cost escalated by 20.9% from original,Jogbani-Biratnagar New Rail Line project,705450.0,Ministry of Railways,Railways,Bihar,67.6
ELEVATED_RISK_ML,WARNING,ML risk score: 68/100,Jogbani-Biratnagar New Rail Line project,705450.0,Ministry of Railways,Railways,Bihar,67.6
TIME_OVERRUN,CRITICAL,Delayed by 57 months,Jogbani-Biratnagar New Rail Line project,705450.0,Ministry of Railways,Railways,Bihar,67.6
MULTI_MONTH_STAGNATION,CRITICAL,No progress improvement over multiple months,Jogbani-Biratnagar New Rail Line project,705450.0,Ministry of Railways,Railways,Bihar,67.6
COST_ESCALATION,CRITICAL,Cost escalated by 87.6% from original,Samastipur-Darbhanga 38 km,705526.0,Ministry of Railways,Railways,Bihar,73.9
PF_GAP,WARNING,Physical-Financial gap of -51.9%,Samastipur-Darbhanga 38 km,705526.0,Ministry of Railways,Railways,Bihar,73.9
ELEVATED_RISK_ML,WARNING,ML risk score: 74/100,Samastipur-Darbhanga 38 km,705526.0,Ministry of Railways,Railways,Bihar,73.9
COST_ESCALATION,WARNING,Cost escalated by 28.2% from original,Sagauli - Valmikinagar 109.7 km,705527.0,Ministry of Railways,Railways,Bihar,42.0
PF_GAP,WARNING,Physical-Financial gap of -29.1%,Sagauli - Valmikinagar 109.7 km,705527.0,Ministry of Railways,Railways,Bihar,42.0
TIME_OVERRUN,WARNING,Delayed by 24 months,Muzaffarpur - Sagauli 100.6 km,705528.0,Ministry of Railways,Railways,Bihar,54.3
TIME_OVERRUN,WARNING,Delayed by 14 months,Barauni-Bachwara 16 km - 3rd & 4th line incl Barauni yard remodelling 32 km,706860.0,Ministry of Railways,Railways,Bihar,44.3
TIME_OVERRUN,WARNING,Delayed by 22 months,Jhajha - Batia 20 km Umbrella work PB23/2018-19/NR,900874.0,Ministry of Railways,Railways,Bihar,32.1
COST_ESCALATION,WARNING,Cost escalated by 24.3% from original,Kharsia-Dharamjaygarh with Spur line [East Corridor-Phase 1],400220.0,Ministry of Railways,Railways,Chhattisgarh,75.2
ELEVATED_RISK_ML,WARNING,ML risk score: 75/100,Kharsia-Dharamjaygarh with Spur line [East Corridor-Phase 1],400220.0,Ministry of Railways,Railways,Chhattisgarh,75.2
TIME_OVERRUN,CRITICAL,Delayed by 99 months,Kharsia-Dharamjaygarh with Spur line [East Corridor-Phase 1],400220.0,Ministry of Railways,Railways,Chhattisgarh,75.2
MULTI_MONTH_STAGNATION,CRITICAL,No progress improvement over multiple months,Kharsia-Dharamjaygarh with Spur line [East Corridor-Phase 1],400220.0,Ministry of Railways,Railways,Chhattisgarh,75.2
ELEVATED_RISK_ML,WARNING,ML risk score: 62/100,Kirandul-Jagdalpur 150 km,400291.0,Ministry of Railways,Railways,Chhattisgarh,61.7
TIME_OVERRUN,CRITICAL,Delayed by 85 months,Kirandul-Jagdalpur 150 km,400291.0,Ministry of Railways,Railways,Chhattisgarh,61.7
EXPENDITURE_LAG,CRITICAL,Only 38% budget spent but 142% time elapsed,Gauge Conversion of Kendri-Dhamtari including Abhanpur - Rajim Branch line 67.20,602792.0,Ministry of Railways,Railways,Chhattisgarh,58.2
PF_GAP,WARNING,Physical-Financial gap of 61.7%,Gauge Conversion of Kendri-Dhamtari including Abhanpur - Rajim Branch line 67.20,602792.0,Ministry of Railways,Railways,Chhattisgarh,58.2
TIME_OVERRUN,WARNING,Delayed by 16 months,Gauge Conversion of Kendri-Dhamtari including Abhanpur - Rajim Branch line 67.20,602792.0,Ministry of Railways,Railways,Chhattisgarh,58.2
MULTI_MONTH_STAGNATION,CRITICAL,No progress improvement over multiple months,Gauge Conversion of Kendri-Dhamtari including Abhanpur - Rajim Branch line 67.20,602792.0,Ministry of Railways,Railways,Chhattisgarh,58.2
EXPENDITURE_LAG,CRITICAL,Only 7% budget spent but 88% time elapsed,Nipania-Bhatapra 14.4 km 4th line PB72/NR/2022-23,612815.0,Ministry of Railways,Railways,Chhattisgarh,27.4
PROGRESS_STAGNATION,CRITICAL,Only 3% progress with 88% time elapsed,Nipania-Bhatapra 14.4 km 4th line PB72/NR/2022-23,612815.0,Ministry of Railways,Railways,Chhattisgarh,27.4
MULTI_MONTH_STAGNATION,CRITICAL,No progress improvement over multiple months,Dallirajhra- Rowghat New Railway Line - Phase I [95 km],705433.0,Ministry of Railways,Railways,Chhattisgarh,38.2
COST_ESCALATION,WARNING,Cost escalated by 49.9% from original,Gevra Road-Pendra Road New Railway Line [135 km],705444.0,Ministry of Railways,Railways,Chhattisgarh,72.7
PF_GAP,WARNING,Physical-Financial gap of -23.8%,Gevra Road-Pendra Road New Railway Line [135 km],705444.0,Ministry of Railways,Railways,Chhattisgarh,72.7
ELEVATED_RISK_ML,WARNING,ML risk score: 73/100,Gevra Road-Pendra Road New Railway Line [135 km],705444.0,Ministry of Railways,Railways,Chhattisgarh,72.7
TIME_OVERRUN,CRITICAL,Delayed by 57 months,Gevra Road-Pendra Road New Railway Line [135 km],705444.0,Ministry of Railways,Railways,Chhattisgarh,72.7
EXPENDITURE_LAG,CRITICAL,Only 30% budget spent but 85% time elapsed,4th line - Rajnandgaon-Dongarhgarh 31.2 km PB72/NR/2022-23,709818.0,Ministry of Railways,Railways,Chhattisgarh,27.2
PROGRESS_STAGNATION,CRITICAL,Only 5% progress with 85% time elapsed,4th line - Rajnandgaon-Dongarhgarh 31.2 km PB72/NR/2022-23,709818.0,Ministry of Railways,Railways,Chhattisgarh,27.2
PF_GAP,WARNING,Physical-Financial gap of -24.9%,4th line - Rajnandgaon-Dongarhgarh 31.2 km PB72/NR/2022-23,709818.0,Ministry of Railways,Railways,Chhattisgarh,27.2
EXPENDITURE_LAG,CRITICAL,Only 17% budget spent but 93% time elapsed,3rd & 4th line - Saragbundia & Madwarani 12.2 km PB72/NR/2022-23,709819.0,Ministry of Railways,Railways,Chhattisgarh,24.6
PROGRESS_STAGNATION,CRITICAL,Only 10% progress with 93% time elapsed,3rd & 4th line - Saragbundia & Madwarani 12.2 km PB72/NR/2022-23,709819.0,Ministry of Railways,Railways,Chhattisgarh,24.6
PROGRESS_STAGNATION,CRITICAL,Only 23% progress with 139% time elapsed,Anand Vihar-Tilak Bridge - 3rd & 4th line 9.77 km,705583.0,Ministry of Railways,Railways,Delhi,57.2
PF_GAP,WARNING,Physical-Financial gap of -36.0%,Anand Vihar-Tilak Bridge - 3rd & 4th line 9.77 km,705583.0,Ministry of Railways,Railways,Delhi,57.2
TIME_OVERRUN,CRITICAL,Delayed by 57 months,Anand Vihar-Tilak Bridge - 3rd & 4th line 9.77 km,705583.0,Ministry of Railways,Railways,Delhi,57.2
EXPENDITURE_LAG,CRITICAL,Only 31% budget spent but 84% time elapsed,Kosamba- Umarpada 69.70 Km PB32/WR/2023-24,611918.0,Ministry of Railways,Railways,Gujarat,18.4
PROGRESS_STAGNATION,CRITICAL,Only 23% progress with 83% time elapsed,Barejadi Nandej Geratpur - Sanand - 4th line 38.20 km,612072.0,Ministry of Railways,Railways,Gujarat,38.9
PF_GAP,WARNING,Physical-Financial gap of -34.0%,Barejadi Nandej Geratpur - Sanand - 4th line 38.20 km,612072.0,Ministry of Railways,Railways,Gujarat,38.9
TIME_OVERRUN,WARNING,Delayed by 16 months,Barejadi Nandej Geratpur - Sanand - 4th line 38.20 km,612072.0,Ministry of Railways,Railways,Gujarat,38.9
EXPENDITURE_LAG,CRITICAL,Only 15% budget spent but 81% time elapsed,Kosamba Umarpada GC PROJECT,616983.0,Ministry of Railways,Railways,Gujarat,29.2
PROGRESS_STAGNATION,CRITICAL,Only 16% progress with 81% time elapsed,Kosamba Umarpada GC PROJECT,616983.0,Ministry of Railways,Railways,Gujarat,29.2
MULTI_MONTH_STAGNATION,CRITICAL,No progress improvement over multiple months,Kosamba Umarpada GC PROJECT,616983.0,Ministry of Railways,Railways,Gujarat,29.2
COST_ESCALATION,CRITICAL,Cost escalated by 109.8% from original,Miyagam-Karjan-Dabhoi-Samlaya 96.46 km- Gauge conversion with electrification,705458.0,Ministry of Railways,Railways,Gujarat,49.1
PF_GAP,WARNING,Physical-Financial gap of -134.7%,Miyagam-Karjan-Dabhoi-Samlaya 96.46 km- Gauge conversion with electrification,705458.0,Ministry of Railways,Railways,Gujarat,49.1
PF_GAP,WARNING,Physical-Financial gap of -84.1%,New BG line intersection 5 nos between Geratpur-Sanand & Botad-Ahmedabad 16.51,709813.0,Ministry of Railways,Railways,Gujarat,41.1
PROGRESS_STAGNATION,CRITICAL,Only 14% progress with 143% time elapsed,Lodhma-Piska - Link line bypassing Hatia / Ranchi with Y connection 17.2 km,705785.0,Ministry of Railways,Railways,Jharkhand,51.6
PF_GAP,WARNING,Physical-Financial gap of -58.8%,Lodhma-Piska - Link line bypassing Hatia / Ranchi with Y connection 17.2 km,705785.0,Ministry of Railways,Railways,Jharkhand,51.6
PF_GAP,WARNING,Physical-Financial gap of 30.3%,Pradhan Kuntha Jn Line Doubling Project,706837.0,Ministry of Railways,Railways,Jharkhand,23.9
MULTI_MONTH_STAGNATION,CRITICAL,No progress improvement over multiple months,Pradhan Kuntha Jn Line Doubling Project,706837.0,Ministry of Railways,Railways,Jharkhand,23.9
TIME_OVERRUN,WARNING,Delayed by 23 months,Construction of New BG line between Hassan to Belur [27 Km],400023.0,Ministry of Railways,Railways,Karnataka,43.9
MULTI_MONTH_STAGNATION,CRITICAL,No progress improvement over multiple months,Construction of New BG line between Hassan to Belur [27 Km],400023.0,Ministry of Railways,Railways,Karnataka,43.9
COST_ESCALATION,WARNING,Cost escalated by 29.1% from original,Gadag - Wadi 252 km,705490.0,Ministry of Railways,Railways,Karnataka,72.2
PF_GAP,WARNING,Physical-Financial gap of -44.2%,Gadag - Wadi 252 km,705490.0,Ministry of Railways,Railways,Karnataka,72.2
ELEVATED_RISK_ML,WARNING,ML risk score: 72/100,Gadag - Wadi 252 km,705490.0,Ministry of Railways,Railways,Karnataka,72.2
COST_ESCALATION,WARNING,Cost escalated by 26.4% from original,Kadur-Chickmagalur-Sakleshpur 93 km,705492.0,Ministry of Railways,Railways,Karnataka,65.4
ELEVATED_RISK_ML,WARNING,ML risk score: 65/100,Kadur-Chickmagalur-Sakleshpur 93 km,705492.0,Ministry of Railways,Railways,Karnataka,65.4
TIME_OVERRUN,CRITICAL,Delayed by 300 months,Hubli-Ankola 167 km,705493.0,Ministry of Railways,Railways,Karnataka,22.7
COST_ESCALATION,WARNING,Cost escalated by 24.1% from original,Bagalkot-Kudachi 142 km,705495.0,Ministry of Railways,Railways,Karnataka,45.0
PF_GAP,WARNING,Physical-Financial gap of -22.9%,Bagalkot-Kudachi 142 km,705495.0,Ministry of Railways,Railways,Karnataka,45.0
EXPENDITURE_LAG,CRITICAL,Only 38% budget spent but 665% time elapsed,Tumkur-Chitradurg-Davangere 199.7 km,705496.0,Ministry of Railways,Railways,Karnataka,50.2
PROGRESS_STAGNATION,CRITICAL,Only 22% progress with 665% time elapsed,Tumkur-Chitradurg-Davangere 199.7 km,705496.0,Ministry of Railways,Railways,Karnataka,50.2
TIME_OVERRUN,CRITICAL,Delayed by 105 months,Tumkur-Chitradurg-Davangere 199.7 km,705496.0,Ministry of Railways,Railways,Karnataka,50.2
COST_ESCALATION,WARNING,Cost escalated by 45.5% from original,Bangalore-Whitefield-Bangalore City-Krishnarajapuram 23.08 km - Quadrupling,705663.0,Ministry of Railways,Railways,Karnataka,49.4
PF_GAP,WARNING,Physical-Financial gap of -23.3%,Bangalore-Whitefield-Bangalore City-Krishnarajapuram 23.08 km - Quadrupling,705663.0,Ministry of Railways,Railways,Karnataka,49.4
EXPENDITURE_LAG,CRITICAL,Only 21% budget spent but 96% time elapsed,Bangalore Suburban Railway Project,705941.0,Ministry of Railways,Railways,Karnataka,50.1
PROGRESS_STAGNATION,CRITICAL,Only 20% progress with 96% time elapsed,Bangalore Suburban Railway Project,705941.0,Ministry of Railways,Railways,Karnataka,50.1
TIME_OVERRUN,CRITICAL,Delayed by 39 months,Bangalore Suburban Railway Project,705941.0,Ministry of Railways,Railways,Karnataka,50.1
MULTI_MONTH_STAGNATION,CRITICAL,No progress improvement over multiple months,Bangalore Suburban Railway Project,705941.0,Ministry of Railways,Railways,Karnataka,50.1
COST_ESCALATION,WARNING,Cost escalated by 44.1% from original,Kumbalam-Turavur - Patch doubling 15.59 km,705638.0,Ministry of Railways,Railways,Kerala,53.2
EXPENDITURE_LAG,CRITICAL,Only 34% budget spent but 79% time elapsed,Kumbalam-Turavur - Patch doubling 15.59 km,705638.0,Ministry of Railways,Railways,Kerala,53.2
COST_ESCALATION,WARNING,Cost escalated by 37.7% from original,Ernakulam-Kumbalam - Patch doubling 7.71 km,705639.0,Ministry of Railways,Railways,Kerala,46.8
PF_GAP,WARNING,Physical-Financial gap of -27.0%,Ernakulam-Kumbalam - Patch doubling 7.71 km,705639.0,Ministry of Railways,Railways,Kerala,46.8
COST_ESCALATION,WARNING,Cost escalated by 35.5% from original,Gwalior-Sheorpurkalan with extension to Kota 284 km,705419.0,Ministry of Railways,Railways,Madhya Pradesh,62.5
ELEVATED_RISK_ML,WARNING,ML risk score: 62/100,Gwalior-Sheorpurkalan with extension to Kota 284 km,705419.0,Ministry of Railways,Railways,Madhya Pradesh,62.5
COST_ESCALATION,WARNING,Cost escalated by 29.2% from original,Satna - Rewa 50 km,705659.0,Ministry of Railways,Railways,Madhya Pradesh,40.5
PF_GAP,WARNING,Physical-Financial gap of -35.6%,Satna - Rewa 50 km,705659.0,Ministry of Railways,Railways,Madhya Pradesh,40.5
COST_ESCALATION,CRITICAL,Cost escalated by 84.3% from original,Katni - Grade separator / bypass 21.50 km,705661.0,Ministry of Railways,Railways,Madhya Pradesh,76.0
PF_GAP,WARNING,Physical-Financial gap of -63.4%,Katni - Grade separator / bypass 21.50 km,705661.0,Ministry of Railways,Railways,Madhya Pradesh,76.0
ELEVATED_RISK_ML,WARNING,ML risk score: 76/100,Katni - Grade separator / bypass 21.50 km,705661.0,Ministry of Railways,Railways,Madhya Pradesh,76.0
TIME_OVERRUN,WARNING,Delayed by 24 months,Katni - Grade separator / bypass 21.50 km,705661.0,Ministry of Railways,Railways,Madhya Pradesh,76.0
COST_ESCALATION,CRITICAL,Cost escalated by 61.6% from original,Nimach-Ratlam 133 km,705933.0,Ministry of Railways,Railways,Madhya Pradesh,42.3
PF_GAP,WARNING,Physical-Financial gap of -35.8%,Nimach-Ratlam 133 km,705933.0,Ministry of Railways,Railways,Madhya Pradesh,42.3
EXPENDITURE_LAG,CRITICAL,Only 40% budget spent but 150% time elapsed,Aurangabad-Ankai 98.25 km,611751.0,Ministry of Railways,Railways,Maharashtra,33.6
PROGRESS_STAGNATION,CRITICAL,Only 0% progress with 150% time elapsed,Aurangabad-Ankai 98.25 km,611751.0,Ministry of Railways,Railways,Maharashtra,33.6
PF_GAP,WARNING,Physical-Financial gap of -39.7%,Aurangabad-Ankai 98.25 km,611751.0,Ministry of Railways,Railways,Maharashtra,33.6
COST_ESCALATION,CRITICAL,Cost escalated by 119.2% from original,Pachora-Jamner with extension upto Malkapur-Narrow gauge to broad gauge 84 km,612845.0,Ministry of Railways,Railways,Maharashtra,47.3
PF_GAP,WARNING,Physical-Financial gap of -20.8%,Pachora-Jamner with extension upto Malkapur-Narrow gauge to broad gauge 84 km,612845.0,Ministry of Railways,Railways,Maharashtra,47.3
PROGRESS_STAGNATION,CRITICAL,Only 25% progress with 86% time elapsed,Redevelopment of Chhatrapati Shivaji Maharaj Terminus [CSMT] and construction of,613015.0,Ministry of Railways,Railways,Maharashtra,31.3
PF_GAP,WARNING,Physical-Financial gap of -23.2%,Redevelopment of Chhatrapati Shivaji Maharaj Terminus [CSMT] and construction of,613015.0,Ministry of Railways,Railways,Maharashtra,31.3
PF_GAP,WARNING,Physical-Financial gap of -21.6%,Doubling between Parbhani-Parli Vaijnath stations 64.71 km PB34/CR/2023-24,617215.0,Ministry of Railways,Railways,Maharashtra,13.8
COST_ESCALATION,CRITICAL,Cost escalated by 134.1% from original,Ahmednagar - Beed - Parli - Vaijnath New Broad Gauge Line Railway Project [261.3,705356.0,Ministry of Railways,Railways,Maharashtra,74.9
PF_GAP,WARNING,Physical-Financial gap of -106.1%,Ahmednagar - Beed - Parli - Vaijnath New Broad Gauge Line Railway Project [261.3,705356.0,Ministry of Railways,Railways,Maharashtra,74.9
ELEVATED_RISK_ML,WARNING,ML risk score: 75/100,Ahmednagar - Beed - Parli - Vaijnath New Broad Gauge Line Railway Project [261.3,705356.0,Ministry of Railways,Railways,Maharashtra,74.9
MULTI_MONTH_STAGNATION,CRITICAL,No progress improvement over multiple months,Ahmednagar - Beed - Parli - Vaijnath New Broad Gauge Line Railway Project [261.3,705356.0,Ministry of Railways,Railways,Maharashtra,74.9
COST_ESCALATION,CRITICAL,Cost escalated by 1193.0% from original,Baramati - Lonand 54 km,705357.0,Ministry of Railways,Railways,Maharashtra,57.7
PF_GAP,WARNING,Physical-Financial gap of -757.6%,Baramati - Lonand 54 km,705357.0,Ministry of Railways,Railways,Maharashtra,57.7
COST_ESCALATION,WARNING,Cost escalated by 17.0% from original,Wardha - Yavatmal Nanded Railway Line Project,705497.0,Ministry of Railways,Railways,Maharashtra,71.4
PF_GAP,WARNING,Physical-Financial gap of -70.6%,Wardha - Yavatmal Nanded Railway Line Project,705497.0,Ministry of Railways,Railways,Maharashtra,71.4
ELEVATED_RISK_ML,WARNING,ML risk score: 71/100,Wardha - Yavatmal Nanded Railway Line Project,705497.0,Ministry of Railways,Railways,Maharashtra,71.4
MULTI_MONTH_STAGNATION,CRITICAL,No progress improvement over multiple months,Wardha - Yavatmal Nanded Railway Line Project,705497.0,Ministry of Railways,Railways,Maharashtra,71.4
COST_ESCALATION,CRITICAL,Cost escalated by 76.0% from original,Kalyan-Kasara - 3rd line 67.62 km,705498.0,Ministry of Railways,Railways,Maharashtra,53.2
PF_GAP,WARNING,Physical-Financial gap of -73.3%,Kalyan-Kasara - 3rd line 67.62 km,705498.0,Ministry of Railways,Railways,Maharashtra,53.2
COST_ESCALATION,CRITICAL,Cost escalated by 66.6% from original,Wardha Sevagram-Nagpur - 3rd line 76.3 km,705500.0,Ministry of Railways,Railways,Maharashtra,69.6
PF_GAP,WARNING,Physical-Financial gap of -66.9%,Wardha Sevagram-Nagpur - 3rd line 76.3 km,705500.0,Ministry of Railways,Railways,Maharashtra,69.6
ELEVATED_RISK_ML,WARNING,ML risk score: 70/100,Wardha Sevagram-Nagpur - 3rd line 76.3 km,705500.0,Ministry of Railways,Railways,Maharashtra,69.6
COST_ESCALATION,CRITICAL,Cost escalated by 88.0% from original,Wardha-Balharshah - 3rd line 132 km,705502.0,Ministry of Railways,Railways,Maharashtra,73.4
PF_GAP,WARNING,Physical-Financial gap of -50.8%,Wardha-Balharshah - 3rd line 132 km,705502.0,Ministry of Railways,Railways,Maharashtra,73.4
ELEVATED_RISK_ML,WARNING,ML risk score: 73/100,Wardha-Balharshah - 3rd line 132 km,705502.0,Ministry of Railways,Railways,Maharashtra,73.4
COST_ESCALATION,CRITICAL,Cost escalated by 70.8% from original,Daund - Manmad 247.50 km,705504.0,Ministry of Railways,Railways,Maharashtra,70.5
PF_GAP,WARNING,Physical-Financial gap of -58.3%,Daund - Manmad 247.50 km,705504.0,Ministry of Railways,Railways,Maharashtra,70.5
ELEVATED_RISK_ML,WARNING,ML risk score: 70/100,Daund - Manmad 247.50 km,705504.0,Ministry of Railways,Railways,Maharashtra,70.5
COST_ESCALATION,CRITICAL,Cost escalated by 87.3% from original,Wardha-Nagpur - 4th line 78.70 km,705505.0,Ministry of Railways,Railways,Maharashtra,70.4
PF_GAP,WARNING,Physical-Financial gap of -82.9%,Wardha-Nagpur - 4th line 78.70 km,705505.0,Ministry of Railways,Railways,Maharashtra,70.4
ELEVATED_RISK_ML,WARNING,ML risk score: 70/100,Wardha-Nagpur - 4th line 78.70 km,705505.0,Ministry of Railways,Railways,Maharashtra,70.4
COST_ESCALATION,CRITICAL,Cost escalated by 80.6% from original,3rd Line Manmad - Jalgaon [160 Kilometres],705506.0,Ministry of Railways,Railways,Maharashtra,80.2
PF_GAP,WARNING,Physical-Financial gap of -78.1%,3rd Line Manmad - Jalgaon [160 Kilometres],705506.0,Ministry of Railways,Railways,Maharashtra,80.2
HIGH_RISK_ML,CRITICAL,ML risk score: 80/100,3rd Line Manmad - Jalgaon [160 Kilometres],705506.0,Ministry of Railways,Railways,Maharashtra,80.2
MULTI_MONTH_STAGNATION,CRITICAL,No progress improvement over multiple months,3rd Line Manmad - Jalgaon [160 Kilometres],705506.0,Ministry of Railways,Railways,Maharashtra,80.2
COST_ESCALATION,CRITICAL,Cost escalated by 82.1% from original,Solapur-Osmanabad - New line via Tuljapur 84.44 km umbrella work PB23/2018-,705735.0,Ministry of Railways,Railways,Maharashtra,71.7
PROGRESS_STAGNATION,CRITICAL,Only 22% progress with 80% time elapsed,Solapur-Osmanabad - New line via Tuljapur 84.44 km umbrella work PB23/2018-,705735.0,Ministry of Railways,Railways,Maharashtra,71.7
PF_GAP,WARNING,Physical-Financial gap of -110.9%,Solapur-Osmanabad - New line via Tuljapur 84.44 km umbrella work PB23/2018-,705735.0,Ministry of Railways,Railways,Maharashtra,71.7
ELEVATED_RISK_ML,WARNING,ML risk score: 72/100,Solapur-Osmanabad - New line via Tuljapur 84.44 km umbrella work PB23/2018-,705735.0,Ministry of Railways,Railways,Maharashtra,71.7
COST_ESCALATION,CRITICAL,Cost escalated by 52.8% from original,Jiribam-Imphal 110 km,705391.0,Ministry of Railways,Railways,Manipur,68.5
PF_GAP,WARNING,Physical-Financial gap of -40.2%,Jiribam-Imphal 110 km,705391.0,Ministry of Railways,Railways,Manipur,68.5
ELEVATED_RISK_ML,WARNING,ML risk score: 68/100,Jiribam-Imphal 110 km,705391.0,Ministry of Railways,Railways,Manipur,68.5
TIME_OVERRUN,WARNING,Delayed by 30 months,Jiribam-Imphal 110 km,705391.0,Ministry of Railways,Railways,Manipur,68.5
COST_ESCALATION,CRITICAL,Cost escalated by 69.1% from original,Marikuppam-Kuppam 23.7 km,705491.0,Ministry of Railways,Railways,"Multi-States
(Andhra Pradesh,
Karnataka)",58.4
EXPENDITURE_LAG,CRITICAL,Only 29% budget spent but 102% time elapsed,Marikuppam-Kuppam 23.7 km,705491.0,Ministry of Railways,Railways,"Multi-States
(Andhra Pradesh,
Karnataka)",58.4
PROGRESS_STAGNATION,CRITICAL,Only 20% progress with 102% time elapsed,Marikuppam-Kuppam 23.7 km,705491.0,Ministry of Railways,Railways,"Multi-States
(Andhra Pradesh,
Karnataka)",58.4
PF_GAP,WARNING,Physical-Financial gap of -29.1%,Marikuppam-Kuppam 23.7 km,705491.0,Ministry of Railways,Railways,"Multi-States
(Andhra Pradesh,
Karnataka)",58.4
COST_ESCALATION,CRITICAL,Cost escalated by 84.8% from original,Rayadurg-Tumkur via Kalyandurg 213 km,705494.0,Ministry of Railways,Railways,"Multi-States
(Andhra Pradesh,
Karnataka)",77.7
ELEVATED_RISK_ML,WARNING,ML risk score: 78/100,Rayadurg-Tumkur via Kalyandurg 213 km,705494.0,Ministry of Railways,Railways,"Multi-States
(Andhra Pradesh,
Karnataka)",77.7
TIME_OVERRUN,CRITICAL,Delayed by 149 months,Rayadurg-Tumkur via Kalyandurg 213 km,705494.0,Ministry of Railways,Railways,"Multi-States
(Andhra Pradesh,
Karnataka)",77.7
COST_ESCALATION,WARNING,Cost escalated by 43.2% from original,Kottavalasa-Koraput 189.278 km,705512.0,Ministry of Railways,Railways,"Multi-States
(Andhra Pradesh,
Odisha)",72.4
ELEVATED_RISK_ML,WARNING,ML risk score: 72/100,Kottavalasa-Koraput 189.278 km,705512.0,Ministry of Railways,Railways,"Multi-States
(Andhra Pradesh,
Odisha)",72.4
TIME_OVERRUN,CRITICAL,Delayed by 72 months,Kottavalasa-Koraput 189.278 km,705512.0,Ministry of Railways,Railways,"Multi-States
(Andhra Pradesh,
Odisha)",72.4
EXPENDITURE_LAG,CRITICAL,Only 32% budget spent but 236% time elapsed,Tindivanam-Nagari 179.2 km,400275.0,Ministry of Railways,Railways,"Multi-States
(Andhra Pradesh,
Tamil Nadu)",57.2
PROGRESS_STAGNATION,CRITICAL,Only 16% progress with 236% time elapsed,Tindivanam-Nagari 179.2 km,400275.0,Ministry of Railways,Railways,"Multi-States
(Andhra Pradesh,
Tamil Nadu)",57.2
TIME_OVERRUN,CRITICAL,Delayed by 138 months,Tindivanam-Nagari 179.2 km,400275.0,Ministry of Railways,Railways,"Multi-States
(Andhra Pradesh,
Tamil Nadu)",57.2
COST_ESCALATION,CRITICAL,Cost escalated by 181.7% from original,"Renigunta 9.60 km, Wadi 7.60 km & Gooty 3.8 km - Bypass",705610.0,Ministry of Railways,Railways,"Multi-States
(Andhra Pradesh,
Tamil Nadu)",77.0
PF_GAP,WARNING,Physical-Financial gap of -89.5%,"Renigunta 9.60 km, Wadi 7.60 km & Gooty 3.8 km - Bypass",705610.0,Ministry of Railways,Railways,"Multi-States
(Andhra Pradesh,
Tamil Nadu)",77.0
ELEVATED_RISK_ML,WARNING,ML risk score: 77/100,"Renigunta 9.60 km, Wadi 7.60 km & Gooty 3.8 km - Bypass",705610.0,Ministry of Railways,Railways,"Multi-States
(Andhra Pradesh,
Tamil Nadu)",77.0
COST_ESCALATION,WARNING,Cost escalated by 27.9% from original,Vijayawada19.50 km & Kazipet10.65 km -Byepass line,705632.0,Ministry of Railways,Railways,"Multi-States
(Andhra Pradesh,
Telangana)",63.9
ELEVATED_RISK_ML,WARNING,ML risk score: 64/100,Vijayawada19.50 km & Kazipet10.65 km -Byepass line,705632.0,Ministry of Railways,Railways,"Multi-States
(Andhra Pradesh,
Telangana)",63.9
COST_ESCALATION,CRITICAL,Cost escalated by 206.8% from original,Murkongselek-Pasighat 26.15 km,705401.0,Ministry of Railways,Railways,"Multi-States
(Arunachal
Pradesh, Assam)",81.7
PF_GAP,WARNING,Physical-Financial gap of -176.0%,Murkongselek-Pasighat 26.15 km,705401.0,Ministry of Railways,Railways,"Multi-States
(Arunachal
Pradesh, Assam)",81.7
HIGH_RISK_ML,CRITICAL,ML risk score: 82/100,Murkongselek-Pasighat 26.15 km,705401.0,Ministry of Railways,Railways,"Multi-States
(Arunachal
Pradesh, Assam)",81.7
TIME_OVERRUN,WARNING,Delayed by 21 months,Murkongselek-Pasighat 26.15 km,705401.0,Ministry of Railways,Railways,"Multi-States
(Arunachal
Pradesh, Assam)",81.7
ELEVATED_RISK_ML,WARNING,ML risk score: 66/100,Teteliya-Byrnihat 21.5 km,705394.0,Ministry of Railways,Railways,"Multi-States
(Assam,
Meghalaya)",65.5
TIME_OVERRUN,CRITICAL,Delayed by 187 months,Teteliya-Byrnihat 21.5 km,705394.0,Ministry of Railways,Railways,"Multi-States
(Assam,
Meghalaya)",65.5
COST_ESCALATION,CRITICAL,Cost escalated by 129.8% from original,Dimapur-Kohima 88 km,705392.0,Ministry of Railways,Railways,"Multi-States
(Assam,
Nagaland)",82.2
PF_GAP,WARNING,Physical-Financial gap of -55.8%,Dimapur-Kohima 88 km,705392.0,Ministry of Railways,Railways,"Multi-States
(Assam,
Nagaland)",82.2
HIGH_RISK_ML,CRITICAL,ML risk score: 82/100,Dimapur-Kohima 88 km,705392.0,Ministry of Railways,Railways,"Multi-States
(Assam,
Nagaland)",82.2
TIME_OVERRUN,CRITICAL,Delayed by 57 months,Dimapur-Kohima 88 km,705392.0,Ministry of Railways,Railways,"Multi-States
(Assam,
Nagaland)",82.2
COST_ESCALATION,WARNING,Cost escalated by 49.6% from original,Koderma-Tilaiya 68 km,705375.0,Ministry of Railways,Railways,"Multi-States
(Bihar, Jharkhand)",72.7
PF_GAP,WARNING,Physical-Financial gap of -49.5%,Koderma-Tilaiya 68 km,705375.0,Ministry of Railways,Railways,"Multi-States
(Bihar, Jharkhand)",72.7
ELEVATED_RISK_ML,WARNING,ML risk score: 73/100,Koderma-Tilaiya 68 km,705375.0,Ministry of Railways,Railways,"Multi-States
(Bihar, Jharkhand)",72.7
PF_GAP,WARNING,Physical-Financial gap of -29.5%,Pirpainti - Jasidih 97 km,705385.0,Ministry of Railways,Railways,"Multi-States
(Bihar, Jharkhand)",30.7
PROGRESS_STAGNATION,CRITICAL,Only 25% progress with 87% time elapsed,NER Provision of Automatic Block Signalling on Gorakhpur Cantt[Excl] Chhapra,611669.0,Ministry of Railways,Railways,"Multi-States
(Bihar, Uttar
Pradesh)",40.8
PF_GAP,WARNING,Physical-Financial gap of -43.0%,NER Provision of Automatic Block Signalling on Gorakhpur Cantt[Excl] Chhapra,611669.0,Ministry of Railways,Railways,"Multi-States
(Bihar, Uttar
Pradesh)",40.8
EXPENDITURE_LAG,CRITICAL,Only 32% budget spent but 84% time elapsed,Construction of surface traingle between Bhadaura and new crossing station Karma,617333.0,Ministry of Railways,Railways,"Multi-States
(Bihar, Uttar
Pradesh)",28.3
PROGRESS_STAGNATION,CRITICAL,Only 0% progress with 84% time elapsed,Construction of surface traingle between Bhadaura and new crossing station Karma,617333.0,Ministry of Railways,Railways,"Multi-States
(Bihar, Uttar
Pradesh)",28.3
PF_GAP,WARNING,Physical-Financial gap of -32.0%,Construction of surface traingle between Bhadaura and new crossing station Karma,617333.0,Ministry of Railways,Railways,"Multi-States
(Bihar, Uttar
Pradesh)",28.3
TIME_OVERRUN,WARNING,Delayed by 15 months,Chhapra-Ballia - Patch doubling 65 km,705562.0,Ministry of Railways,Railways,"Multi-States
(Bihar, Uttar
Pradesh)",50.9
COST_ESCALATION,CRITICAL,Cost escalated by 108.0% from original,Katihar-Kumedpur & Katihar-Mukuria 64.5 km Umbrella work PB57/2019-20/NR,617245.0,Ministry of Railways,Railways,"Multi-States
(Bihar, West
Bengal)",49.4
PF_GAP,WARNING,Physical-Financial gap of -36.1%,Katihar-Kumedpur & Katihar-Mukuria 64.5 km Umbrella work PB57/2019-20/NR,617245.0,Ministry of Railways,Railways,"Multi-States
(Bihar, West
Bengal)",49.4
TIME_OVERRUN,WARNING,Delayed by 18 months,Rajnandgaon-Nagpur - 3rd line 228 km,705617.0,Ministry of Railways,Railways,"Multi-States
(Chhattisgarh,
Maharashtra)",33.3
EXPENDITURE_LAG,CRITICAL,Only 12% budget spent but 91% time elapsed,4th line - Bhatapara-Hathband 8.8 km PB72/NR/2022-23,709815.0,Ministry of Railways,Railways,"Multi-States
(Chhattisgarh,
Maharashtra)",38.1
PROGRESS_STAGNATION,CRITICAL,Only 3% progress with 91% time elapsed,4th line - Bhatapara-Hathband 8.8 km PB72/NR/2022-23,709815.0,Ministry of Railways,Railways,"Multi-States
(Chhattisgarh,
Maharashtra)",38.1
EXPENDITURE_LAG,CRITICAL,Only 20% budget spent but 89% time elapsed,4th line - Bhilai-Bhilai nagar 8.8 km PB72/NR/2022-23,709816.0,Ministry of Railways,Railways,"Multi-States
(Chhattisgarh,
Maharashtra)",29.0
PROGRESS_STAGNATION,CRITICAL,Only 3% progress with 89% time elapsed,4th line - Bhilai-Bhilai nagar 8.8 km PB72/NR/2022-23,709816.0,Ministry of Railways,Railways,"Multi-States
(Chhattisgarh,
Maharashtra)",29.0
EXPENDITURE_LAG,CRITICAL,Only 39% budget spent but 95% time elapsed,4th line - Dadhapara-Belha 9.2 km PB72/NR/2022-23,709817.0,Ministry of Railways,Railways,"Multi-States
(Chhattisgarh,
Maharashtra)",26.7
PROGRESS_STAGNATION,CRITICAL,Only 10% progress with 95% time elapsed,4th line - Dadhapara-Belha 9.2 km PB72/NR/2022-23,709817.0,Ministry of Railways,Railways,"Multi-States
(Chhattisgarh,
Maharashtra)",26.7
PF_GAP,WARNING,Physical-Financial gap of -28.7%,4th line - Dadhapara-Belha 9.2 km PB72/NR/2022-23,709817.0,Ministry of Railways,Railways,"Multi-States
(Chhattisgarh,
Maharashtra)",26.7
TIME_OVERRUN,WARNING,Delayed by 33 months,Jagdalpur-Koraput 110.22 km,705511.0,Ministry of Railways,Railways,"Multi-States
(Chhattisgarh,
Odisha)",49.9
COST_ESCALATION,WARNING,Cost escalated by 39.2% from original,Jharsuguda - Bilaspur - 4th line 206 km,705616.0,Ministry of Railways,Railways,"Multi-States
(Chhattisgarh,
Odisha)",66.9
PF_GAP,WARNING,Physical-Financial gap of -30.7%,Jharsuguda - Bilaspur - 4th line 206 km,705616.0,Ministry of Railways,Railways,"Multi-States
(Chhattisgarh,
Odisha)",66.9
ELEVATED_RISK_ML,WARNING,ML risk score: 67/100,Jharsuguda - Bilaspur - 4th line 206 km,705616.0,Ministry of Railways,Railways,"Multi-States
(Chhattisgarh,
Odisha)",66.9
TIME_OVERRUN,WARNING,Delayed by 17 months,Jharsuguda - Bilaspur - 4th line 206 km,705616.0,Ministry of Railways,Railways,"Multi-States
(Chhattisgarh,
Odisha)",66.9
PF_GAP,WARNING,Physical-Financial gap of -22.1%,Mumbai-Ahmedabad High Speed Rail Project- 508 km,705728.0,Ministry of Railways,Railways,"Multi-States
(Dadra & Nagar
Haveli and Daman
& Diu, Gujarat,
Maharashtra)",31.4
TIME_OVERRUN,WARNING,Delayed by 28 months,Mumbai-Ahmedabad High Speed Rail Project- 508 km,705728.0,Ministry of Railways,Railways,"Multi-States
(Dadra & Nagar
Haveli and Daman
& Diu, Gujarat,
Maharashtra)",31.4
COST_ESCALATION,WARNING,Cost escalated by 18.9% from original,Raising of speed to 160 kmph/200 kmph on existing New Delhi-Mumbai route incl.,705793.0,Ministry of Railways,Railways,"Multi-States (Delhi,
Gujarat, Madhya
Pradesh,
Maharashtra,
Rajasthan)",76.3
PF_GAP,WARNING,Physical-Financial gap of -73.0%,Raising of speed to 160 kmph/200 kmph on existing New Delhi-Mumbai route incl.,705793.0,Ministry of Railways,Railways,"Multi-States (Delhi,
Gujarat, Madhya
Pradesh,
Maharashtra,
Rajasthan)",76.3
ELEVATED_RISK_ML,WARNING,ML risk score: 76/100,Raising of speed to 160 kmph/200 kmph on existing New Delhi-Mumbai route incl.,705793.0,Ministry of Railways,Railways,"Multi-States (Delhi,
Gujarat, Madhya
Pradesh,
Maharashtra,
Rajasthan)",76.3
TIME_OVERRUN,WARNING,Delayed by 24 months,Raising of speed to 160 kmph/200 kmph on existing New Delhi-Mumbai route incl.,705793.0,Ministry of Railways,Railways,"Multi-States (Delhi,
Gujarat, Madhya
Pradesh,
Maharashtra,
Rajasthan)",76.3
MULTI_MONTH_STAGNATION,CRITICAL,No progress improvement over multiple months,Raising of speed to 160 kmph/200 kmph on existing New Delhi-Mumbai route incl.,705793.0,Ministry of Railways,Railways,"Multi-States (Delhi,
Gujarat, Madhya
Pradesh,
Maharashtra,
Rajasthan)",76.3
COST_ESCALATION,CRITICAL,Cost escalated by 142.7% from original,Western Dedicated Freight Corridor,705237.0,Ministry of Railways,Railways,"Multi-States
(Gujarat, Haryana,
Maharashtra,
Rajasthan, Uttar
Pradesh)",82.1
PF_GAP,WARNING,Physical-Financial gap of -147.9%,Western Dedicated Freight Corridor,705237.0,Ministry of Railways,Railways,"Multi-States
(Gujarat, Haryana,
Maharashtra,
Rajasthan, Uttar
Pradesh)",82.1
HIGH_RISK_ML,CRITICAL,ML risk score: 82/100,Western Dedicated Freight Corridor,705237.0,Ministry of Railways,Railways,"Multi-States
(Gujarat, Haryana,
Maharashtra,
Rajasthan, Uttar
Pradesh)",82.1
TIME_OVERRUN,CRITICAL,Delayed by 45 months,Western Dedicated Freight Corridor,705237.0,Ministry of Railways,Railways,"Multi-States
(Gujarat, Haryana,
Maharashtra,
Rajasthan, Uttar
Pradesh)",82.1
MULTI_MONTH_STAGNATION,CRITICAL,No progress improvement over multiple months,Western Dedicated Freight Corridor,705237.0,Ministry of Railways,Railways,"Multi-States
(Gujarat, Haryana,
Maharashtra,
Rajasthan, Uttar
Pradesh)",82.1
COST_ESCALATION,CRITICAL,Cost escalated by 1921.0% from original,"Dahod-Indore via Sardarpur, Jhabua & Dhar 200.97 km incl. material modification for",705453.0,Ministry of Railways,Railways,"Multi-States
(Gujarat, Madhya
Pradesh)",71.5
PF_GAP,WARNING,Physical-Financial gap of -931.7%,"Dahod-Indore via Sardarpur, Jhabua & Dhar 200.97 km incl. material modification for",705453.0,Ministry of Railways,Railways,"Multi-States
(Gujarat, Madhya
Pradesh)",71.5
ELEVATED_RISK_ML,WARNING,ML risk score: 72/100,"Dahod-Indore via Sardarpur, Jhabua & Dhar 200.97 km incl. material modification for",705453.0,Ministry of Railways,Railways,"Multi-States
(Gujarat, Madhya
Pradesh)",71.5
PF_GAP,WARNING,Physical-Financial gap of -45.4%,Chhota Udepur-Dhar 157 km,705454.0,Ministry of Railways,Railways,"Multi-States
(Gujarat, Madhya
Pradesh)",62.7
ELEVATED_RISK_ML,WARNING,ML risk score: 63/100,Chhota Udepur-Dhar 157 km,705454.0,Ministry of Railways,Railways,"Multi-States
(Gujarat, Madhya
Pradesh)",62.7
PF_GAP,WARNING,Physical-Financial gap of -21.8%,Taranga Hill-Abu Road via Ambaji 116.65 km,400022.0,Ministry of Railways,Railways,"Multi-States
(Gujarat,
Rajasthan)",30.7
EXPENDITURE_LAG,CRITICAL,Only 31% budget spent but 76% time elapsed,LUNI- SAMDARI- BHILDI DOUBLING,616842.0,Ministry of Railways,Railways,"Multi-States
(Gujarat,
Rajasthan)",19.3
COST_ESCALATION,WARNING,Cost escalated by 26.1% from original,Chandigarh-Baddi 33.23 km,705424.0,Ministry of Railways,Railways,"Multi-States
(Haryana,
Himachal Pradesh)",47.8
PF_GAP,WARNING,Physical-Financial gap of -24.5%,Chandigarh-Baddi 33.23 km,705424.0,Ministry of Railways,Railways,"Multi-States
(Haryana,
Himachal Pradesh)",47.8
COST_ESCALATION,CRITICAL,Cost escalated by 102.0% from original,Nangal Dam-Talwara 83.74 km - New broad gauge line & taking over siding Mukerian-,705410.0,Ministry of Railways,Railways,"Multi-States
(Himachal
Pradesh, Punjab)",72.2
PF_GAP,WARNING,Physical-Financial gap of -61.4%,Nangal Dam-Talwara 83.74 km - New broad gauge line & taking over siding Mukerian-,705410.0,Ministry of Railways,Railways,"Multi-States
(Himachal
Pradesh, Punjab)",72.2
ELEVATED_RISK_ML,WARNING,ML risk score: 72/100,Nangal Dam-Talwara 83.74 km - New broad gauge line & taking over siding Mukerian-,705410.0,Ministry of Railways,Railways,"Multi-States
(Himachal
Pradesh, Punjab)",72.2
TIME_OVERRUN,WARNING,Delayed by 24 months,Nangal Dam-Talwara 83.74 km - New broad gauge line & taking over siding Mukerian-,705410.0,Ministry of Railways,Railways,"Multi-States
(Himachal
Pradesh, Punjab)",72.2
TIME_OVERRUN,WARNING,Delayed by 15 months,Kharagpur-Adityapur - 3rd line 132 km,705668.0,Ministry of Railways,Railways,"Multi-States
(Jharkhand, West
Bengal)",49.2
COST_ESCALATION,CRITICAL,Cost escalated by 132.6% from original,Baiyyappanahalli-Hosur 48 km,703586.0,Ministry of Railways,Railways,"Multi-States
(Karnataka, Tamil
Nadu)",79.2
PF_GAP,WARNING,Physical-Financial gap of -55.5%,Baiyyappanahalli-Hosur 48 km,703586.0,Ministry of Railways,Railways,"Multi-States
(Karnataka, Tamil
Nadu)",79.2
ELEVATED_RISK_ML,WARNING,ML risk score: 79/100,Baiyyappanahalli-Hosur 48 km,703586.0,Ministry of Railways,Railways,"Multi-States
(Karnataka, Tamil
Nadu)",79.2
TIME_OVERRUN,WARNING,Delayed by 13 months,Baiyyappanahalli-Hosur 48 km,703586.0,Ministry of Railways,Railways,"Multi-States
(Karnataka, Tamil
Nadu)",79.2
COST_ESCALATION,CRITICAL,Cost escalated by 164.3% from original,Trivandrum- Kanyakumari,705635.0,Ministry of Railways,Railways,"Multi-States
(Kerala, Tamil
Nadu)",77.1
PF_GAP,WARNING,Physical-Financial gap of -168.6%,Trivandrum- Kanyakumari,705635.0,Ministry of Railways,Railways,"Multi-States
(Kerala, Tamil
Nadu)",77.1
ELEVATED_RISK_ML,WARNING,ML risk score: 77/100,Trivandrum- Kanyakumari,705635.0,Ministry of Railways,Railways,"Multi-States
(Kerala, Tamil
Nadu)",77.1
TIME_OVERRUN,CRITICAL,Delayed by 39 months,Trivandrum- Kanyakumari,705635.0,Ministry of Railways,Railways,"Multi-States
(Kerala, Tamil
Nadu)",77.1
COST_ESCALATION,CRITICAL,Cost escalated by 703.9% from original,Ratlam-Mhow-Khandwa-Akola 472.64 km including material modification for,705457.0,Ministry of Railways,Railways,"Multi-States
(Madhya Pradesh,
Maharashtra)",77.7
EXPENDITURE_LAG,CRITICAL,Only 38% budget spent but 97% time elapsed,Ratlam-Mhow-Khandwa-Akola 472.64 km including material modification for,705457.0,Ministry of Railways,Railways,"Multi-States
(Madhya Pradesh,
Maharashtra)",77.7
PF_GAP,WARNING,Physical-Financial gap of -229.6%,Ratlam-Mhow-Khandwa-Akola 472.64 km including material modification for,705457.0,Ministry of Railways,Railways,"Multi-States
(Madhya Pradesh,
Maharashtra)",77.7
ELEVATED_RISK_ML,WARNING,ML risk score: 78/100,Ratlam-Mhow-Khandwa-Akola 472.64 km including material modification for,705457.0,Ministry of Railways,Railways,"Multi-States
(Madhya Pradesh,
Maharashtra)",77.7
TIME_OVERRUN,WARNING,Delayed by 18 months,Ratlam-Mhow-Khandwa-Akola 472.64 km including material modification for,705457.0,Ministry of Railways,Railways,"Multi-States
(Madhya Pradesh,
Maharashtra)",77.7
PF_GAP,WARNING,Physical-Financial gap of -38.5%,Itarsi-Nagpur bal. 280 km,705507.0,Ministry of Railways,Railways,"Multi-States
(Madhya Pradesh,
Maharashtra)",57.6
COST_ESCALATION,CRITICAL,Cost escalated by 67.4% from original,Ramganj Mandi-Bhopal 262 km,705481.0,Ministry of Railways,Railways,"Multi-States
(Madhya Pradesh,
Rajasthan)",69.9
PF_GAP,WARNING,Physical-Financial gap of -62.4%,Ramganj Mandi-Bhopal 262 km,705481.0,Ministry of Railways,Railways,"Multi-States
(Madhya Pradesh,
Rajasthan)",69.9
ELEVATED_RISK_ML,WARNING,ML risk score: 70/100,Ramganj Mandi-Bhopal 262 km,705481.0,Ministry of Railways,Railways,"Multi-States
(Madhya Pradesh,
Rajasthan)",69.9
TIME_OVERRUN,WARNING,Delayed by 24 months,Ramganj Mandi-Bhopal 262 km,705481.0,Ministry of Railways,Railways,"Multi-States
(Madhya Pradesh,
Rajasthan)",69.9
COST_ESCALATION,CRITICAL,Cost escalated by 80.9% from original,Nimach-Badi Sadri NL Project 48 km,705764.0,Ministry of Railways,Railways,"Multi-States
(Madhya Pradesh,
Rajasthan)",77.2
PF_GAP,WARNING,Physical-Financial gap of -56.6%,Nimach-Badi Sadri NL Project 48 km,705764.0,Ministry of Railways,Railways,"Multi-States
(Madhya Pradesh,
Rajasthan)",77.2
ELEVATED_RISK_ML,WARNING,ML risk score: 77/100,Nimach-Badi Sadri NL Project 48 km,705764.0,Ministry of Railways,Railways,"Multi-States
(Madhya Pradesh,
Rajasthan)",77.2
TIME_OVERRUN,WARNING,Delayed by 36 months,Mathura-Jhansi - 3rd line 273.80 km,705667.0,Ministry of Railways,Railways,"Multi-States
(Madhya Pradesh,
Rajasthan, Uttar
Pradesh)",31.9
TIME_OVERRUN,CRITICAL,Delayed by 48 months,Jhansi-Bina - 3rd line 152.57 km,705598.0,Ministry of Railways,Railways,"Multi-States
(Madhya Pradesh,
Uttar Pradesh)",41.5
COST_ESCALATION,WARNING,Cost escalated by 42.7% from original,Narayangarh - Bhadrak - 3rd line 155 km,705629.0,Ministry of Railways,Railways,"Multi-States
(Odisha, West
Bengal)",68.1
PF_GAP,WARNING,Physical-Financial gap of -36.3%,Narayangarh - Bhadrak - 3rd line 155 km,705629.0,Ministry of Railways,Railways,"Multi-States
(Odisha, West
Bengal)",68.1
ELEVATED_RISK_ML,WARNING,ML risk score: 68/100,Narayangarh - Bhadrak - 3rd line 155 km,705629.0,Ministry of Railways,Railways,"Multi-States
(Odisha, West
Bengal)",68.1
TIME_OVERRUN,WARNING,Delayed by 13 months,Narayangarh - Bhadrak - 3rd line 155 km,705629.0,Ministry of Railways,Railways,"Multi-States
(Odisha, West
Bengal)",68.1
COST_ESCALATION,CRITICAL,Cost escalated by 145.2% from original,Tiruchchirappalli-Nagore-Karaikal with extension of Nagapattinam-Velankani-,400223.0,Ministry of Railways,Railways,"Multi-States
(Puducherry, Tamil
Nadu)",75.3
PF_GAP,WARNING,Physical-Financial gap of -97.8%,Tiruchchirappalli-Nagore-Karaikal with extension of Nagapattinam-Velankani-,400223.0,Ministry of Railways,Railways,"Multi-States
(Puducherry, Tamil
Nadu)",75.3
ELEVATED_RISK_ML,WARNING,ML risk score: 75/100,Tiruchchirappalli-Nagore-Karaikal with extension of Nagapattinam-Velankani-,400223.0,Ministry of Railways,Railways,"Multi-States
(Puducherry, Tamil
Nadu)",75.3
TIME_OVERRUN,WARNING,Delayed by 36 months,Tiruchchirappalli-Nagore-Karaikal with extension of Nagapattinam-Velankani-,400223.0,Ministry of Railways,Railways,"Multi-States
(Puducherry, Tamil
Nadu)",75.3
COST_ESCALATION,WARNING,Cost escalated by 49.5% from original,Sivok-Rangpo New Rail Line,705432.0,Ministry of Railways,Railways,"Multi-States
(Sikkim, West
Bengal)",92.4
PF_GAP,WARNING,Physical-Financial gap of -60.8%,Sivok-Rangpo New Rail Line,705432.0,Ministry of Railways,Railways,"Multi-States
(Sikkim, West
Bengal)",92.4
HIGH_RISK_ML,CRITICAL,ML risk score: 92/100,Sivok-Rangpo New Rail Line,705432.0,Ministry of Railways,Railways,"Multi-States
(Sikkim, West
Bengal)",92.4
TIME_OVERRUN,CRITICAL,Delayed by 151 months,Sivok-Rangpo New Rail Line,705432.0,Ministry of Railways,Railways,"Multi-States
(Sikkim, West
Bengal)",92.4
MULTI_MONTH_STAGNATION,CRITICAL,No progress improvement over multiple months,Sivok-Rangpo New Rail Line,705432.0,Ministry of Railways,Railways,"Multi-States
(Sikkim, West
Bengal)",92.4
COST_ESCALATION,CRITICAL,Cost escalated by 72.8% from original,"Sainthia, Sitarampur, Mughalsarai, Allahabad & Etawah - Bypass 35 km",602797.0,Ministry of Railways,Railways,"Multi-States (Uttar
Pradesh, West
Bengal)",46.6
EXPENDITURE_LAG,CRITICAL,Only 23% budget spent but 82% time elapsed,"Sainthia, Sitarampur, Mughalsarai, Allahabad & Etawah - Bypass 35 km",602797.0,Ministry of Railways,Railways,"Multi-States (Uttar
Pradesh, West
Bengal)",46.6
PROGRESS_STAGNATION,CRITICAL,Only 15% progress with 82% time elapsed,"Sainthia, Sitarampur, Mughalsarai, Allahabad & Etawah - Bypass 35 km",602797.0,Ministry of Railways,Railways,"Multi-States (Uttar
Pradesh, West
Bengal)",46.6
PF_GAP,WARNING,Physical-Financial gap of -25.1%,"Sainthia, Sitarampur, Mughalsarai, Allahabad & Etawah - Bypass 35 km",602797.0,Ministry of Railways,Railways,"Multi-States (Uttar
Pradesh, West
Bengal)",46.6
PF_GAP,WARNING,Physical-Financial gap of -47.9%,Jharsuguda-Barpali-Sardega Ph II Works- Rail Connectivity for Coal Loading Bulb at,400006.0,Ministry of Railways,Railways,Odisha,45.8
TIME_OVERRUN,WARNING,Delayed by 14 months,Jharsuguda-Barpali-Sardega Ph II Works- Rail Connectivity for Coal Loading Bulb at,400006.0,Ministry of Railways,Railways,Odisha,45.8
PF_GAP,WARNING,Physical-Financial gap of 40.5%,Proposed 6 nos Road Over Bridge [ROB] at different locations under MCL Talcher,400045.0,Ministry of Railways,Railways,Odisha,51.1
MULTI_MONTH_STAGNATION,CRITICAL,No progress improvement over multiple months,Proposed 6 nos Road Over Bridge [ROB] at different locations under MCL Talcher,400045.0,Ministry of Railways,Railways,Odisha,51.1
EXPENDITURE_LAG,CRITICAL,Only 20% budget spent but 170% time elapsed,Doubling of Lingaraj SILO connectivity of NTPC line and augmentation of NTPC,400047.0,Ministry of Railways,Railways,Odisha,52.4
PF_GAP,WARNING,Physical-Financial gap of 33.4%,Doubling of Lingaraj SILO connectivity of NTPC line and augmentation of NTPC,400047.0,Ministry of Railways,Railways,Odisha,52.4
TIME_OVERRUN,WARNING,Delayed by 24 months,Doubling of Lingaraj SILO connectivity of NTPC line and augmentation of NTPC,400047.0,Ministry of Railways,Railways,Odisha,52.4
PF_GAP,WARNING,Physical-Financial gap of 31.6%,Doubling of lines connecting the loading spurs in Talcher Yard.,400048.0,Ministry of Railways,Railways,Odisha,52.8
TIME_OVERRUN,WARNING,Delayed by 30 months,Doubling of lines connecting the loading spurs in Talcher Yard.,400048.0,Ministry of Railways,Railways,Odisha,52.8
MULTI_MONTH_STAGNATION,CRITICAL,No progress improvement over multiple months,Doubling of lines connecting the loading spurs in Talcher Yard.,400048.0,Ministry of Railways,Railways,Odisha,52.8
EXPENDITURE_LAG,CRITICAL,Only 16% budget spent but 91% time elapsed,Brundamal - Jharsuguda - Fly-over connection for joining down line 6.6 km,400232.0,Ministry of Railways,Railways,Odisha,27.7
PF_GAP,WARNING,Physical-Financial gap of 39.4%,Brundamal - Jharsuguda - Fly-over connection for joining down line 6.6 km,400232.0,Ministry of Railways,Railways,Odisha,27.7
PF_GAP,WARNING,Physical-Financial gap of 20.7%,3rd & 4th line between Sarla - Sason 8 km PB73/2023-24/NR,612834.0,Ministry of Railways,Railways,Odisha,20.6
TIME_OVERRUN,WARNING,Delayed by 26 months,Rourkela-Bondamunda A-Cabin 5th line 10 km Umbrella work PB57/2019-20/NR,615915.0,Ministry of Railways,Railways,Odisha,46.9
PF_GAP,WARNING,Physical-Financial gap of -27.8%,Flyover between Siju & Paradeep coaching yard 7 km PB73/2023-24/NR,616694.0,Ministry of Railways,Railways,Odisha,25.6
COST_ESCALATION,CRITICAL,Cost escalated by 64.1% from original,Khurda Road-Bolangir 301 km,705358.0,Ministry of Railways,Railways,Odisha,50.4
PF_GAP,WARNING,Physical-Financial gap of -34.2%,Khurda Road-Bolangir 301 km,705358.0,Ministry of Railways,Railways,Odisha,50.4
COST_ESCALATION,CRITICAL,Cost escalated by 135.8% from original,Talcher-Bimlagarh 154 km,705359.0,Ministry of Railways,Railways,Odisha,80.1
PF_GAP,WARNING,Physical-Financial gap of -56.2%,Talcher-Bimlagarh 154 km,705359.0,Ministry of Railways,Railways,Odisha,80.1
HIGH_RISK_ML,CRITICAL,ML risk score: 80/100,Talcher-Bimlagarh 154 km,705359.0,Ministry of Railways,Railways,Odisha,80.1
TIME_OVERRUN,CRITICAL,Delayed by 48 months,Talcher-Bimlagarh 154 km,705359.0,Ministry of Railways,Railways,Odisha,80.1
COST_ESCALATION,WARNING,Cost escalated by 24.6% from original,Bhadrak-Nergundi - 3rd line 80 km,705510.0,Ministry of Railways,Railways,Odisha,61.0
PF_GAP,WARNING,Physical-Financial gap of -21.7%,Bhadrak-Nergundi - 3rd line 80 km,705510.0,Ministry of Railways,Railways,Odisha,61.0
ELEVATED_RISK_ML,WARNING,ML risk score: 61/100,Bhadrak-Nergundi - 3rd line 80 km,705510.0,Ministry of Railways,Railways,Odisha,61.0
TIME_OVERRUN,WARNING,Delayed by 14 months,Bhadrak-Nergundi - 3rd line 80 km,705510.0,Ministry of Railways,Railways,Odisha,61.0
PF_GAP,WARNING,Physical-Financial gap of -32.6%,Koraput-Singapur Road 164.56 km,705513.0,Ministry of Railways,Railways,Odisha,52.9
PROGRESS_STAGNATION,CRITICAL,Only 25% progress with 413% time elapsed,Jarapaada-Budhapank with flyover at Talcher Road - 3rd & 4th line 47 44 km,705514.0,Ministry of Railways,Railways,Odisha,55.7
PF_GAP,WARNING,Physical-Financial gap of -50.9%,Jarapaada-Budhapank with flyover at Talcher Road - 3rd & 4th line 47 44 km,705514.0,Ministry of Railways,Railways,Odisha,55.7
TIME_OVERRUN,CRITICAL,Delayed by 112 months,Jarapaada-Budhapank with flyover at Talcher Road - 3rd & 4th line 47 44 km,705514.0,Ministry of Railways,Railways,Odisha,55.7
COST_ESCALATION,CRITICAL,Cost escalated by 158.7% from original,Budhapank-Salegaon via Rajatgarh - 3rd & 4th line 85 85 km,705515.0,Ministry of Railways,Railways,Odisha,68.1
PF_GAP,WARNING,Physical-Financial gap of -102.7%,Budhapank-Salegaon via Rajatgarh - 3rd & 4th line 85 85 km,705515.0,Ministry of Railways,Railways,Odisha,68.1
ELEVATED_RISK_ML,WARNING,ML risk score: 68/100,Budhapank-Salegaon via Rajatgarh - 3rd & 4th line 85 85 km,705515.0,Ministry of Railways,Railways,Odisha,68.1
TIME_OVERRUN,WARNING,Delayed by 17 months,Jeypore - Navarangpur 38 km,705741.0,Ministry of Railways,Railways,Odisha,43.7
PF_GAP,WARNING,Physical-Financial gap of -25.4%,Jeypore - Malkangiri 130 km,705742.0,Ministry of Railways,Railways,Odisha,18.0
EXPENDITURE_LAG,CRITICAL,Only 0% budget spent but 373% time elapsed,North Region Video Surveillance Project,705298.0,Ministry of Railways,Railways,PAN India,48.7
PF_GAP,WARNING,Physical-Financial gap of 48.0%,North Region Video Surveillance Project,705298.0,Ministry of Railways,Railways,PAN India,48.7
MULTI_MONTH_STAGNATION,CRITICAL,No progress improvement over multiple months,North Region Video Surveillance Project,705298.0,Ministry of Railways,Railways,PAN India,48.7
PF_GAP,WARNING,Physical-Financial gap of 72.9%,Ludhiana Mullanpur 21Km Doubling Railway project,607653.0,Ministry of Railways,Railways,Punjab,39.0
TIME_OVERRUN,WARNING,Delayed by 32 months,Ludhiana Mullanpur 21Km Doubling Railway project,607653.0,Ministry of Railways,Railways,Punjab,39.0
MULTI_MONTH_STAGNATION,CRITICAL,No progress improvement over multiple months,Ludhiana Mullanpur 21Km Doubling Railway project,607653.0,Ministry of Railways,Railways,Punjab,39.0
PF_GAP,WARNING,Physical-Financial gap of 24.3%,Ludhiana-Kila Raipur 19 km with freight line at Gill station,705783.0,Ministry of Railways,Railways,Punjab,51.9
TIME_OVERRUN,WARNING,Delayed by 23 months,Ludhiana-Kila Raipur 19 km with freight line at Gill station,705783.0,Ministry of Railways,Railways,Punjab,51.9
EXPENDITURE_LAG,CRITICAL,Only 0% budget spent but 216% time elapsed,Maintenance cum workshop depot for Vande Bharat Sleeper Trains as per conditions,611929.0,Ministry of Railways,Railways,Rajasthan,34.4
PROGRESS_STAGNATION,CRITICAL,Only 0% progress with 216% time elapsed,Maintenance cum workshop depot for Vande Bharat Sleeper Trains as per conditions,611929.0,Ministry of Railways,Railways,Rajasthan,34.4
MULTI_MONTH_STAGNATION,CRITICAL,No progress improvement over multiple months,Maintenance cum workshop depot for Vande Bharat Sleeper Trains as per conditions,611929.0,Ministry of Railways,Railways,Rajasthan,34.4
EXPENDITURE_LAG,CRITICAL,Only 30% budget spent but 89% time elapsed,Pushkar - Merta Katyasani 51.346 km,616841.0,Ministry of Railways,Railways,Rajasthan,45.2
PROGRESS_STAGNATION,CRITICAL,Only 7% progress with 89% time elapsed,Pushkar - Merta Katyasani 51.346 km,616841.0,Ministry of Railways,Railways,Rajasthan,45.2
PF_GAP,WARNING,Physical-Financial gap of -23.3%,Pushkar - Merta Katyasani 51.346 km,616841.0,Ministry of Railways,Railways,Rajasthan,45.2
TIME_OVERRUN,WARNING,Delayed by 24 months,Pushkar - Merta Katyasani 51.346 km,616841.0,Ministry of Railways,Railways,Rajasthan,45.2
EXPENDITURE_LAG,CRITICAL,Only 34% budget spent but 73% time elapsed,Ajmer-Chanderiya section 178.28 km Umbrella work PB57/2019-20/NR,616843.0,Ministry of Railways,Railways,Rajasthan,20.5
PF_GAP,WARNING,Physical-Financial gap of 52.8%,SADULPUR - CHURU DOUBLING PROJECT,617403.0,Ministry of Railways,Railways,Rajasthan,26.5
PF_GAP,WARNING,Physical-Financial gap of -27.3%,North Western Railway - New line between Ramdevra and Pokhran via Bhairav Gufa,617404.0,Ministry of Railways,Railways,Rajasthan,7.4
PF_GAP,WARNING,Physical-Financial gap of 55.2%,Gudha-Thathana Mithri - Construction of dedicated test track for testing and trial of,705752.0,Ministry of Railways,Railways,Rajasthan,20.4
EXPENDITURE_LAG,CRITICAL,Only 38% budget spent but 88% time elapsed,Agra Fort-Bandikui Doubling Line Project,705919.0,Ministry of Railways,Railways,Rajasthan,18.8
COST_ESCALATION,WARNING,Cost escalated by 32.8% from original,Dedicatedtest track for RDSO Phase-2 34 km Umbrella work PB22/2019-20/NR,706836.0,Ministry of Railways,Railways,Rajasthan,36.1
PF_GAP,WARNING,Physical-Financial gap of -27.7%,Dedicatedtest track for RDSO Phase-2 34 km Umbrella work PB22/2019-20/NR,706836.0,Ministry of Railways,Railways,Rajasthan,36.1
TIME_OVERRUN,WARNING,Delayed by 14 months,Sawaimadhopur - Bypass line 6.98 km Umbrella work PB57/2019-20/NR,706866.0,Ministry of Railways,Railways,Rajasthan,32.3
PF_GAP,WARNING,Physical-Financial gap of 33.6%,Phase II extension of MRTS from Velachery to St Thomas Mount,400280.0,Ministry of Railways,Railways,Tamil Nadu,60.4
ELEVATED_RISK_ML,WARNING,ML risk score: 60/100,Phase II extension of MRTS from Velachery to St Thomas Mount,400280.0,Ministry of Railways,Railways,Tamil Nadu,60.4
MULTI_MONTH_STAGNATION,CRITICAL,No progress improvement over multiple months,Phase II extension of MRTS from Velachery to St Thomas Mount,400280.0,Ministry of Railways,Railways,Tamil Nadu,60.4
PROGRESS_STAGNATION,CRITICAL,Only 0% progress with 115% time elapsed,Redevelopment of Chennai Egmore Station,613002.0,Ministry of Railways,Railways,Tamil Nadu,39.2
PF_GAP,WARNING,Physical-Financial gap of -40.4%,Redevelopment of Chennai Egmore Station,613002.0,Ministry of Railways,Railways,Tamil Nadu,39.2
MULTI_MONTH_STAGNATION,CRITICAL,No progress improvement over multiple months,Redevelopment of Chennai Egmore Station,613002.0,Ministry of Railways,Railways,Tamil Nadu,39.2
EXPENDITURE_LAG,CRITICAL,Only 37% budget spent but 239% time elapsed,Coach Production Factory Upgradation Project,705244.0,Ministry of Railways,Railways,Tamil Nadu,42.0
PROGRESS_STAGNATION,CRITICAL,Only 0% progress with 239% time elapsed,Coach Production Factory Upgradation Project,705244.0,Ministry of Railways,Railways,Tamil Nadu,42.0
PF_GAP,WARNING,Physical-Financial gap of -37.0%,Coach Production Factory Upgradation Project,705244.0,Ministry of Railways,Railways,Tamil Nadu,42.0
MULTI_MONTH_STAGNATION,CRITICAL,No progress improvement over multiple months,Coach Production Factory Upgradation Project,705244.0,Ministry of Railways,Railways,Tamil Nadu,42.0
COST_ESCALATION,CRITICAL,Cost escalated by 241.4% from original,Madurai-Tuticorin via Aruppukkottai 143.5 km,705489.0,Ministry of Railways,Railways,Tamil Nadu,88.5
EXPENDITURE_LAG,CRITICAL,Only 17% budget spent but 202% time elapsed,Madurai-Tuticorin via Aruppukkottai 143.5 km,705489.0,Ministry of Railways,Railways,Tamil Nadu,88.5
PROGRESS_STAGNATION,CRITICAL,Only 14% progress with 202% time elapsed,Madurai-Tuticorin via Aruppukkottai 143.5 km,705489.0,Ministry of Railways,Railways,Tamil Nadu,88.5
PF_GAP,WARNING,Physical-Financial gap of -44.4%,Madurai-Tuticorin via Aruppukkottai 143.5 km,705489.0,Ministry of Railways,Railways,Tamil Nadu,88.5
HIGH_RISK_ML,CRITICAL,ML risk score: 88/100,Madurai-Tuticorin via Aruppukkottai 143.5 km,705489.0,Ministry of Railways,Railways,Tamil Nadu,88.5
TIME_OVERRUN,CRITICAL,Delayed by 114 months,Madurai-Tuticorin via Aruppukkottai 143.5 km,705489.0,Ministry of Railways,Railways,Tamil Nadu,88.5
PF_GAP,WARNING,Physical-Financial gap of -54.2%,Sahjanwa - Dohrighat 81.17 km,400205.0,Ministry of Railways,Railways,Uttar Pradesh,15.4
COST_ESCALATION,CRITICAL,Cost escalated by 56.6% from original,Anand Nagar - Ghughuli via Maharajganj 53.37 km,617252.0,Ministry of Railways,Railways,Uttar Pradesh,45.3
PF_GAP,WARNING,Physical-Financial gap of -80.7%,Anand Nagar - Ghughuli via Maharajganj 53.37 km,617252.0,Ministry of Railways,Railways,Uttar Pradesh,45.3
COST_ESCALATION,WARNING,Cost escalated by 31.4% from original,Doubling between Jaunpur Jn - Zaffarabad 6.28 km PB73/2023-24/NR,617370.0,Ministry of Railways,Railways,Uttar Pradesh,48.2
EXPENDITURE_LAG,CRITICAL,Only 33% budget spent but 81% time elapsed,Doubling between Jaunpur Jn - Zaffarabad 6.28 km PB73/2023-24/NR,617370.0,Ministry of Railways,Railways,Uttar Pradesh,48.2
PROGRESS_STAGNATION,CRITICAL,Only 22% progress with 81% time elapsed,Doubling between Jaunpur Jn - Zaffarabad 6.28 km PB73/2023-24/NR,617370.0,Ministry of Railways,Railways,Uttar Pradesh,48.2
PF_GAP,WARNING,Physical-Financial gap of -21.4%,Doubling between Jaunpur Jn - Zaffarabad 6.28 km PB73/2023-24/NR,617370.0,Ministry of Railways,Railways,Uttar Pradesh,48.2
COST_ESCALATION,WARNING,Cost escalated by 28.7% from original,Burhwal - Gonda - 3rd line 61.72 km,705567.0,Ministry of Railways,Railways,Uttar Pradesh,65.6
PF_GAP,WARNING,Physical-Financial gap of 23.5%,Burhwal - Gonda - 3rd line 61.72 km,705567.0,Ministry of Railways,Railways,Uttar Pradesh,65.6
ELEVATED_RISK_ML,WARNING,ML risk score: 66/100,Burhwal - Gonda - 3rd line 61.72 km,705567.0,Ministry of Railways,Railways,Uttar Pradesh,65.6
TIME_OVERRUN,WARNING,Delayed by 14 months,Burhwal - Gonda - 3rd line 61.72 km,705567.0,Ministry of Railways,Railways,Uttar Pradesh,65.6
COST_ESCALATION,CRITICAL,Cost escalated by 111.7% from original,Janghai - Pratapgarh - Amethi 87 km,705588.0,Ministry of Railways,Railways,Uttar Pradesh,75.7
PF_GAP,WARNING,Physical-Financial gap of -88.5%,Janghai - Pratapgarh - Amethi 87 km,705588.0,Ministry of Railways,Railways,Uttar Pradesh,75.7
ELEVATED_RISK_ML,WARNING,ML risk score: 76/100,Janghai - Pratapgarh - Amethi 87 km,705588.0,Ministry of Railways,Railways,Uttar Pradesh,75.7
COST_ESCALATION,WARNING,Cost escalated by 17.0% from original,Lalitpur - Birari with flyover at Lalitpur 15.80 km,705766.0,Ministry of Railways,Railways,Uttar Pradesh,64.2
ELEVATED_RISK_ML,WARNING,ML risk score: 64/100,Lalitpur - Birari with flyover at Lalitpur 15.80 km,705766.0,Ministry of Railways,Railways,Uttar Pradesh,64.2
TIME_OVERRUN,WARNING,Delayed by 13 months,Lalitpur - Birari with flyover at Lalitpur 15.80 km,705766.0,Ministry of Railways,Railways,Uttar Pradesh,64.2
PF_GAP,WARNING,Physical-Financial gap of 34.9%,Aligarh-Daud Khan - 3rd line 6.9 km & construction of flyover at Daud Khan,705774.0,Ministry of Railways,Railways,Uttar Pradesh,47.5
TIME_OVERRUN,WARNING,Delayed by 26 months,Aligarh-Daud Khan - 3rd line 6.9 km & construction of flyover at Daud Khan,705774.0,Ministry of Railways,Railways,Uttar Pradesh,47.5
PROGRESS_STAGNATION,CRITICAL,Only 11% progress with 442% time elapsed,Bhandai - Flyover for Etawah bound down trains 10 km,705777.0,Ministry of Railways,Railways,Uttar Pradesh,56.0
PF_GAP,WARNING,Physical-Financial gap of -47.7%,Bhandai - Flyover for Etawah bound down trains 10 km,705777.0,Ministry of Railways,Railways,Uttar Pradesh,56.0
TIME_OVERRUN,WARNING,Delayed by 27 months,Bhatni - Aunrihar with electrification 125 km excl Indara - Mau 116.95 km,705780.0,Ministry of Railways,Railways,Uttar Pradesh,51.8
COST_ESCALATION,WARNING,Cost escalated by 18.0% from original,Barabanki-Malhaur - 3rd & 4th Line 32.84 km,705782.0,Ministry of Railways,Railways,Uttar Pradesh,66.0
PF_GAP,WARNING,Physical-Financial gap of -32.1%,Barabanki-Malhaur - 3rd & 4th Line 32.84 km,705782.0,Ministry of Railways,Railways,Uttar Pradesh,66.0
ELEVATED_RISK_ML,WARNING,ML risk score: 66/100,Barabanki-Malhaur - 3rd & 4th Line 32.84 km,705782.0,Ministry of Railways,Railways,Uttar Pradesh,66.0
TIME_OVERRUN,WARNING,Delayed by 17 months,Barabanki-Malhaur - 3rd & 4th Line 32.84 km,705782.0,Ministry of Railways,Railways,Uttar Pradesh,66.0
COST_ESCALATION,CRITICAL,Cost escalated by 115.4% from original,"Kalinarayanpur-Krishnanagar with Krishnanagar-Shantipur-Nabadwipghat - GC,",400247.0,Ministry of Railways,Railways,West Bengal,68.6
PF_GAP,WARNING,Physical-Financial gap of -43.6%,"Kalinarayanpur-Krishnanagar with Krishnanagar-Shantipur-Nabadwipghat - GC,",400247.0,Ministry of Railways,Railways,West Bengal,68.6
ELEVATED_RISK_ML,WARNING,ML risk score: 69/100,"Kalinarayanpur-Krishnanagar with Krishnanagar-Shantipur-Nabadwipghat - GC,",400247.0,Ministry of Railways,Railways,West Bengal,68.6
TIME_OVERRUN,WARNING,Delayed by 13 months,"Kalinarayanpur-Krishnanagar with Krishnanagar-Shantipur-Nabadwipghat - GC,",400247.0,Ministry of Railways,Railways,West Bengal,68.6
COST_ESCALATION,CRITICAL,Cost escalated by 58.0% from original,"Tarakeswar-Bishnupur with extension upto Dhaniakhali, Arambagh-Irphala, Irphala-",400273.0,Ministry of Railways,Railways,West Bengal,78.7
PF_GAP,WARNING,Physical-Financial gap of -60.2%,"Tarakeswar-Bishnupur with extension upto Dhaniakhali, Arambagh-Irphala, Irphala-",400273.0,Ministry of Railways,Railways,West Bengal,78.7
ELEVATED_RISK_ML,WARNING,ML risk score: 79/100,"Tarakeswar-Bishnupur with extension upto Dhaniakhali, Arambagh-Irphala, Irphala-",400273.0,Ministry of Railways,Railways,West Bengal,78.7
TIME_OVERRUN,CRITICAL,Delayed by 83 months,"Tarakeswar-Bishnupur with extension upto Dhaniakhali, Arambagh-Irphala, Irphala-",400273.0,Ministry of Railways,Railways,West Bengal,78.7
PROGRESS_STAGNATION,CRITICAL,Only 18% progress with 97% time elapsed,Construction of Balurghat-Hilli new BG Line,612096.0,Ministry of Railways,Railways,West Bengal,31.2
PF_GAP,WARNING,Physical-Financial gap of -24.9%,Construction of Balurghat-Hilli new BG Line,612096.0,Ministry of Railways,Railways,West Bengal,31.2
COST_ESCALATION,CRITICAL,Cost escalated by 81.5% from original,Rehabilitation and up-gradation and completion of balance works of the section from,619184.0,Ministry of Road Transport & Highways,Roads & Highways,"Andaman &
Nicobar",93.7
EXPENDITURE_LAG,CRITICAL,Only 0% budget spent but 166% time elapsed,Rehabilitation and up-gradation and completion of balance works of the section from,619184.0,Ministry of Road Transport & Highways,Roads & Highways,"Andaman &
Nicobar",93.7
PF_GAP,WARNING,Physical-Financial gap of 82.0%,Rehabilitation and up-gradation and completion of balance works of the section from,619184.0,Ministry of Road Transport & Highways,Roads & Highways,"Andaman &
Nicobar",93.7
HIGH_RISK_ML,CRITICAL,ML risk score: 94/100,Rehabilitation and up-gradation and completion of balance works of the section from,619184.0,Ministry of Road Transport & Highways,Roads & Highways,"Andaman &
Nicobar",93.7
TIME_OVERRUN,WARNING,Delayed by 15 months,Rehabilitation and up-gradation and completion of balance works of the section from,619184.0,Ministry of Road Transport & Highways,Roads & Highways,"Andaman &
Nicobar",93.7
MULTI_MONTH_STAGNATION,CRITICAL,No progress improvement over multiple months,Rehabilitation and up-gradation and completion of balance works of the section from,619184.0,Ministry of Road Transport & Highways,Roads & Highways,"Andaman &
Nicobar",93.7
COST_ESCALATION,CRITICAL,Cost escalated by 81.5% from original,Rehabilitation and up-gradation and completion of balance work of section from Km,619185.0,Ministry of Road Transport & Highways,Roads & Highways,"Andaman &
Nicobar",81.3
PF_GAP,WARNING,Physical-Financial gap of -39.0%,Rehabilitation and up-gradation and completion of balance work of section from Km,619185.0,Ministry of Road Transport & Highways,Roads & Highways,"Andaman &
Nicobar",81.3
HIGH_RISK_ML,CRITICAL,ML risk score: 81/100,Rehabilitation and up-gradation and completion of balance work of section from Km,619185.0,Ministry of Road Transport & Highways,Roads & Highways,"Andaman &
Nicobar",81.3
TIME_OVERRUN,WARNING,Delayed by 17 months,Rehabilitation and up-gradation and completion of balance work of section from Km,619185.0,Ministry of Road Transport & Highways,Roads & Highways,"Andaman &
Nicobar",81.3
COST_ESCALATION,WARNING,Cost escalated by 41.4% from original,Construction of Balance works of Major Bridge over Middle Strait Creek between,619186.0,Ministry of Road Transport & Highways,Roads & Highways,"Andaman &
Nicobar",81.6
EXPENDITURE_LAG,CRITICAL,Only 30% budget spent but 133% time elapsed,Construction of Balance works of Major Bridge over Middle Strait Creek between,619186.0,Ministry of Road Transport & Highways,Roads & Highways,"Andaman &
Nicobar",81.6
PROGRESS_STAGNATION,CRITICAL,Only 13% progress with 133% time elapsed,Construction of Balance works of Major Bridge over Middle Strait Creek between,619186.0,Ministry of Road Transport & Highways,Roads & Highways,"Andaman &
Nicobar",81.6
PF_GAP,WARNING,Physical-Financial gap of -29.7%,Construction of Balance works of Major Bridge over Middle Strait Creek between,619186.0,Ministry of Road Transport & Highways,Roads & Highways,"Andaman &
Nicobar",81.6
HIGH_RISK_ML,CRITICAL,ML risk score: 82/100,Construction of Balance works of Major Bridge over Middle Strait Creek between,619186.0,Ministry of Road Transport & Highways,Roads & Highways,"Andaman &
Nicobar",81.6
MULTI_MONTH_STAGNATION,CRITICAL,No progress improvement over multiple months,Construction of Balance works of Major Bridge over Middle Strait Creek between,619186.0,Ministry of Road Transport & Highways,Roads & Highways,"Andaman &
Nicobar",81.6
PF_GAP,WARNING,Physical-Financial gap of 25.2%,"Gudivada Town 2 RoB, and Road improvement NH-165",617984.0,Ministry of Road Transport & Highways,Roads & Highways,Andhra Pradesh,44.8
TIME_OVERRUN,WARNING,Delayed by 22 months,"Gudivada Town 2 RoB, and Road improvement NH-165",617984.0,Ministry of Road Transport & Highways,Roads & Highways,Andhra Pradesh,44.8
PF_GAP,WARNING,Physical-Financial gap of 27.5%,Widening to two lane with paved shoulders from Km 0/0 to 64/020 Pamarru to,617985.0,Ministry of Road Transport & Highways,Roads & Highways,Andhra Pradesh,67.8
ELEVATED_RISK_ML,WARNING,ML risk score: 68/100,Widening to two lane with paved shoulders from Km 0/0 to 64/020 Pamarru to,617985.0,Ministry of Road Transport & Highways,Roads & Highways,Andhra Pradesh,67.8
TIME_OVERRUN,CRITICAL,Delayed by 42 months,Widening to two lane with paved shoulders from Km 0/0 to 64/020 Pamarru to,617985.0,Ministry of Road Transport & Highways,Roads & Highways,Andhra Pradesh,67.8
EXPENDITURE_LAG,CRITICAL,Only 0% budget spent but 88% time elapsed,Kurnool/Kadapa Border-Jammalamadugu section of NH-167K i.e. Design Ch. Km,617986.0,Ministry of Road Transport & Highways,Roads & Highways,Andhra Pradesh,29.8
PF_GAP,WARNING,Physical-Financial gap of 95.8%,Kurnool/Kadapa Border-Jammalamadugu section of NH-167K i.e. Design Ch. Km,617986.0,Ministry of Road Transport & Highways,Roads & Highways,Andhra Pradesh,29.8
PF_GAP,WARNING,Physical-Financial gap of 49.7%,Nandyala-Kurnool/Kadapa Border section of NH-167K i.e. Km 186/000 to Km,617987.0,Ministry of Road Transport & Highways,Roads & Highways,Andhra Pradesh,28.0
PF_GAP,WARNING,Physical-Financial gap of 42.0%,Sangameswaram - Atmakuru section from Km 96 to Km 124 & Velegodu- Nandyal,617988.0,Ministry of Road Transport & Highways,Roads & Highways,Andhra Pradesh,28.9
PF_GAP,WARNING,Physical-Financial gap of 43.0%,Rehabilitation and up-gradation of NH-167 from Km 14/900 to Km70/000 Design Ch.,617991.0,Ministry of Road Transport & Highways,Roads & Highways,Andhra Pradesh,61.5
ELEVATED_RISK_ML,WARNING,ML risk score: 62/100,Rehabilitation and up-gradation of NH-167 from Km 14/900 to Km70/000 Design Ch.,617991.0,Ministry of Road Transport & Highways,Roads & Highways,Andhra Pradesh,61.5
TIME_OVERRUN,CRITICAL,Delayed by 91 months,Rehabilitation and up-gradation of NH-167 from Km 14/900 to Km70/000 Design Ch.,617991.0,Ministry of Road Transport & Highways,Roads & Highways,Andhra Pradesh,61.5
MULTI_MONTH_STAGNATION,CRITICAL,No progress improvement over multiple months,Rehabilitation and up-gradation of NH-167 from Km 14/900 to Km70/000 Design Ch.,617991.0,Ministry of Road Transport & Highways,Roads & Highways,Andhra Pradesh,61.5
PF_GAP,WARNING,Physical-Financial gap of 55.0%,4-laning of Puttaparthi-Koduru Section of NH-342,618013.0,Ministry of Road Transport & Highways,Roads & Highways,Andhra Pradesh,48.3
PF_GAP,WARNING,Physical-Financial gap of 41.7%,Rehabilitation and Up-gradation of existin of road from 2-lane to 2-lane with paved,618037.0,Ministry of Road Transport & Highways,Roads & Highways,Andhra Pradesh,49.7
TIME_OVERRUN,WARNING,Delayed by 28 months,Rehabilitation and Up-gradation of existin of road from 2-lane to 2-lane with paved,618037.0,Ministry of Road Transport & Highways,Roads & Highways,Andhra Pradesh,49.7
PF_GAP,WARNING,Physical-Financial gap of 37.7%,Gorantla - Hindupur section from Km 120/300 to 165/000 of NH716G in the State of,618052.0,Ministry of Road Transport & Highways,Roads & Highways,Andhra Pradesh,28.1
PF_GAP,WARNING,Physical-Financial gap of 33.5%,Muddanur to B. Kothapalli section of NH-716G from Km. 0/000 to Km. 56/500 56.500,618053.0,Ministry of Road Transport & Highways,Roads & Highways,Andhra Pradesh,28.1
EXPENDITURE_LAG,CRITICAL,Only 0% budget spent but 71% time elapsed,Kondamodu to Perecherla Section Design Ch. Km 000 to Km 49917 of NH-167AG to,618101.0,Ministry of Road Transport & Highways,Roads & Highways,Andhra Pradesh,30.0
PF_GAP,WARNING,Physical-Financial gap of 38.0%,Kondamodu to Perecherla Section Design Ch. Km 000 to Km 49917 of NH-167AG to,618101.0,Ministry of Road Transport & Highways,Roads & Highways,Andhra Pradesh,30.0
PF_GAP,WARNING,Physical-Financial gap of 29.9%,Rehabilitation and upgradation from Km 22300 to 58635 of MudireddyPalle to,618103.0,Ministry of Road Transport & Highways,Roads & Highways,Andhra Pradesh,40.9
EXPENDITURE_LAG,CRITICAL,Only 20% budget spent but 534% time elapsed,Rehabilitation and upgradation of NH 326A from km 0/0 to 41/979 excluding km 2/255,618125.0,Ministry of Road Transport & Highways,Roads & Highways,Andhra Pradesh,64.2
PF_GAP,WARNING,Physical-Financial gap of 80.3%,Rehabilitation and upgradation of NH 326A from km 0/0 to 41/979 excluding km 2/255,618125.0,Ministry of Road Transport & Highways,Roads & Highways,Andhra Pradesh,64.2
ELEVATED_RISK_ML,WARNING,ML risk score: 64/100,Rehabilitation and upgradation of NH 326A from km 0/0 to 41/979 excluding km 2/255,618125.0,Ministry of Road Transport & Highways,Roads & Highways,Andhra Pradesh,64.2
TIME_OVERRUN,CRITICAL,Delayed by 67 months,Rehabilitation and upgradation of NH 326A from km 0/0 to 41/979 excluding km 2/255,618125.0,Ministry of Road Transport & Highways,Roads & Highways,Andhra Pradesh,64.2
MULTI_MONTH_STAGNATION,CRITICAL,No progress improvement over multiple months,Rehabilitation and upgradation of NH 326A from km 0/0 to 41/979 excluding km 2/255,618125.0,Ministry of Road Transport & Highways,Roads & Highways,Andhra Pradesh,64.2
EXPENDITURE_LAG,CRITICAL,Only 21% budget spent but 85% time elapsed,Widening of Existing Road to Two Lane with Paved Shoulder Configuration from Km,618193.0,Ministry of Road Transport & Highways,Roads & Highways,Andhra Pradesh,24.6
PF_GAP,WARNING,Physical-Financial gap of 25.0%,Widening of Existing Road to Two Lane with Paved Shoulder Configuration from Km,618193.0,Ministry of Road Transport & Highways,Roads & Highways,Andhra Pradesh,24.6
TIME_OVERRUN,CRITICAL,Delayed by 67 months,Rehabilitation and upgradation of New NH 544DD from design Chainage Km. 56/000,618194.0,Ministry of Road Transport & Highways,Roads & Highways,Andhra Pradesh,49.0
MULTI_MONTH_STAGNATION,CRITICAL,No progress improvement over multiple months,Rehabilitation and upgradation of New NH 544DD from design Chainage Km. 56/000,618194.0,Ministry of Road Transport & Highways,Roads & Highways,Andhra Pradesh,49.0
PF_GAP,WARNING,Physical-Financial gap of 29.6%,Rehabilitation and Up-gradation of Dhindi - Digamarru section from Km 126/510 to Km,618236.0,Ministry of Road Transport & Highways,Roads & Highways,Andhra Pradesh,56.1
TIME_OVERRUN,CRITICAL,Delayed by 66 months,Rehabilitation and Up-gradation of Dhindi - Digamarru section from Km 126/510 to Km,618236.0,Ministry of Road Transport & Highways,Roads & Highways,Andhra Pradesh,56.1
MULTI_MONTH_STAGNATION,CRITICAL,No progress improvement over multiple months,Rehabilitation and Up-gradation of Dhindi - Digamarru section from Km 126/510 to Km,618236.0,Ministry of Road Transport & Highways,Roads & Highways,Andhra Pradesh,56.1
COST_ESCALATION,WARNING,Cost escalated by 23.5% from original,Rehabilitation and Up-gradation of Thimmapuram to Gurajanapalli section from Km,618238.0,Ministry of Road Transport & Highways,Roads & Highways,Andhra Pradesh,75.3
PF_GAP,WARNING,Physical-Financial gap of 31.5%,Rehabilitation and Up-gradation of Thimmapuram to Gurajanapalli section from Km,618238.0,Ministry of Road Transport & Highways,Roads & Highways,Andhra Pradesh,75.3
ELEVATED_RISK_ML,WARNING,ML risk score: 75/100,Rehabilitation and Up-gradation of Thimmapuram to Gurajanapalli section from Km,618238.0,Ministry of Road Transport & Highways,Roads & Highways,Andhra Pradesh,75.3
TIME_OVERRUN,CRITICAL,Delayed by 98 months,Rehabilitation and Up-gradation of Thimmapuram to Gurajanapalli section from Km,618238.0,Ministry of Road Transport & Highways,Roads & Highways,Andhra Pradesh,75.3
MULTI_MONTH_STAGNATION,CRITICAL,No progress improvement over multiple months,Rehabilitation and Up-gradation of Thimmapuram to Gurajanapalli section from Km,618238.0,Ministry of Road Transport & Highways,Roads & Highways,Andhra Pradesh,75.3
ELEVATED_RISK_ML,WARNING,ML risk score: 68/100,Rehabilitation & Upgradation of NH214 New NH-216 from Km 34/230 to Km 84/550,618239.0,Ministry of Road Transport & Highways,Roads & Highways,Andhra Pradesh,67.9
TIME_OVERRUN,CRITICAL,Delayed by 82 months,Rehabilitation & Upgradation of NH214 New NH-216 from Km 34/230 to Km 84/550,618239.0,Ministry of Road Transport & Highways,Roads & Highways,Andhra Pradesh,67.9
MULTI_MONTH_STAGNATION,CRITICAL,No progress improvement over multiple months,Rehabilitation & Upgradation of NH214 New NH-216 from Km 34/230 to Km 84/550,618239.0,Ministry of Road Transport & Highways,Roads & Highways,Andhra Pradesh,67.9
EXPENDITURE_LAG,CRITICAL,Only 9% budget spent but 111% time elapsed,Construction of Paderu bypass Km 0000 to Km 13000 of 2- lane with paved shoulder,618254.0,Ministry of Road Transport & Highways,Roads & Highways,Andhra Pradesh,52.8
PROGRESS_STAGNATION,CRITICAL,Only 13% progress with 111% time elapsed,Construction of Paderu bypass Km 0000 to Km 13000 of 2- lane with paved shoulder,618254.0,Ministry of Road Transport & Highways,Roads & Highways,Andhra Pradesh,52.8
MULTI_MONTH_STAGNATION,CRITICAL,No progress improvement over multiple months,Construction of Paderu bypass Km 0000 to Km 13000 of 2- lane with paved shoulder,618254.0,Ministry of Road Transport & Highways,Roads & Highways,Andhra Pradesh,52.8
TIME_OVERRUN,WARNING,Delayed by 16 months,Two laning with paved shoulders of Lambasingi to Paderusection of NH 516E,618255.0,Ministry of Road Transport & Highways,Roads & Highways,Andhra Pradesh,43.2
PF_GAP,WARNING,Physical-Financial gap of 25.2%,"Rehabilitation and Upgradation to 2-lane with paved should ders Sir, configuration of",618256.0,Ministry of Road Transport & Highways,Roads & Highways,Andhra Pradesh,43.8
TIME_OVERRUN,WARNING,Delayed by 21 months,"Rehabilitation and Upgradation to 2-lane with paved should ders Sir, configuration of",618256.0,Ministry of Road Transport & Highways,Roads & Highways,Andhra Pradesh,43.8
PF_GAP,WARNING,Physical-Financial gap of 22.3%,Rehabilitation and Upgradation to 2-lane with paved shoulders configuration of,618257.0,Ministry of Road Transport & Highways,Roads & Highways,Andhra Pradesh,51.2
TIME_OVERRUN,WARNING,Delayed by 24 months,Rehabilitation and Upgradation to 2-lane with paved shoulders configuration of,618257.0,Ministry of Road Transport & Highways,Roads & Highways,Andhra Pradesh,51.2
MULTI_MONTH_STAGNATION,CRITICAL,No progress improvement over multiple months,Rehabilitation and Upgradation to 2-lane with paved shoulders configuration of,618257.0,Ministry of Road Transport & Highways,Roads & Highways,Andhra Pradesh,51.2
TIME_OVERRUN,WARNING,Delayed by 17 months,Construction of i Connecting Road from Z-Morh Tunnel to Zojila Tunnel Road Length,618412.0,Ministry of Road Transport & Highways,Roads & Highways,Andhra Pradesh,35.6
PF_GAP,WARNING,Physical-Financial gap of 41.9%,Bangalore Chennai Expressway Phase-II Pkg-II from km.96.000 to Km 127.000,618475.0,Ministry of Road Transport & Highways,Roads & Highways,Andhra Pradesh,49.5
TIME_OVERRUN,WARNING,Delayed by 16 months,Bangalore Chennai Expressway Phase-II Pkg-II from km.96.000 to Km 127.000,618475.0,Ministry of Road Transport & Highways,Roads & Highways,Andhra Pradesh,49.5
PF_GAP,WARNING,Physical-Financial gap of 37.7%,Bangalore Chennai Expressway Phase-II Pkg-III from km.127.000 to Km 156.000,618476.0,Ministry of Road Transport & Highways,Roads & Highways,Andhra Pradesh,56.2
TIME_OVERRUN,WARNING,Delayed by 22 months,Bangalore Chennai Expressway Phase-II Pkg-III from km.127.000 to Km 156.000,618476.0,Ministry of Road Transport & Highways,Roads & Highways,Andhra Pradesh,56.2
MULTI_MONTH_STAGNATION,CRITICAL,No progress improvement over multiple months,Bangalore Chennai Expressway Phase-II Pkg-III from km.127.000 to Km 156.000,618476.0,Ministry of Road Transport & Highways,Roads & Highways,Andhra Pradesh,56.2
EXPENDITURE_LAG,CRITICAL,Only 29% budget spent but 75% time elapsed,Construction of 6 lane elevated corridor including its approaches from Km. 629880 to,618524.0,Ministry of Road Transport & Highways,Roads & Highways,Andhra Pradesh,34.5
TIME_OVERRUN,CRITICAL,Delayed by 61 months,6L of Gundugolanu Design km 1023.280 to Kalaparru Design km 1050.680 of NH-5,618526.0,Ministry of Road Transport & Highways,Roads & Highways,Andhra Pradesh,47.8
MULTI_MONTH_STAGNATION,CRITICAL,No progress improvement over multiple months,6L of Gundugolanu Design km 1023.280 to Kalaparru Design km 1050.680 of NH-5,618526.0,Ministry of Road Transport & Highways,Roads & Highways,Andhra Pradesh,47.8
COST_ESCALATION,WARNING,Cost escalated by 17.0% from original,6L of Anandapuram Pendurthi Anakapalli Section from km. 681.000 to km. 731.780 of,618579.0,Ministry of Road Transport & Highways,Roads & Highways,Andhra Pradesh,74.3
ELEVATED_RISK_ML,WARNING,ML risk score: 74/100,6L of Anandapuram Pendurthi Anakapalli Section from km. 681.000 to km. 731.780 of,618579.0,Ministry of Road Transport & Highways,Roads & Highways,Andhra Pradesh,74.3
TIME_OVERRUN,CRITICAL,Delayed by 61 months,6L of Anandapuram Pendurthi Anakapalli Section from km. 681.000 to km. 731.780 of,618579.0,Ministry of Road Transport & Highways,Roads & Highways,Andhra Pradesh,74.3
MULTI_MONTH_STAGNATION,CRITICAL,No progress improvement over multiple months,6L of Anandapuram Pendurthi Anakapalli Section from km. 681.000 to km. 731.780 of,618579.0,Ministry of Road Transport & Highways,Roads & Highways,Andhra Pradesh,74.3
ELEVATED_RISK_ML,WARNING,ML risk score: 70/100,Nandigama Bypass and Kanchikacherla bypass,618629.0,Ministry of Road Transport & Highways,Roads & Highways,Andhra Pradesh,70.4
TIME_OVERRUN,CRITICAL,Delayed by 87 months,Nandigama Bypass and Kanchikacherla bypass,618629.0,Ministry of Road Transport & Highways,Roads & Highways,Andhra Pradesh,70.4
MULTI_MONTH_STAGNATION,CRITICAL,No progress improvement over multiple months,Nandigama Bypass and Kanchikacherla bypass,618629.0,Ministry of Road Transport & Highways,Roads & Highways,Andhra Pradesh,70.4
PF_GAP,WARNING,Physical-Financial gap of 23.1%,6L Korlam-Kantakapalle Section of NH-130CD Road from Km 421.100 to Km 445.100,618682.0,Ministry of Road Transport & Highways,Roads & Highways,Andhra Pradesh,71.9
ELEVATED_RISK_ML,WARNING,ML risk score: 72/100,6L Korlam-Kantakapalle Section of NH-130CD Road from Km 421.100 to Km 445.100,618682.0,Ministry of Road Transport & Highways,Roads & Highways,Andhra Pradesh,71.9
TIME_OVERRUN,WARNING,Delayed by 30 months,6L Korlam-Kantakapalle Section of NH-130CD Road from Km 421.100 to Km 445.100,618682.0,Ministry of Road Transport & Highways,Roads & Highways,Andhra Pradesh,71.9
MULTI_MONTH_STAGNATION,CRITICAL,No progress improvement over multiple months,6L Korlam-Kantakapalle Section of NH-130CD Road from Km 421.100 to Km 445.100,618682.0,Ministry of Road Transport & Highways,Roads & Highways,Andhra Pradesh,71.9
COST_ESCALATION,WARNING,Cost escalated by 34.7% from original,Renigunta - Poyya - Naidupeta km 124.60 to km 183.4 of NH 71,618700.0,Ministry of Road Transport & Highways,Roads & Highways,Andhra Pradesh,77.6
ELEVATED_RISK_ML,WARNING,ML risk score: 78/100,Renigunta - Poyya - Naidupeta km 124.60 to km 183.4 of NH 71,618700.0,Ministry of Road Transport & Highways,Roads & Highways,Andhra Pradesh,77.6
TIME_OVERRUN,WARNING,Delayed by 32 months,Renigunta - Poyya - Naidupeta km 124.60 to km 183.4 of NH 71,618700.0,Ministry of Road Transport & Highways,Roads & Highways,Andhra Pradesh,77.6
MULTI_MONTH_STAGNATION,CRITICAL,No progress improvement over multiple months,Renigunta - Poyya - Naidupeta km 124.60 to km 183.4 of NH 71,618700.0,Ministry of Road Transport & Highways,Roads & Highways,Andhra Pradesh,77.6
PF_GAP,WARNING,Physical-Financial gap of 48.4%,6L Access Controlled Greenfield Highway from Kodur Ch. 0000 to Vanavolu Ch.,618712.0,Ministry of Road Transport & Highways,Roads & Highways,Andhra Pradesh,47.7
TIME_OVERRUN,WARNING,Delayed by 13 months,6L Access Controlled Greenfield Highway from Kodur Ch. 0000 to Vanavolu Ch.,618712.0,Ministry of Road Transport & Highways,Roads & Highways,Andhra Pradesh,47.7
EXPENDITURE_LAG,CRITICAL,Only 28% budget spent but 129% time elapsed,6L Access Controlled Greenfield Highway from Yerragudipadu Ch. 129000 to,618713.0,Ministry of Road Transport & Highways,Roads & Highways,Andhra Pradesh,46.5
PF_GAP,WARNING,Physical-Financial gap of 23.7%,6L Access Controlled Greenfield Highway from Yerragudipadu Ch. 129000 to,618713.0,Ministry of Road Transport & Highways,Roads & Highways,Andhra Pradesh,46.5
TIME_OVERRUN,WARNING,Delayed by 21 months,6L Access Controlled Greenfield Highway from Yerragudipadu Ch. 129000 to,618713.0,Ministry of Road Transport & Highways,Roads & Highways,Andhra Pradesh,46.5
EXPENDITURE_LAG,CRITICAL,Only 36% budget spent but 129% time elapsed,6L Access Controlled Greenfield Highway from Nallacheruvu palli Ch. 96300 to,618714.0,Ministry of Road Transport & Highways,Roads & Highways,Andhra Pradesh,47.5
PF_GAP,WARNING,Physical-Financial gap of 36.0%,6L Access Controlled Greenfield Highway from Nallacheruvu palli Ch. 96300 to,618714.0,Ministry of Road Transport & Highways,Roads & Highways,Andhra Pradesh,47.5
TIME_OVERRUN,WARNING,Delayed by 16 months,6L Access Controlled Greenfield Highway from Nallacheruvu palli Ch. 96300 to,618714.0,Ministry of Road Transport & Highways,Roads & Highways,Andhra Pradesh,47.5
PF_GAP,WARNING,Physical-Financial gap of 38.9%,6L Access Controlled Greenfield Highway from Odulapalle Ch. 72000 to Nallacheruvu-,618715.0,Ministry of Road Transport & Highways,Roads & Highways,Andhra Pradesh,46.5
TIME_OVERRUN,WARNING,Delayed by 14 months,6L Access Controlled Greenfield Highway from Odulapalle Ch. 72000 to Nallacheruvu-,618715.0,Ministry of Road Transport & Highways,Roads & Highways,Andhra Pradesh,46.5
EXPENDITURE_LAG,CRITICAL,Only 40% budget spent but 125% time elapsed,6L Access Controlled Greenfield Highway from Vankarakunta Ch. 45700 to Odulapalle,618716.0,Ministry of Road Transport & Highways,Roads & Highways,Andhra Pradesh,47.0
PF_GAP,WARNING,Physical-Financial gap of 41.8%,6L Access Controlled Greenfield Highway from Vankarakunta Ch. 45700 to Odulapalle,618716.0,Ministry of Road Transport & Highways,Roads & Highways,Andhra Pradesh,47.0
PF_GAP,WARNING,Physical-Financial gap of 52.4%,6L Access Controlled Greenfield Highway from Vanavolu Ch. 24300 to Vankarakunta,618717.0,Ministry of Road Transport & Highways,Roads & Highways,Andhra Pradesh,48.1
EXPENDITURE_LAG,CRITICAL,Only 25% budget spent but 79% time elapsed,6L Access Controlled Greenfield Highway from Kavulakuntla Ch. 196000 to,618718.0,Ministry of Road Transport & Highways,Roads & Highways,Andhra Pradesh,41.3
PF_GAP,WARNING,Physical-Financial gap of 32.4%,6L Access Controlled Greenfield Highway from Kavulakuntla Ch. 196000 to,618718.0,Ministry of Road Transport & Highways,Roads & Highways,Andhra Pradesh,41.3
EXPENDITURE_LAG,CRITICAL,Only 39% budget spent but 129% time elapsed,6L Access Controlled Greenfield Highway from Mallapalle Ch. 176000 to,618719.0,Ministry of Road Transport & Highways,Roads & Highways,Andhra Pradesh,46.3
PF_GAP,WARNING,Physical-Financial gap of 34.0%,6L Access Controlled Greenfield Highway from Mallapalle Ch. 176000 to,618719.0,Ministry of Road Transport & Highways,Roads & Highways,Andhra Pradesh,46.3
TIME_OVERRUN,WARNING,Delayed by 17 months,6L Access Controlled Greenfield Highway from Mallapalle Ch. 176000 to,618719.0,Ministry of Road Transport & Highways,Roads & Highways,Andhra Pradesh,46.3
EXPENDITURE_LAG,CRITICAL,Only 40% budget spent but 125% time elapsed,6L Access Controlled Greenfield Highway from Audireddipalle Ch. 160000 to,618720.0,Ministry of Road Transport & Highways,Roads & Highways,Andhra Pradesh,46.7
PF_GAP,WARNING,Physical-Financial gap of 39.5%,6L Access Controlled Greenfield Highway from Audireddipalle Ch. 160000 to,618720.0,Ministry of Road Transport & Highways,Roads & Highways,Andhra Pradesh,46.7
TIME_OVERRUN,WARNING,Delayed by 13 months,6L Access Controlled Greenfield Highway from Audireddipalle Ch. 160000 to,618720.0,Ministry of Road Transport & Highways,Roads & Highways,Andhra Pradesh,46.7
EXPENDITURE_LAG,CRITICAL,Only 32% budget spent but 129% time elapsed,6L Access Controlled Greenfield Highway from Chandrasekharapuram Ch. 228000 to,618721.0,Ministry of Road Transport & Highways,Roads & Highways,Andhra Pradesh,47.9
PF_GAP,WARNING,Physical-Financial gap of 36.5%,6L Access Controlled Greenfield Highway from Chandrasekharapuram Ch. 228000 to,618721.0,Ministry of Road Transport & Highways,Roads & Highways,Andhra Pradesh,47.9
TIME_OVERRUN,WARNING,Delayed by 18 months,6L Access Controlled Greenfield Highway from Chandrasekharapuram Ch. 228000 to,618721.0,Ministry of Road Transport & Highways,Roads & Highways,Andhra Pradesh,47.9
PF_GAP,WARNING,Physical-Financial gap of 35.3%,4L PS Mydukur - Badvel from Km 585.820 to Km 630.960 of NH-67,618759.0,Ministry of Road Transport & Highways,Roads & Highways,Andhra Pradesh,71.6
ELEVATED_RISK_ML,WARNING,ML risk score: 72/100,4L PS Mydukur - Badvel from Km 585.820 to Km 630.960 of NH-67,618759.0,Ministry of Road Transport & Highways,Roads & Highways,Andhra Pradesh,71.6
TIME_OVERRUN,WARNING,Delayed by 13 months,4L PS Mydukur - Badvel from Km 585.820 to Km 630.960 of NH-67,618759.0,Ministry of Road Transport & Highways,Roads & Highways,Andhra Pradesh,71.6
MULTI_MONTH_STAGNATION,CRITICAL,No progress improvement over multiple months,4L PS Mydukur - Badvel from Km 585.820 to Km 630.960 of NH-67,618759.0,Ministry of Road Transport & Highways,Roads & Highways,Andhra Pradesh,71.6
PF_GAP,WARNING,Physical-Financial gap of 85.7%,4L of Pileru to Kalur Section from Km 55.900 to Km 92.800 & Km 94.500 to Km,618777.0,Ministry of Road Transport & Highways,Roads & Highways,Andhra Pradesh,56.5
MULTI_MONTH_STAGNATION,CRITICAL,No progress improvement over multiple months,4L of Pileru to Kalur Section from Km 55.900 to Km 92.800 & Km 94.500 to Km,618777.0,Ministry of Road Transport & Highways,Roads & Highways,Andhra Pradesh,56.5
PF_GAP,WARNING,Physical-Financial gap of 31.9%,4L of Madanapalle to Pileru Section from Km 0.000 to Km 55.900 of NH-71Package-I,618778.0,Ministry of Road Transport & Highways,Roads & Highways,Andhra Pradesh,71.3
ELEVATED_RISK_ML,WARNING,ML risk score: 71/100,4L of Madanapalle to Pileru Section from Km 0.000 to Km 55.900 of NH-71Package-I,618778.0,Ministry of Road Transport & Highways,Roads & Highways,Andhra Pradesh,71.3
TIME_OVERRUN,WARNING,Delayed by 19 months,4L of Madanapalle to Pileru Section from Km 0.000 to Km 55.900 of NH-71Package-I,618778.0,Ministry of Road Transport & Highways,Roads & Highways,Andhra Pradesh,71.3
MULTI_MONTH_STAGNATION,CRITICAL,No progress improvement over multiple months,4L of Madanapalle to Pileru Section from Km 0.000 to Km 55.900 of NH-71Package-I,618778.0,Ministry of Road Transport & Highways,Roads & Highways,Andhra Pradesh,71.3
COST_ESCALATION,WARNING,Cost escalated by 16.2% from original,Development of 4L Road from Samarlakota to Achampeta Junction as part of,618803.0,Ministry of Road Transport & Highways,Roads & Highways,Andhra Pradesh,60.3
ELEVATED_RISK_ML,WARNING,ML risk score: 60/100,Development of 4L Road from Samarlakota to Achampeta Junction as part of,618803.0,Ministry of Road Transport & Highways,Roads & Highways,Andhra Pradesh,60.3
TIME_OVERRUN,WARNING,Delayed by 16 months,Development of 4L Road from Samarlakota to Achampeta Junction as part of,618803.0,Ministry of Road Transport & Highways,Roads & Highways,Andhra Pradesh,60.3
TIME_OVERRUN,CRITICAL,Delayed by 75 months,Dedicated Port road to Krishnapatnam Port Package-I from Km. 0.000 to Km. 18.000,618804.0,Ministry of Road Transport & Highways,Roads & Highways,Andhra Pradesh,42.4
MULTI_MONTH_STAGNATION,CRITICAL,No progress improvement over multiple months,Improvement of 4L road to 6L road and 4L dedicated Port Roads for the Port,618806.0,Ministry of Road Transport & Highways,Roads & Highways,Andhra Pradesh,42.5
TIME_OVERRUN,WARNING,Delayed by 16 months,4L Greenfield Road connecting North and South industrial cluster of Khandaleru Creek,618807.0,Ministry of Road Transport & Highways,Roads & Highways,Andhra Pradesh,34.2
PF_GAP,WARNING,Physical-Financial gap of 40.8%,4 Laning of NH-544D from Km 0.000 to km 37.000 of Anantapur- Muchukota section,618826.0,Ministry of Road Transport & Highways,Roads & Highways,Andhra Pradesh,55.1
TIME_OVERRUN,WARNING,Delayed by 13 months,4 Laning of NH-544D from Km 0.000 to km 37.000 of Anantapur- Muchukota section,618826.0,Ministry of Road Transport & Highways,Roads & Highways,Andhra Pradesh,55.1
MULTI_MONTH_STAGNATION,CRITICAL,No progress improvement over multiple months,4 Laning of NH-544D from Km 0.000 to km 37.000 of Anantapur- Muchukota section,618826.0,Ministry of Road Transport & Highways,Roads & Highways,Andhra Pradesh,55.1
PF_GAP,WARNING,Physical-Financial gap of 42.4%,4 Laning of NH-544D from Km 37.000 to km 69.000 of Muchukota- Bugga section,618827.0,Ministry of Road Transport & Highways,Roads & Highways,Andhra Pradesh,49.9
TIME_OVERRUN,WARNING,Delayed by 16 months,4 Laning of NH-544D from Km 37.000 to km 69.000 of Muchukota- Bugga section,618827.0,Ministry of Road Transport & Highways,Roads & Highways,Andhra Pradesh,49.9
EXPENDITURE_LAG,CRITICAL,Only 15% budget spent but 88% time elapsed,Access Controlled Highway of 4 Lane with Paved Shoulders from TN/AP Border,618920.0,Ministry of Road Transport & Highways,Roads & Highways,Andhra Pradesh,46.5
PF_GAP,WARNING,Physical-Financial gap of 28.5%,Access Controlled Highway of 4 Lane with Paved Shoulders from TN/AP Border,618920.0,Ministry of Road Transport & Highways,Roads & Highways,Andhra Pradesh,46.5
COST_ESCALATION,WARNING,Cost escalated by 19.1% from original,Six Laning of Vijayawada Bypass from Chinna Avutapalli to Gollapudi in Vijayawada -,619076.0,Ministry of Road Transport & Highways,Roads & Highways,Andhra Pradesh,82.8
PF_GAP,WARNING,Physical-Financial gap of 33.4%,Six Laning of Vijayawada Bypass from Chinna Avutapalli to Gollapudi in Vijayawada -,619076.0,Ministry of Road Transport & Highways,Roads & Highways,Andhra Pradesh,82.8
HIGH_RISK_ML,CRITICAL,ML risk score: 83/100,Six Laning of Vijayawada Bypass from Chinna Avutapalli to Gollapudi in Vijayawada -,619076.0,Ministry of Road Transport & Highways,Roads & Highways,Andhra Pradesh,82.8
TIME_OVERRUN,CRITICAL,Delayed by 43 months,Six Laning of Vijayawada Bypass from Chinna Avutapalli to Gollapudi in Vijayawada -,619076.0,Ministry of Road Transport & Highways,Roads & Highways,Andhra Pradesh,82.8
MULTI_MONTH_STAGNATION,CRITICAL,No progress improvement over multiple months,Six Laning of Vijayawada Bypass from Chinna Avutapalli to Gollapudi in Vijayawada -,619076.0,Ministry of Road Transport & Highways,Roads & Highways,Andhra Pradesh,82.8
PF_GAP,WARNING,Physical-Financial gap of 31.6%,6L Jakkuva Korlam Section of NH-130CD Road from km 396.800 to km 421.100 Pkg,619111.0,Ministry of Road Transport & Highways,Roads & Highways,Andhra Pradesh,54.7
TIME_OVERRUN,WARNING,Delayed by 29 months,6L Jakkuva Korlam Section of NH-130CD Road from km 396.800 to km 421.100 Pkg,619111.0,Ministry of Road Transport & Highways,Roads & Highways,Andhra Pradesh,54.7
MULTI_MONTH_STAGNATION,CRITICAL,No progress improvement over multiple months,6L Jakkuva Korlam Section of NH-130CD Road from km 396.800 to km 421.100 Pkg,619111.0,Ministry of Road Transport & Highways,Roads & Highways,Andhra Pradesh,54.7
TIME_OVERRUN,WARNING,Delayed by 26 months,6L Kantakapalle Sabbavaram Section of NH-130CD Road from Km 445.100 to Km,619112.0,Ministry of Road Transport & Highways,Roads & Highways,Andhra Pradesh,49.2
EXPENDITURE_LAG,CRITICAL,Only 33% budget spent but 129% time elapsed,6L Access Controlled Greenfield Highway from Narayanmpet Ch. 203500 to,619123.0,Ministry of Road Transport & Highways,Roads & Highways,Andhra Pradesh,48.1
PF_GAP,WARNING,Physical-Financial gap of 38.7%,6L Access Controlled Greenfield Highway from Narayanmpet Ch. 203500 to,619123.0,Ministry of Road Transport & Highways,Roads & Highways,Andhra Pradesh,48.1
TIME_OVERRUN,WARNING,Delayed by 17 months,6L Access Controlled Greenfield Highway from Narayanmpet Ch. 203500 to,619123.0,Ministry of Road Transport & Highways,Roads & Highways,Andhra Pradesh,48.1
PF_GAP,WARNING,Physical-Financial gap of 36.6%,6L Access Controlled Greenfield Highway from Polavaram Ch. 260000 to Marripudi,619124.0,Ministry of Road Transport & Highways,Roads & Highways,Andhra Pradesh,54.4
TIME_OVERRUN,WARNING,Delayed by 15 months,6L Access Controlled Greenfield Highway from Polavaram Ch. 260000 to Marripudi,619124.0,Ministry of Road Transport & Highways,Roads & Highways,Andhra Pradesh,54.4
MULTI_MONTH_STAGNATION,CRITICAL,No progress improvement over multiple months,6L Access Controlled Greenfield Highway from Polavaram Ch. 260000 to Marripudi,619124.0,Ministry of Road Transport & Highways,Roads & Highways,Andhra Pradesh,54.4
EXPENDITURE_LAG,CRITICAL,Only 28% budget spent but 129% time elapsed,6L Access Controlled Greenfield Highway from Somavarappadu Ch.314.600 to,619125.0,Ministry of Road Transport & Highways,Roads & Highways,Andhra Pradesh,45.9
PF_GAP,WARNING,Physical-Financial gap of 20.3%,6L Access Controlled Greenfield Highway from Somavarappadu Ch.314.600 to,619125.0,Ministry of Road Transport & Highways,Roads & Highways,Andhra Pradesh,45.9
TIME_OVERRUN,WARNING,Delayed by 20 months,6L Access Controlled Greenfield Highway from Somavarappadu Ch.314.600 to,619125.0,Ministry of Road Transport & Highways,Roads & Highways,Andhra Pradesh,45.9
PF_GAP,WARNING,Physical-Financial gap of 35.0%,6L Access Controlled Greenfield Highway from Marripudi Ch. 285500 to,619126.0,Ministry of Road Transport & Highways,Roads & Highways,Andhra Pradesh,53.1
TIME_OVERRUN,WARNING,Delayed by 14 months,6L Access Controlled Greenfield Highway from Marripudi Ch. 285500 to,619126.0,Ministry of Road Transport & Highways,Roads & Highways,Andhra Pradesh,53.1
MULTI_MONTH_STAGNATION,CRITICAL,No progress improvement over multiple months,6L Access Controlled Greenfield Highway from Marripudi Ch. 285500 to,619126.0,Ministry of Road Transport & Highways,Roads & Highways,Andhra Pradesh,53.1
PF_GAP,WARNING,Physical-Financial gap of 25.9%,6L of Naidupeta Junction - Turpukanupur Section from km 57.046 to km 91.927,619140.0,Ministry of Road Transport & Highways,Roads & Highways,Andhra Pradesh,46.0
TIME_OVERRUN,WARNING,Delayed by 24 months,6L of Naidupeta Junction - Turpukanupur Section from km 57.046 to km 91.927,619140.0,Ministry of Road Transport & Highways,Roads & Highways,Andhra Pradesh,46.0
PF_GAP,WARNING,Physical-Financial gap of 40.8%,Balance works in AP Portion and punch list items in TN & AP portion of NH-205,619160.0,Ministry of Road Transport & Highways,Roads & Highways,Andhra Pradesh,54.6
MULTI_MONTH_STAGNATION,CRITICAL,No progress improvement over multiple months,Balance works in AP Portion and punch list items in TN & AP portion of NH-205,619160.0,Ministry of Road Transport & Highways,Roads & Highways,Andhra Pradesh,54.6
PF_GAP,WARNING,Physical-Financial gap of 20.1%,Construction of 2-lane road of Potin to Pangin section of NH-13 from Km 163.59 to Km,617892.0,Ministry of Road Transport & Highways,Roads & Highways,Arunachal Pradesh,50.0
TIME_OVERRUN,WARNING,Delayed by 35 months,Construction of 2-lane road of Potin to Pangin section of NH-13 from Km 163.59 to Km,617892.0,Ministry of Road Transport & Highways,Roads & Highways,Arunachal Pradesh,50.0
MULTI_MONTH_STAGNATION,CRITICAL,No progress improvement over multiple months,Construction of 2-lane road of Potin to Pangin section of NH-13 from Km 163.59 to Km,617892.0,Ministry of Road Transport & Highways,Roads & Highways,Arunachal Pradesh,50.0
MULTI_MONTH_STAGNATION,CRITICAL,No progress improvement over multiple months,Construction of Intermediate Lane with Hard Shoulder of Hunli to Hayuliang Package-,618401.0,Ministry of Road Transport & Highways,Roads & Highways,Arunachal Pradesh,21.9
PF_GAP,WARNING,Physical-Financial gap of -20.3%,Construction of lntermediate Lane Road with hard shoulder from design chainage Km,618404.0,Ministry of Road Transport & Highways,Roads & Highways,Arunachal Pradesh,14.5
MULTI_MONTH_STAGNATION,CRITICAL,No progress improvement over multiple months,Construction of Intermediate Lane of Pango to Jorging Road from 0000 to Design Km,618405.0,Ministry of Road Transport & Highways,Roads & Highways,Arunachal Pradesh,26.8
TIME_OVERRUN,CRITICAL,Delayed by 48 months,Construction of Balance work of 2-Lane with PS of Joram Koloriang Road from,618433.0,Ministry of Road Transport & Highways,Roads & Highways,Arunachal Pradesh,51.6
MULTI_MONTH_STAGNATION,CRITICAL,No progress improvement over multiple months,Construction of Balance work of 2-Lane with PS of Joram Koloriang Road from,618433.0,Ministry of Road Transport & Highways,Roads & Highways,Arunachal Pradesh,51.6
TIME_OVERRUN,CRITICAL,Delayed by 55 months,Roing-Hunli Road Greenfield Alignment Project,618434.0,Ministry of Road Transport & Highways,Roads & Highways,Arunachal Pradesh,52.8
MULTI_MONTH_STAGNATION,CRITICAL,No progress improvement over multiple months,Roing-Hunli Road Greenfield Alignment Project,618434.0,Ministry of Road Transport & Highways,Roads & Highways,Arunachal Pradesh,52.8
EXPENDITURE_LAG,CRITICAL,Only 39% budget spent but 171% time elapsed,Construction of Mangaldoi Bypass NH-15 starting at Ch 26400 and terminating at Ch,617895.0,Ministry of Road Transport & Highways,Roads & Highways,Assam,49.1
PF_GAP,WARNING,Physical-Financial gap of 37.2%,Construction of Mangaldoi Bypass NH-15 starting at Ch 26400 and terminating at Ch,617895.0,Ministry of Road Transport & Highways,Roads & Highways,Assam,49.1
TIME_OVERRUN,WARNING,Delayed by 20 months,Construction of Mangaldoi Bypass NH-15 starting at Ch 26400 and terminating at Ch,617895.0,Ministry of Road Transport & Highways,Roads & Highways,Assam,49.1
EXPENDITURE_LAG,CRITICAL,Only 0% budget spent but 95% time elapsed,Construction of 4 lane Gauripur Bypass Starting bfrom Km 852.56 of NH-,617896.0,Ministry of Road Transport & Highways,Roads & Highways,Assam,31.0
PF_GAP,WARNING,Physical-Financial gap of 34.0%,Construction of 4 lane Gauripur Bypass Starting bfrom Km 852.56 of NH-,617896.0,Ministry of Road Transport & Highways,Roads & Highways,Assam,31.0
EXPENDITURE_LAG,CRITICAL,Only 7% budget spent but 106% time elapsed,Construction of 2 lane Barpeta Bypass from Km 77900Baradi to Km 86150 Deurikuchi,618034.0,Ministry of Road Transport & Highways,Roads & Highways,Assam,35.3
PROGRESS_STAGNATION,CRITICAL,Only 20% progress with 106% time elapsed,Construction of 2 lane Barpeta Bypass from Km 77900Baradi to Km 86150 Deurikuchi,618034.0,Ministry of Road Transport & Highways,Roads & Highways,Assam,35.3
MULTI_MONTH_STAGNATION,CRITICAL,No progress improvement over multiple months,Construction of 2 lane Barpeta Bypass from Km 77900Baradi to Km 86150 Deurikuchi,618034.0,Ministry of Road Transport & Highways,Roads & Highways,Assam,35.3
PF_GAP,WARNING,Physical-Financial gap of 22.7%,Construction of New 2-Lane Bridge with its approaches from km 0000 to Km 4385,618286.0,Ministry of Road Transport & Highways,Roads & Highways,Assam,44.0
TIME_OVERRUN,WARNING,Delayed by 25 months,Construction of New 2-Lane Bridge with its approaches from km 0000 to Km 4385,618286.0,Ministry of Road Transport & Highways,Roads & Highways,Assam,44.0
EXPENDITURE_LAG,CRITICAL,Only 15% budget spent but 70% time elapsed,Widening/Improvement to 4-Lane with paved Shoulder from Ch. 25.633 Km to Ch.,618287.0,Ministry of Road Transport & Highways,Roads & Highways,Assam,29.2
MULTI_MONTH_STAGNATION,CRITICAL,No progress improvement over multiple months,Widening/Improvement to 4-Lane with paved Shoulder from Ch. 25.633 Km to Ch.,618287.0,Ministry of Road Transport & Highways,Roads & Highways,Assam,29.2
TIME_OVERRUN,CRITICAL,Delayed by 39 months,Construction and up gradation to 4-Lane of existing two lane with paved shoulder from,618289.0,Ministry of Road Transport & Highways,Roads & Highways,Assam,47.3
MULTI_MONTH_STAGNATION,CRITICAL,No progress improvement over multiple months,Construction and up gradation to 4-Lane of existing two lane with paved shoulder from,618289.0,Ministry of Road Transport & Highways,Roads & Highways,Assam,47.3
ELEVATED_RISK_ML,WARNING,ML risk score: 61/100,Construction of 4-Lane Panchgram Bypass from Design Chainage km 15500 on NH-,618308.0,Ministry of Road Transport & Highways,Roads & Highways,Assam,61.4
MULTI_MONTH_STAGNATION,CRITICAL,No progress improvement over multiple months,Construction of 4-Lane Panchgram Bypass from Design Chainage km 15500 on NH-,618308.0,Ministry of Road Transport & Highways,Roads & Highways,Assam,61.4
EXPENDITURE_LAG,CRITICAL,Only 17% budget spent but 79% time elapsed,Widening/lmprovement to 4-L of Karimgani - sutarkandi section of NH 37 from design,618310.0,Ministry of Road Transport & Highways,Roads & Highways,Assam,24.3
PF_GAP,WARNING,Physical-Financial gap of 24.8%,Widening/lmprovement to 4-L of Karimgani - sutarkandi section of NH 37 from design,618310.0,Ministry of Road Transport & Highways,Roads & Highways,Assam,24.3
EXPENDITURE_LAG,CRITICAL,Only 18% budget spent but 75% time elapsed,Widening/lmprovement to 4-Lane with Paved shoulder for existing as well as,618311.0,Ministry of Road Transport & Highways,Roads & Highways,Assam,23.4
PF_GAP,WARNING,Physical-Financial gap of 22.8%,Widening/lmprovement to 4-Lane with Paved shoulder for existing as well as,618311.0,Ministry of Road Transport & Highways,Roads & Highways,Assam,23.4
PF_GAP,WARNING,Physical-Financial gap of 26.1%,Widening/lmprovement of Existing 2 lane to 4-Laning of Karimganj-Silchar section of,618313.0,Ministry of Road Transport & Highways,Roads & Highways,Assam,17.4
PF_GAP,WARNING,Physical-Financial gap of 20.0%,4-Laning of Dhanehari Lailapur / Vairengte section from Existing Chainage km 12920,618314.0,Ministry of Road Transport & Highways,Roads & Highways,Assam,34.7
PF_GAP,WARNING,Physical-Financial gap of 37.2%,Widening/Improvement to 4-Lane with Paved Shoulder from KM 38500 to Km 51246,618326.0,Ministry of Road Transport & Highways,Roads & Highways,Assam,43.1
PF_GAP,WARNING,Physical-Financial gap of 24.9%,lmprovement to 4-Lane with Paved Shoulder from existing km 260000 Design,618331.0,Ministry of Road Transport & Highways,Roads & Highways,Assam,17.4
PF_GAP,WARNING,Physical-Financial gap of 32.1%,Widening/Improvement to 4-Lane with Paved Shoulder from km 626030 Nalani hulla,618340.0,Ministry of Road Transport & Highways,Roads & Highways,Assam,44.9
TIME_OVERRUN,WARNING,Delayed by 17 months,Widening/Improvement to 4-Lane with Paved Shoulder from km 626030 Nalani hulla,618340.0,Ministry of Road Transport & Highways,Roads & Highways,Assam,44.9
PF_GAP,WARNING,Physical-Financial gap of 22.5%,Widening & Upgradation to 2 lanes with paved shoulders road from Tamenglong to,618351.0,Ministry of Road Transport & Highways,Roads & Highways,Assam,38.5
TIME_OVERRUN,WARNING,Delayed by 13 months,Widening & Upgradation to 2 lanes with paved shoulders road from Tamenglong to,618351.0,Ministry of Road Transport & Highways,Roads & Highways,Assam,38.5
PF_GAP,WARNING,Physical-Financial gap of 22.5%,Widening & Upgradation to 2 lanes with paved shoulders road from Tamenglong to,618352.0,Ministry of Road Transport & Highways,Roads & Highways,Assam,38.3
TIME_OVERRUN,WARNING,Delayed by 13 months,Widening & Upgradation to 2 lanes with paved shoulders road from Tamenglong to,618352.0,Ministry of Road Transport & Highways,Roads & Highways,Assam,38.3
PF_GAP,WARNING,Physical-Financial gap of 22.9%,Widening & Upgradation to 2-lanes with paved shoulders road from Tamenglong to,618353.0,Ministry of Road Transport & Highways,Roads & Highways,Assam,49.5
TIME_OVERRUN,WARNING,Delayed by 13 months,Widening & Upgradation to 2-lanes with paved shoulders road from Tamenglong to,618353.0,Ministry of Road Transport & Highways,Roads & Highways,Assam,49.5
MULTI_MONTH_STAGNATION,CRITICAL,No progress improvement over multiple months,Widening & Upgradation to 2-lanes with paved shoulders road from Tamenglong to,618353.0,Ministry of Road Transport & Highways,Roads & Highways,Assam,49.5
PF_GAP,WARNING,Physical-Financial gap of 33.5%,Wideinig & Upgradation to 2-lanes with paved shoulders road from Tamenglong to,618354.0,Ministry of Road Transport & Highways,Roads & Highways,Assam,41.7
PF_GAP,WARNING,Physical-Financial gap of 26.9%,Widening/Improvement to 4-Lane with Paved Shoulder configuration of existing single,618371.0,Ministry of Road Transport & Highways,Roads & Highways,Assam,12.7
PF_GAP,WARNING,Physical-Financial gap of 27.8%,4-Laning of Jamugurihat to end of Biswanath Chariali By-Pass from Km 182.000 to,618436.0,Ministry of Road Transport & Highways,Roads & Highways,Assam,56.4
TIME_OVERRUN,CRITICAL,Delayed by 73 months,4-Laning of Jamugurihat to end of Biswanath Chariali By-Pass from Km 182.000 to,618436.0,Ministry of Road Transport & Highways,Roads & Highways,Assam,56.4
MULTI_MONTH_STAGNATION,CRITICAL,No progress improvement over multiple months,4-Laning of Jamugurihat to end of Biswanath Chariali By-Pass from Km 182.000 to,618436.0,Ministry of Road Transport & Highways,Roads & Highways,Assam,56.4
PF_GAP,WARNING,Physical-Financial gap of 57.5%,Construction of Balance Work of 4-Laning of NH-37 Section between End of Moran,618437.0,Ministry of Road Transport & Highways,Roads & Highways,Assam,62.7
ELEVATED_RISK_ML,WARNING,ML risk score: 63/100,Construction of Balance Work of 4-Laning of NH-37 Section between End of Moran,618437.0,Ministry of Road Transport & Highways,Roads & Highways,Assam,62.7
MULTI_MONTH_STAGNATION,CRITICAL,No progress improvement over multiple months,Construction of Balance Work of 4-Laning of NH-37 Section between End of Moran,618437.0,Ministry of Road Transport & Highways,Roads & Highways,Assam,62.7
PF_GAP,WARNING,Physical-Financial gap of -76.5%,4-Laning of NH-37 Section between Demow to End of Moran Bypass From Km.,618438.0,Ministry of Road Transport & Highways,Roads & Highways,Assam,54.8
TIME_OVERRUN,WARNING,Delayed by 13 months,4-Laning of NH-37 Section between Demow to End of Moran Bypass From Km.,618438.0,Ministry of Road Transport & Highways,Roads & Highways,Assam,54.8
MULTI_MONTH_STAGNATION,CRITICAL,No progress improvement over multiple months,4-Laning of NH-37 Section between Demow to End of Moran Bypass From Km.,618438.0,Ministry of Road Transport & Highways,Roads & Highways,Assam,54.8
EXPENDITURE_LAG,CRITICAL,Only 17% budget spent but 192% time elapsed,Construction of Balance Work of 4-Laning of the Section from Jhanji to Demow of NH-,618440.0,Ministry of Road Transport & Highways,Roads & Highways,Assam,56.2
PF_GAP,WARNING,Physical-Financial gap of 49.3%,Construction of Balance Work of 4-Laning of the Section from Jhanji to Demow of NH-,618440.0,Ministry of Road Transport & Highways,Roads & Highways,Assam,56.2
EXPENDITURE_LAG,CRITICAL,Only 21% budget spent but 209% time elapsed,Construction of Balance Work of 4-Laning of the Section from Jhanji to Demow of NH-,618441.0,Ministry of Road Transport & Highways,Roads & Highways,Assam,74.7
PF_GAP,WARNING,Physical-Financial gap of 66.4%,Construction of Balance Work of 4-Laning of the Section from Jhanji to Demow of NH-,618441.0,Ministry of Road Transport & Highways,Roads & Highways,Assam,74.7
ELEVATED_RISK_ML,WARNING,ML risk score: 75/100,Construction of Balance Work of 4-Laning of the Section from Jhanji to Demow of NH-,618441.0,Ministry of Road Transport & Highways,Roads & Highways,Assam,74.7
TIME_OVERRUN,WARNING,Delayed by 13 months,Construction of Balance Work of 4-Laning of the Section from Jhanji to Demow of NH-,618441.0,Ministry of Road Transport & Highways,Roads & Highways,Assam,74.7
EXPENDITURE_LAG,CRITICAL,Only 28% budget spent but 518% time elapsed,Construction of Balance Work of the 4-Laning of the Section from Jorhat to Jhanji of,618442.0,Ministry of Road Transport & Highways,Roads & Highways,Assam,63.5
PF_GAP,WARNING,Physical-Financial gap of 72.0%,Construction of Balance Work of the 4-Laning of the Section from Jorhat to Jhanji of,618442.0,Ministry of Road Transport & Highways,Roads & Highways,Assam,63.5
ELEVATED_RISK_ML,WARNING,ML risk score: 64/100,Construction of Balance Work of the 4-Laning of the Section from Jorhat to Jhanji of,618442.0,Ministry of Road Transport & Highways,Roads & Highways,Assam,63.5
TIME_OVERRUN,WARNING,Delayed by 22 months,Construction of Balance Work of the 4-Laning of the Section from Jorhat to Jhanji of,618442.0,Ministry of Road Transport & Highways,Roads & Highways,Assam,63.5
MULTI_MONTH_STAGNATION,CRITICAL,No progress improvement over multiple months,Construction of Balance Work of the 4-Laning of the Section from Jorhat to Jhanji of,618442.0,Ministry of Road Transport & Highways,Roads & Highways,Assam,63.5
EXPENDITURE_LAG,CRITICAL,Only 6% budget spent but 384% time elapsed,"Earthwork in Formation, Road Work, Construction of Bridges, Blanketing, P. Way",618454.0,Ministry of Road Transport & Highways,Roads & Highways,Assam,65.2
PF_GAP,WARNING,Physical-Financial gap of 87.4%,"Earthwork in Formation, Road Work, Construction of Bridges, Blanketing, P. Way",618454.0,Ministry of Road Transport & Highways,Roads & Highways,Assam,65.2
ELEVATED_RISK_ML,WARNING,ML risk score: 65/100,"Earthwork in Formation, Road Work, Construction of Bridges, Blanketing, P. Way",618454.0,Ministry of Road Transport & Highways,Roads & Highways,Assam,65.2
TIME_OVERRUN,WARNING,Delayed by 27 months,"Earthwork in Formation, Road Work, Construction of Bridges, Blanketing, P. Way",618454.0,Ministry of Road Transport & Highways,Roads & Highways,Assam,65.2
MULTI_MONTH_STAGNATION,CRITICAL,No progress improvement over multiple months,"Earthwork in Formation, Road Work, Construction of Bridges, Blanketing, P. Way",618454.0,Ministry of Road Transport & Highways,Roads & Highways,Assam,65.2
PF_GAP,WARNING,Physical-Financial gap of 55.5%,Development of External Trunk Connectivity and Internal Infrastructure Works at Multi,618455.0,Ministry of Road Transport & Highways,Roads & Highways,Assam,63.1
ELEVATED_RISK_ML,WARNING,ML risk score: 63/100,Development of External Trunk Connectivity and Internal Infrastructure Works at Multi,618455.0,Ministry of Road Transport & Highways,Roads & Highways,Assam,63.1
TIME_OVERRUN,WARNING,Delayed by 29 months,Development of External Trunk Connectivity and Internal Infrastructure Works at Multi,618455.0,Ministry of Road Transport & Highways,Roads & Highways,Assam,63.1
MULTI_MONTH_STAGNATION,CRITICAL,No progress improvement over multiple months,Development of External Trunk Connectivity and Internal Infrastructure Works at Multi,618455.0,Ministry of Road Transport & Highways,Roads & Highways,Assam,63.1
MULTI_MONTH_STAGNATION,CRITICAL,No progress improvement over multiple months,Guwahati Ring Road in the State of Assam,618934.0,Ministry of Road Transport & Highways,Roads & Highways,Assam,20.0
EXPENDITURE_LAG,CRITICAL,Only 0% budget spent but 164% time elapsed,2L with ES of Yagyi - Kalewa section from Milepost 40/0 to Milepost 115/5 in Myanmar,618958.0,Ministry of Road Transport & Highways,Roads & Highways,Assam,65.2
PF_GAP,WARNING,Physical-Financial gap of 52.0%,2L with ES of Yagyi - Kalewa section from Milepost 40/0 to Milepost 115/5 in Myanmar,618958.0,Ministry of Road Transport & Highways,Roads & Highways,Assam,65.2
ELEVATED_RISK_ML,WARNING,ML risk score: 65/100,2L with ES of Yagyi - Kalewa section from Milepost 40/0 to Milepost 115/5 in Myanmar,618958.0,Ministry of Road Transport & Highways,Roads & Highways,Assam,65.2
TIME_OVERRUN,CRITICAL,Delayed by 49 months,2L with ES of Yagyi - Kalewa section from Milepost 40/0 to Milepost 115/5 in Myanmar,618958.0,Ministry of Road Transport & Highways,Roads & Highways,Assam,65.2
MULTI_MONTH_STAGNATION,CRITICAL,No progress improvement over multiple months,2L with ES of Yagyi - Kalewa section from Milepost 40/0 to Milepost 115/5 in Myanmar,618958.0,Ministry of Road Transport & Highways,Roads & Highways,Assam,65.2
EXPENDITURE_LAG,CRITICAL,Only 20% budget spent but 153% time elapsed,Construction of Balance Work of 4-Laning of the Section from Jhanji to Demow of NH-,619013.0,Ministry of Road Transport & Highways,Roads & Highways,Assam,74.4
PF_GAP,WARNING,Physical-Financial gap of 52.0%,Construction of Balance Work of 4-Laning of the Section from Jhanji to Demow of NH-,619013.0,Ministry of Road Transport & Highways,Roads & Highways,Assam,74.4
ELEVATED_RISK_ML,WARNING,ML risk score: 74/100,Construction of Balance Work of 4-Laning of the Section from Jhanji to Demow of NH-,619013.0,Ministry of Road Transport & Highways,Roads & Highways,Assam,74.4
MULTI_MONTH_STAGNATION,CRITICAL,No progress improvement over multiple months,Construction of 4-Lane Badarpur Bypass from Design Chainage km 27300 at crossing,619057.0,Ministry of Road Transport & Highways,Roads & Highways,Assam,43.1
COST_ESCALATION,CRITICAL,Cost escalated by 79.8% from original,Construction of Balance Work of 4-Laning of the Section from Jhanji to Demow of NH-,619060.0,Ministry of Road Transport & Highways,Roads & Highways,Assam,86.7
EXPENDITURE_LAG,CRITICAL,Only 9% budget spent but 209% time elapsed,Construction of Balance Work of 4-Laning of the Section from Jhanji to Demow of NH-,619060.0,Ministry of Road Transport & Highways,Roads & Highways,Assam,86.7
PF_GAP,WARNING,Physical-Financial gap of 55.6%,Construction of Balance Work of 4-Laning of the Section from Jhanji to Demow of NH-,619060.0,Ministry of Road Transport & Highways,Roads & Highways,Assam,86.7
HIGH_RISK_ML,CRITICAL,ML risk score: 87/100,Construction of Balance Work of 4-Laning of the Section from Jhanji to Demow of NH-,619060.0,Ministry of Road Transport & Highways,Roads & Highways,Assam,86.7
TIME_OVERRUN,WARNING,Delayed by 13 months,Construction of Balance Work of 4-Laning of the Section from Jhanji to Demow of NH-,619060.0,Ministry of Road Transport & Highways,Roads & Highways,Assam,86.7
COST_ESCALATION,WARNING,Cost escalated by 43.8% from original,Balance work of 4L of NarimbangloJatinga Junction- Harangajoroad section from Km,619089.0,Ministry of Road Transport & Highways,Roads & Highways,Assam,69.8
PF_GAP,WARNING,Physical-Financial gap of 25.1%,Balance work of 4L of NarimbangloJatinga Junction- Harangajoroad section from Km,619089.0,Ministry of Road Transport & Highways,Roads & Highways,Assam,69.8
ELEVATED_RISK_ML,WARNING,ML risk score: 70/100,Balance work of 4L of NarimbangloJatinga Junction- Harangajoroad section from Km,619089.0,Ministry of Road Transport & Highways,Roads & Highways,Assam,69.8
EXPENDITURE_LAG,CRITICAL,Only 15% budget spent but 158% time elapsed,Construction of proposed 4Lane Revelgunj bypass NH-19 in the State of Bihar on,617897.0,Ministry of Road Transport & Highways,Roads & Highways,Bihar,54.2
PF_GAP,WARNING,Physical-Financial gap of 73.7%,Construction of proposed 4Lane Revelgunj bypass NH-19 in the State of Bihar on,617897.0,Ministry of Road Transport & Highways,Roads & Highways,Bihar,54.2
TIME_OVERRUN,WARNING,Delayed by 17 months,Construction of proposed 4Lane Revelgunj bypass NH-19 in the State of Bihar on,617897.0,Ministry of Road Transport & Highways,Roads & Highways,Bihar,54.2
PF_GAP,WARNING,Physical-Financial gap of 21.3%,Widening & Strenthening from km132.895 to km 190.15 NH-80,617958.0,Ministry of Road Transport & Highways,Roads & Highways,Bihar,53.4
TIME_OVERRUN,WARNING,Delayed by 24 months,Widening & Strenthening from km132.895 to km 190.15 NH-80,617958.0,Ministry of Road Transport & Highways,Roads & Highways,Bihar,53.4
MULTI_MONTH_STAGNATION,CRITICAL,No progress improvement over multiple months,Widening & Strenthening from km132.895 to km 190.15 NH-80,617958.0,Ministry of Road Transport & Highways,Roads & Highways,Bihar,53.4
COST_ESCALATION,CRITICAL,Cost escalated by 51.8% from original,Gaya-Hisua-Rajgir-Nalanda-Biharsharif section km0.00 to 92.935 NH-82,617961.0,Ministry of Road Transport & Highways,Roads & Highways,Bihar,95.4
EXPENDITURE_LAG,CRITICAL,Only 0% budget spent but 328% time elapsed,Gaya-Hisua-Rajgir-Nalanda-Biharsharif section km0.00 to 92.935 NH-82,617961.0,Ministry of Road Transport & Highways,Roads & Highways,Bihar,95.4
PF_GAP,WARNING,Physical-Financial gap of 97.0%,Gaya-Hisua-Rajgir-Nalanda-Biharsharif section km0.00 to 92.935 NH-82,617961.0,Ministry of Road Transport & Highways,Roads & Highways,Bihar,95.4
HIGH_RISK_ML,CRITICAL,ML risk score: 95/100,Gaya-Hisua-Rajgir-Nalanda-Biharsharif section km0.00 to 92.935 NH-82,617961.0,Ministry of Road Transport & Highways,Roads & Highways,Bihar,95.4
TIME_OVERRUN,CRITICAL,Delayed by 83 months,Gaya-Hisua-Rajgir-Nalanda-Biharsharif section km0.00 to 92.935 NH-82,617961.0,Ministry of Road Transport & Highways,Roads & Highways,Bihar,95.4
MULTI_MONTH_STAGNATION,CRITICAL,No progress improvement over multiple months,Gaya-Hisua-Rajgir-Nalanda-Biharsharif section km0.00 to 92.935 NH-82,617961.0,Ministry of Road Transport & Highways,Roads & Highways,Bihar,95.4
COST_ESCALATION,WARNING,Cost escalated by 23.1% from original,Rehabilitation and Upgrading to 2 lanes/2-lane with paved shoulders configuration and,617966.0,Ministry of Road Transport & Highways,Roads & Highways,Bihar,86.1
EXPENDITURE_LAG,CRITICAL,Only 0% budget spent but 331% time elapsed,Rehabilitation and Upgrading to 2 lanes/2-lane with paved shoulders configuration and,617966.0,Ministry of Road Transport & Highways,Roads & Highways,Bihar,86.1
PF_GAP,WARNING,Physical-Financial gap of 99.7%,Rehabilitation and Upgrading to 2 lanes/2-lane with paved shoulders configuration and,617966.0,Ministry of Road Transport & Highways,Roads & Highways,Bihar,86.1
HIGH_RISK_ML,CRITICAL,ML risk score: 86/100,Rehabilitation and Upgrading to 2 lanes/2-lane with paved shoulders configuration and,617966.0,Ministry of Road Transport & Highways,Roads & Highways,Bihar,86.1
TIME_OVERRUN,CRITICAL,Delayed by 84 months,Rehabilitation and Upgrading to 2 lanes/2-lane with paved shoulders configuration and,617966.0,Ministry of Road Transport & Highways,Roads & Highways,Bihar,86.1
MULTI_MONTH_STAGNATION,CRITICAL,No progress improvement over multiple months,Rehabilitation and Upgrading to 2 lanes/2-lane with paved shoulders configuration and,617966.0,Ministry of Road Transport & Highways,Roads & Highways,Bihar,86.1
EXPENDITURE_LAG,CRITICAL,Only 0% budget spent but 108% time elapsed,Construction of 4 Lane ROB and its approaches at the level crossing LC No 29 B of,617969.0,Ministry of Road Transport & Highways,Roads & Highways,Bihar,53.6
PF_GAP,WARNING,Physical-Financial gap of 62.0%,Construction of 4 Lane ROB and its approaches at the level crossing LC No 29 B of,617969.0,Ministry of Road Transport & Highways,Roads & Highways,Bihar,53.6
EXPENDITURE_LAG,CRITICAL,Only 0% budget spent but 139% time elapsed,Improvement to Two lane with Paved Shoulder from Junction of NH22 near Hajipur to,618073.0,Ministry of Road Transport & Highways,Roads & Highways,Bihar,55.6
PF_GAP,WARNING,Physical-Financial gap of 61.0%,Improvement to Two lane with Paved Shoulder from Junction of NH22 near Hajipur to,618073.0,Ministry of Road Transport & Highways,Roads & Highways,Bihar,55.6
EXPENDITURE_LAG,CRITICAL,Only 25% budget spent but 103% time elapsed,Pre construction activity of NH 122B from km 0 to 72.348 and Improvement to two,618074.0,Ministry of Road Transport & Highways,Roads & Highways,Bihar,30.7
PF_GAP,WARNING,Physical-Financial gap of 71.3%,Pre construction activity of NH 122B from km 0 to 72.348 and Improvement to two,618074.0,Ministry of Road Transport & Highways,Roads & Highways,Bihar,30.7
EXPENDITURE_LAG,CRITICAL,Only 0% budget spent but 89% time elapsed,Improvement to two lane with paved shoulders of BH WB Border Amdabad Manihari,618080.0,Ministry of Road Transport & Highways,Roads & Highways,Bihar,46.0
PROGRESS_STAGNATION,CRITICAL,Only 8% progress with 89% time elapsed,Improvement to two lane with paved shoulders of BH WB Border Amdabad Manihari,618080.0,Ministry of Road Transport & Highways,Roads & Highways,Bihar,46.0
PF_GAP,WARNING,Physical-Financial gap of 46.6%,Improvement to two lane with paved shoulders of NH-319A from km 0 to km 45 in,618121.0,Ministry of Road Transport & Highways,Roads & Highways,Bihar,61.2
ELEVATED_RISK_ML,WARNING,ML risk score: 61/100,Improvement to two lane with paved shoulders of NH-319A from km 0 to km 45 in,618121.0,Ministry of Road Transport & Highways,Roads & Highways,Bihar,61.2
TIME_OVERRUN,WARNING,Delayed by 23 months,Improvement to two lane with paved shoulders of NH-319A from km 0 to km 45 in,618121.0,Ministry of Road Transport & Highways,Roads & Highways,Bihar,61.2
MULTI_MONTH_STAGNATION,CRITICAL,No progress improvement over multiple months,Improvement to two lane with paved shoulders of NH-319A from km 0 to km 45 in,618121.0,Ministry of Road Transport & Highways,Roads & Highways,Bihar,61.2
EXPENDITURE_LAG,CRITICAL,Only 14% budget spent but 88% time elapsed,Pre-Construction activities from Km 134.000 to Km 190.233 of NH-333A and,618126.0,Ministry of Road Transport & Highways,Roads & Highways,Bihar,54.9
PF_GAP,WARNING,Physical-Financial gap of 44.7%,Pre-Construction activities from Km 134.000 to Km 190.233 of NH-333A and,618126.0,Ministry of Road Transport & Highways,Roads & Highways,Bihar,54.9
MULTI_MONTH_STAGNATION,CRITICAL,No progress improvement over multiple months,Pre-Construction activities from Km 134.000 to Km 190.233 of NH-333A and,618126.0,Ministry of Road Transport & Highways,Roads & Highways,Bihar,54.9
EXPENDITURE_LAG,CRITICAL,Only 0% budget spent but 128% time elapsed,Estimate for Improvement to two lane with paved shoulder from Ramnagar to Roseda,618146.0,Ministry of Road Transport & Highways,Roads & Highways,Bihar,54.6
PF_GAP,WARNING,Physical-Financial gap of 38.9%,Estimate for Improvement to two lane with paved shoulder from Ramnagar to Roseda,618146.0,Ministry of Road Transport & Highways,Roads & Highways,Bihar,54.6
EXPENDITURE_LAG,CRITICAL,Only 21% budget spent but 157% time elapsed,construction of a new 4 lane Parallel to existing MG Setu with its approaces from km,618228.0,Ministry of Road Transport & Highways,Roads & Highways,Bihar,56.1
PF_GAP,WARNING,Physical-Financial gap of 54.1%,construction of a new 4 lane Parallel to existing MG Setu with its approaces from km,618228.0,Ministry of Road Transport & Highways,Roads & Highways,Bihar,56.1
TIME_OVERRUN,CRITICAL,Delayed by 39 months,construction of a new 4 lane Parallel to existing MG Setu with its approaces from km,618228.0,Ministry of Road Transport & Highways,Roads & Highways,Bihar,56.1
PF_GAP,WARNING,Physical-Financial gap of 37.6%,Construction of a new 4-lane major bridge across river Kosi at Phulaut including,618234.0,Ministry of Road Transport & Highways,Roads & Highways,Bihar,49.2
TIME_OVERRUN,WARNING,Delayed by 32 months,Construction of a new 4-lane major bridge across river Kosi at Phulaut including,618234.0,Ministry of Road Transport & Highways,Roads & Highways,Bihar,49.2
TIME_OVERRUN,WARNING,Delayed by 22 months,Construction of New 4-Lane Bridge Parallel to existing Vikramashila Setufrom km,618246.0,Ministry of Road Transport & Highways,Roads & Highways,Bihar,34.3
TIME_OVERRUN,WARNING,Delayed by 13 months,Construction of 6-Lane Elevated / Extra Dose Cable Bridge on River Ganga parallel to,618250.0,Ministry of Road Transport & Highways,Roads & Highways,Bihar,45.8
COST_ESCALATION,WARNING,Cost escalated by 41.4% from original,Permanent rectification of 3 nos. of black spots in project Highway NH-27 of U.P,618571.0,Ministry of Road Transport & Highways,Roads & Highways,Bihar,68.1
ELEVATED_RISK_ML,WARNING,ML risk score: 68/100,Permanent rectification of 3 nos. of black spots in project Highway NH-27 of U.P,618571.0,Ministry of Road Transport & Highways,Roads & Highways,Bihar,68.1
EXPENDITURE_LAG,CRITICAL,Only 22% budget spent but 75% time elapsed,6L Bridge and its approaches across River Ganga as Part of Patna Ring Road NH-,618738.0,Ministry of Road Transport & Highways,Roads & Highways,Bihar,38.9
TIME_OVERRUN,WARNING,Delayed by 18 months,6L Bridge and its approaches across River Ganga as Part of Patna Ring Road NH-,618738.0,Ministry of Road Transport & Highways,Roads & Highways,Bihar,38.9
ELEVATED_RISK_ML,WARNING,ML risk score: 62/100,4L Greenfield Alignment of Amas to Shivrampur from 0.000 Km. to 55.002 Km. of NH,618739.0,Ministry of Road Transport & Highways,Roads & Highways,Bihar,61.7
TIME_OVERRUN,WARNING,Delayed by 28 months,4L Greenfield Alignment of Amas to Shivrampur from 0.000 Km. to 55.002 Km. of NH,618739.0,Ministry of Road Transport & Highways,Roads & Highways,Bihar,61.7
ELEVATED_RISK_ML,WARNING,ML risk score: 61/100,4L Greenfield Alignment of Shivrampur to Ramnagar from Km. 55.002 to Km.,618740.0,Ministry of Road Transport & Highways,Roads & Highways,Bihar,61.3
TIME_OVERRUN,WARNING,Delayed by 28 months,4L Greenfield Alignment of Shivrampur to Ramnagar from Km. 55.002 to Km.,618740.0,Ministry of Road Transport & Highways,Roads & Highways,Bihar,61.3
ELEVATED_RISK_ML,WARNING,ML risk score: 65/100,4L Greenfield Alignment from Kalyanapur to Tal Dashraha of NH-119D Pkg-III,618741.0,Ministry of Road Transport & Highways,Roads & Highways,Bihar,65.3
TIME_OVERRUN,CRITICAL,Delayed by 37 months,4L Greenfield Alignment from Kalyanapur to Tal Dashraha of NH-119D Pkg-III,618741.0,Ministry of Road Transport & Highways,Roads & Highways,Bihar,65.3
MULTI_MONTH_STAGNATION,CRITICAL,No progress improvement over multiple months,Construction of 6-lane Greenfield corridor from Ramnagar to Kacchi Dargah NH-119D,618742.0,Ministry of Road Transport & Highways,Roads & Highways,Bihar,23.0
PF_GAP,WARNING,Physical-Financial gap of 23.2%,Ara Bypass,618775.0,Ministry of Road Transport & Highways,Roads & Highways,Bihar,26.6
COST_ESCALATION,WARNING,Cost escalated by 34.3% from original,Simaria Km. 206.050 to Khagaria Km. 266.282,618840.0,Ministry of Road Transport & Highways,Roads & Highways,Bihar,82.4
PF_GAP,WARNING,Physical-Financial gap of -24.9%,Simaria Km. 206.050 to Khagaria Km. 266.282,618840.0,Ministry of Road Transport & Highways,Roads & Highways,Bihar,82.4
HIGH_RISK_ML,CRITICAL,ML risk score: 82/100,Simaria Km. 206.050 to Khagaria Km. 266.282,618840.0,Ministry of Road Transport & Highways,Roads & Highways,Bihar,82.4
TIME_OVERRUN,CRITICAL,Delayed by 90 months,Simaria Km. 206.050 to Khagaria Km. 266.282,618840.0,Ministry of Road Transport & Highways,Roads & Highways,Bihar,82.4
MULTI_MONTH_STAGNATION,CRITICAL,No progress improvement over multiple months,Simaria Km. 206.050 to Khagaria Km. 266.282,618840.0,Ministry of Road Transport & Highways,Roads & Highways,Bihar,82.4
PF_GAP,WARNING,Physical-Financial gap of 23.6%,4L Elevated Section and at-grade improvements at Begusarai town Simaria - Khagaria,618841.0,Ministry of Road Transport & Highways,Roads & Highways,Bihar,38.6
TIME_OVERRUN,WARNING,Delayed by 20 months,4L Elevated Section and at-grade improvements at Begusarai town Simaria - Khagaria,618841.0,Ministry of Road Transport & Highways,Roads & Highways,Bihar,38.6
COST_ESCALATION,CRITICAL,Cost escalated by 55.7% from original,Bakhtiyarpur-Rajauli Pkg-II from km. 54.405 to km.101.630,618861.0,Ministry of Road Transport & Highways,Roads & Highways,Bihar,79.9
ELEVATED_RISK_ML,WARNING,ML risk score: 80/100,Bakhtiyarpur-Rajauli Pkg-II from km. 54.405 to km.101.630,618861.0,Ministry of Road Transport & Highways,Roads & Highways,Bihar,79.9
TIME_OVERRUN,CRITICAL,Delayed by 37 months,Bakhtiyarpur-Rajauli Pkg-II from km. 54.405 to km.101.630,618861.0,Ministry of Road Transport & Highways,Roads & Highways,Bihar,79.9
MULTI_MONTH_STAGNATION,CRITICAL,No progress improvement over multiple months,Bakhtiyarpur-Rajauli Pkg-II from km. 54.405 to km.101.630,618861.0,Ministry of Road Transport & Highways,Roads & Highways,Bihar,79.9
COST_ESCALATION,WARNING,Cost escalated by 41.3% from original,Bakhtiyarpur-Rajauli Pkg-III from km. 101.630 to km.152.520,618862.0,Ministry of Road Transport & Highways,Roads & Highways,Bihar,79.1
ELEVATED_RISK_ML,WARNING,ML risk score: 79/100,Bakhtiyarpur-Rajauli Pkg-III from km. 101.630 to km.152.520,618862.0,Ministry of Road Transport & Highways,Roads & Highways,Bihar,79.1
TIME_OVERRUN,WARNING,Delayed by 26 months,Bakhtiyarpur-Rajauli Pkg-III from km. 101.630 to km.152.520,618862.0,Ministry of Road Transport & Highways,Roads & Highways,Bihar,79.1
MULTI_MONTH_STAGNATION,CRITICAL,No progress improvement over multiple months,Bakhtiyarpur-Rajauli Pkg-III from km. 101.630 to km.152.520,618862.0,Ministry of Road Transport & Highways,Roads & Highways,Bihar,79.1
COST_ESCALATION,CRITICAL,Cost escalated by 97.9% from original,Maheshkunt-Saharsa-Purnea Pkg I km 0.00 to km. 90.00 of NH-107,618902.0,Ministry of Road Transport & Highways,Roads & Highways,Bihar,84.7
PF_GAP,WARNING,Physical-Financial gap of -79.9%,Maheshkunt-Saharsa-Purnea Pkg I km 0.00 to km. 90.00 of NH-107,618902.0,Ministry of Road Transport & Highways,Roads & Highways,Bihar,84.7
HIGH_RISK_ML,CRITICAL,ML risk score: 85/100,Maheshkunt-Saharsa-Purnea Pkg I km 0.00 to km. 90.00 of NH-107,618902.0,Ministry of Road Transport & Highways,Roads & Highways,Bihar,84.7
TIME_OVERRUN,CRITICAL,Delayed by 57 months,Maheshkunt-Saharsa-Purnea Pkg I km 0.00 to km. 90.00 of NH-107,618902.0,Ministry of Road Transport & Highways,Roads & Highways,Bihar,84.7
TIME_OVERRUN,CRITICAL,Delayed by 69 months,Maheshkunt -Saharsa-Purnea Pkg II,618903.0,Ministry of Road Transport & Highways,Roads & Highways,Bihar,42.6
PF_GAP,WARNING,Physical-Financial gap of 28.3%,4L Elevated Corridor and at-grade improvements from Design Ch0000 to Design Ch,618914.0,Ministry of Road Transport & Highways,Roads & Highways,Bihar,37.8
EXPENDITURE_LAG,CRITICAL,Only 24% budget spent but 176% time elapsed,4L Greenfield starting from NH-30 near Saristabad Patna to Nathupur Project end,618917.0,Ministry of Road Transport & Highways,Roads & Highways,Bihar,53.0
PF_GAP,WARNING,Physical-Financial gap of 67.6%,4L Greenfield starting from NH-30 near Saristabad Patna to Nathupur Project end,618917.0,Ministry of Road Transport & Highways,Roads & Highways,Bihar,53.0
TIME_OVERRUN,WARNING,Delayed by 13 months,4L Greenfield starting from NH-30 near Saristabad Patna to Nathupur Project end,618917.0,Ministry of Road Transport & Highways,Roads & Highways,Bihar,53.0
COST_ESCALATION,WARNING,Cost escalated by 34.6% from original,4L of Siwan- Masrakh section of Ram Janki Marg from Km 230.385 to Km 281.391 of,618926.0,Ministry of Road Transport & Highways,Roads & Highways,Bihar,81.9
EXPENDITURE_LAG,CRITICAL,Only 26% budget spent but 92% time elapsed,4L of Siwan- Masrakh section of Ram Janki Marg from Km 230.385 to Km 281.391 of,618926.0,Ministry of Road Transport & Highways,Roads & Highways,Bihar,81.9
PROGRESS_STAGNATION,CRITICAL,Only 11% progress with 92% time elapsed,4L of Siwan- Masrakh section of Ram Janki Marg from Km 230.385 to Km 281.391 of,618926.0,Ministry of Road Transport & Highways,Roads & Highways,Bihar,81.9
PF_GAP,WARNING,Physical-Financial gap of -24.2%,4L of Siwan- Masrakh section of Ram Janki Marg from Km 230.385 to Km 281.391 of,618926.0,Ministry of Road Transport & Highways,Roads & Highways,Bihar,81.9
HIGH_RISK_ML,CRITICAL,ML risk score: 82/100,4L of Siwan- Masrakh section of Ram Janki Marg from Km 230.385 to Km 281.391 of,618926.0,Ministry of Road Transport & Highways,Roads & Highways,Bihar,81.9
TIME_OVERRUN,WARNING,Delayed by 24 months,4L of Siwan- Masrakh section of Ram Janki Marg from Km 230.385 to Km 281.391 of,618926.0,Ministry of Road Transport & Highways,Roads & Highways,Bihar,81.9
MULTI_MONTH_STAGNATION,CRITICAL,No progress improvement over multiple months,4L of Siwan- Masrakh section of Ram Janki Marg from Km 230.385 to Km 281.391 of,618926.0,Ministry of Road Transport & Highways,Roads & Highways,Bihar,81.9
TIME_OVERRUN,CRITICAL,Delayed by 43 months,Umagaon-Saharsa Package-IV Koshi Bridge & approach Road - Bheja-Bakaur,618953.0,Ministry of Road Transport & Highways,Roads & Highways,Bihar,59.7
COST_ESCALATION,WARNING,Cost escalated by 15.6% from original,Umagaon - Saharsa Package - I Combined Umagaon-Kaluahi0.000KM to 21.609Km,618954.0,Ministry of Road Transport & Highways,Roads & Highways,Bihar,44.0
COST_ESCALATION,CRITICAL,Cost escalated by 67.2% from original,2L PS of Majhauli to Charout section from km. 0.00 to km. 63.655,618955.0,Ministry of Road Transport & Highways,Roads & Highways,Bihar,91.4
PF_GAP,WARNING,Physical-Financial gap of -71.9%,2L PS of Majhauli to Charout section from km. 0.00 to km. 63.655,618955.0,Ministry of Road Transport & Highways,Roads & Highways,Bihar,91.4
HIGH_RISK_ML,CRITICAL,ML risk score: 91/100,2L PS of Majhauli to Charout section from km. 0.00 to km. 63.655,618955.0,Ministry of Road Transport & Highways,Roads & Highways,Bihar,91.4
TIME_OVERRUN,CRITICAL,Delayed by 57 months,2L PS of Majhauli to Charout section from km. 0.00 to km. 63.655,618955.0,Ministry of Road Transport & Highways,Roads & Highways,Bihar,91.4
MULTI_MONTH_STAGNATION,CRITICAL,No progress improvement over multiple months,2L PS of Majhauli to Charout section from km. 0.00 to km. 63.655,618955.0,Ministry of Road Transport & Highways,Roads & Highways,Bihar,91.4
EXPENDITURE_LAG,CRITICAL,Only 15% budget spent but 77% time elapsed,Construction of Major Bridge over Baghmati and Lakhandei River along with,618956.0,Ministry of Road Transport & Highways,Roads & Highways,Bihar,41.2
EXPENDITURE_LAG,CRITICAL,Only 36% budget spent but 125% time elapsed,4L of Greenfield Alignment from Km. 47.000 to Km. 89.210 of Balbhadarpur to Bela,619127.0,Ministry of Road Transport & Highways,Roads & Highways,Bihar,45.3
TIME_OVERRUN,WARNING,Delayed by 24 months,4L of Greenfield Alignment from Km. 47.000 to Km. 89.210 of Balbhadarpur to Bela,619127.0,Ministry of Road Transport & Highways,Roads & Highways,Bihar,45.3
PF_GAP,WARNING,Physical-Financial gap of 44.8%,Rehabilitation and Upgradation of Chorma - Bairgania Section of National Highway,619136.0,Ministry of Road Transport & Highways,Roads & Highways,Bihar,69.9
ELEVATED_RISK_ML,WARNING,ML risk score: 70/100,Rehabilitation and Upgradation of Chorma - Bairgania Section of National Highway,619136.0,Ministry of Road Transport & Highways,Roads & Highways,Bihar,69.9
MULTI_MONTH_STAGNATION,CRITICAL,No progress improvement over multiple months,Rehabilitation and Upgradation of Chorma - Bairgania Section of National Highway,619136.0,Ministry of Road Transport & Highways,Roads & Highways,Bihar,69.9
ELEVATED_RISK_ML,WARNING,ML risk score: 61/100,Bakhtiyarpur Km 153.300 to Mokama Km 197.900,619152.0,Ministry of Road Transport & Highways,Roads & Highways,Bihar,60.9
TIME_OVERRUN,CRITICAL,Delayed by 80 months,Bakhtiyarpur Km 153.300 to Mokama Km 197.900,619152.0,Ministry of Road Transport & Highways,Roads & Highways,Bihar,60.9
MULTI_MONTH_STAGNATION,CRITICAL,No progress improvement over multiple months,Bakhtiyarpur Km 153.300 to Mokama Km 197.900,619152.0,Ministry of Road Transport & Highways,Roads & Highways,Bihar,60.9
COST_ESCALATION,WARNING,Cost escalated by 26.0% from original,Umagaon-Saharsa Package-V Bakaur-Parsarma-Bangaon-Bariyahi & Spur to Mahishi,619166.0,Ministry of Road Transport & Highways,Roads & Highways,Bihar,77.5
PF_GAP,WARNING,Physical-Financial gap of 33.2%,Umagaon-Saharsa Package-V Bakaur-Parsarma-Bangaon-Bariyahi & Spur to Mahishi,619166.0,Ministry of Road Transport & Highways,Roads & Highways,Bihar,77.5
ELEVATED_RISK_ML,WARNING,ML risk score: 78/100,Umagaon-Saharsa Package-V Bakaur-Parsarma-Bangaon-Bariyahi & Spur to Mahishi,619166.0,Ministry of Road Transport & Highways,Roads & Highways,Bihar,77.5
MULTI_MONTH_STAGNATION,CRITICAL,No progress improvement over multiple months,Umagaon-Saharsa Package-V Bakaur-Parsarma-Bangaon-Bariyahi & Spur to Mahishi,619166.0,Ministry of Road Transport & Highways,Roads & Highways,Bihar,77.5
PF_GAP,WARNING,Physical-Financial gap of 41.4%,4L of Munger Mirzachauki section from Munger to Kharia village junction from Km,619289.0,Ministry of Road Transport & Highways,Roads & Highways,Bihar,67.5
ELEVATED_RISK_ML,WARNING,ML risk score: 68/100,4L of Munger Mirzachauki section from Munger to Kharia village junction from Km,619289.0,Ministry of Road Transport & Highways,Roads & Highways,Bihar,67.5
TIME_OVERRUN,WARNING,Delayed by 31 months,4L of Munger Mirzachauki section from Munger to Kharia village junction from Km,619289.0,Ministry of Road Transport & Highways,Roads & Highways,Bihar,67.5
COST_ESCALATION,WARNING,Cost escalated by 17.9% from original,Construction of Approach Road to Rail-cum- Road Bridge across river Ganga at,619301.0,Ministry of Road Transport & Highways,Roads & Highways,Bihar,74.2
ELEVATED_RISK_ML,WARNING,ML risk score: 74/100,Construction of Approach Road to Rail-cum- Road Bridge across river Ganga at,619301.0,Ministry of Road Transport & Highways,Roads & Highways,Bihar,74.2
TIME_OVERRUN,CRITICAL,Delayed by 63 months,Construction of Approach Road to Rail-cum- Road Bridge across river Ganga at,619301.0,Ministry of Road Transport & Highways,Roads & Highways,Bihar,74.2
MULTI_MONTH_STAGNATION,CRITICAL,No progress improvement over multiple months,Construction of Approach Road to Rail-cum- Road Bridge across river Ganga at,619301.0,Ministry of Road Transport & Highways,Roads & Highways,Bihar,74.2
EXPENDITURE_LAG,CRITICAL,Only 33% budget spent but 221% time elapsed,4L of Munger Mirzachauki section from start of existing Bhagalpur bypass to Rasulpur,619305.0,Ministry of Road Transport & Highways,Roads & Highways,Bihar,74.6
PF_GAP,WARNING,Physical-Financial gap of 39.1%,4L of Munger Mirzachauki section from start of existing Bhagalpur bypass to Rasulpur,619305.0,Ministry of Road Transport & Highways,Roads & Highways,Bihar,74.6
ELEVATED_RISK_ML,WARNING,ML risk score: 75/100,4L of Munger Mirzachauki section from start of existing Bhagalpur bypass to Rasulpur,619305.0,Ministry of Road Transport & Highways,Roads & Highways,Bihar,74.6
TIME_OVERRUN,WARNING,Delayed by 32 months,4L of Munger Mirzachauki section from start of existing Bhagalpur bypass to Rasulpur,619305.0,Ministry of Road Transport & Highways,Roads & Highways,Bihar,74.6
COST_ESCALATION,WARNING,Cost escalated by 21.0% from original,4L of Munger Mirzachauki section from Km 95580 to Km 125000 Pkg-2,619306.0,Ministry of Road Transport & Highways,Roads & Highways,Bihar,74.0
PF_GAP,WARNING,Physical-Financial gap of 32.9%,4L of Munger Mirzachauki section from Km 95580 to Km 125000 Pkg-2,619306.0,Ministry of Road Transport & Highways,Roads & Highways,Bihar,74.0
ELEVATED_RISK_ML,WARNING,ML risk score: 74/100,4L of Munger Mirzachauki section from Km 95580 to Km 125000 Pkg-2,619306.0,Ministry of Road Transport & Highways,Roads & Highways,Bihar,74.0
TIME_OVERRUN,WARNING,Delayed by 29 months,4L of Munger Mirzachauki section from Km 95580 to Km 125000 Pkg-2,619306.0,Ministry of Road Transport & Highways,Roads & Highways,Bihar,74.0
PF_GAP,WARNING,Physical-Financial gap of 20.1%,4L of Hajipur-Muzaffarpur Section of the existing NH-77 from Km. 0000 Ramashish,619317.0,Ministry of Road Transport & Highways,Roads & Highways,Bihar,75.6
ELEVATED_RISK_ML,WARNING,ML risk score: 76/100,4L of Hajipur-Muzaffarpur Section of the existing NH-77 from Km. 0000 Ramashish,619317.0,Ministry of Road Transport & Highways,Roads & Highways,Bihar,75.6
TIME_OVERRUN,CRITICAL,Delayed by 163 months,4L of Hajipur-Muzaffarpur Section of the existing NH-77 from Km. 0000 Ramashish,619317.0,Ministry of Road Transport & Highways,Roads & Highways,Bihar,75.6
MULTI_MONTH_STAGNATION,CRITICAL,No progress improvement over multiple months,4L of Hajipur-Muzaffarpur Section of the existing NH-77 from Km. 0000 Ramashish,619317.0,Ministry of Road Transport & Highways,Roads & Highways,Bihar,75.6
EXPENDITURE_LAG,CRITICAL,Only 0% budget spent but 71% time elapsed,Bemetara Bypass NH 30,617908.0,Ministry of Road Transport & Highways,Roads & Highways,Chhattisgarh,31.0
PF_GAP,WARNING,Physical-Financial gap of 42.0%,Bemetara Bypass NH 30,617908.0,Ministry of Road Transport & Highways,Roads & Highways,Chhattisgarh,31.0
TIME_OVERRUN,CRITICAL,Delayed by 55 months,Construction of 4 Nos Grade separtor between km. 281.000 to km. 307.600 km.,617919.0,Ministry of Road Transport & Highways,Roads & Highways,Chhattisgarh,50.3
MULTI_MONTH_STAGNATION,CRITICAL,No progress improvement over multiple months,Construction of 4 Nos Grade separtor between km. 281.000 to km. 307.600 km.,617919.0,Ministry of Road Transport & Highways,Roads & Highways,Chhattisgarh,50.3
EXPENDITURE_LAG,CRITICAL,Only 0% budget spent but 75% time elapsed,Up-gradation to Two/Four lane with paved shoulder Configuration of Kondagaon-,617971.0,Ministry of Road Transport & Highways,Roads & Highways,Chhattisgarh,29.3
PF_GAP,WARNING,Physical-Financial gap of 69.6%,Up-gradation to Two/Four lane with paved shoulder Configuration of Kondagaon-,617971.0,Ministry of Road Transport & Highways,Roads & Highways,Chhattisgarh,29.3
EXPENDITURE_LAG,CRITICAL,Only 0% budget spent but 117% time elapsed,Upgradation to Two lane with Paved Shoulder Configuration of Narayanpur,617972.0,Ministry of Road Transport & Highways,Roads & Highways,Chhattisgarh,34.0
PROGRESS_STAGNATION,CRITICAL,Only 0% progress with 117% time elapsed,Upgradation to Two lane with Paved Shoulder Configuration of Narayanpur,617972.0,Ministry of Road Transport & Highways,Roads & Highways,Chhattisgarh,34.0
MULTI_MONTH_STAGNATION,CRITICAL,No progress improvement over multiple months,Upgradation to Two lane with Paved Shoulder Configuration of Narayanpur,617972.0,Ministry of Road Transport & Highways,Roads & Highways,Chhattisgarh,34.0
EXPENDITURE_LAG,CRITICAL,Only 27% budget spent but 94% time elapsed,"Upgradation of Ambikapur-Ramanujganj-Garwa road of NH-343, Package-III, Badki",618014.0,Ministry of Road Transport & Highways,Roads & Highways,Chhattisgarh,24.5
EXPENDITURE_LAG,CRITICAL,Only 37% budget spent but 144% time elapsed,"Upgradation of Keonchi - Ratanpur Road of NH 45 Package-I, from design chainage",618015.0,Ministry of Road Transport & Highways,Roads & Highways,Chhattisgarh,60.1
PF_GAP,WARNING,Physical-Financial gap of 22.8%,"Upgradation of Keonchi - Ratanpur Road of NH 45 Package-I, from design chainage",618015.0,Ministry of Road Transport & Highways,Roads & Highways,Chhattisgarh,60.1
ELEVATED_RISK_ML,WARNING,ML risk score: 60/100,"Upgradation of Keonchi - Ratanpur Road of NH 45 Package-I, from design chainage",618015.0,Ministry of Road Transport & Highways,Roads & Highways,Chhattisgarh,60.1
EXPENDITURE_LAG,CRITICAL,Only 32% budget spent but 144% time elapsed,"Upgradation of Keonchi - Ratanpur Road of NH 45 Package-II, from design chainage",618017.0,Ministry of Road Transport & Highways,Roads & Highways,Chhattisgarh,54.8
PF_GAP,WARNING,Physical-Financial gap of 27.6%,"Upgradation of Keonchi - Ratanpur Road of NH 45 Package-II, from design chainage",618017.0,Ministry of Road Transport & Highways,Roads & Highways,Chhattisgarh,54.8
MULTI_MONTH_STAGNATION,CRITICAL,No progress improvement over multiple months,"Upgradation of Keonchi - Ratanpur Road of NH 45 Package-II, from design chainage",618017.0,Ministry of Road Transport & Highways,Roads & Highways,Chhattisgarh,54.8
EXPENDITURE_LAG,CRITICAL,Only 3% budget spent but 178% time elapsed,Upgradation of Bilaspur-Takhatpur-Mungeli-Pandariya-Pondi Road on N.H.-130A,618018.0,Ministry of Road Transport & Highways,Roads & Highways,Chhattisgarh,48.2
PROGRESS_STAGNATION,CRITICAL,Only 11% progress with 178% time elapsed,Upgradation of Bilaspur-Takhatpur-Mungeli-Pandariya-Pondi Road on N.H.-130A,618018.0,Ministry of Road Transport & Highways,Roads & Highways,Chhattisgarh,48.2
TIME_OVERRUN,WARNING,Delayed by 17 months,Upgradation of Bilaspur-Takhatpur-Mungeli-Pandariya-Pondi Road on N.H.-130A,618018.0,Ministry of Road Transport & Highways,Roads & Highways,Chhattisgarh,48.2
TIME_OVERRUN,WARNING,Delayed by 20 months,Durg-Raipur Bypass Section Package - 1 from km. 0.00 to km. 44.50 near Tendesara,618589.0,Ministry of Road Transport & Highways,Roads & Highways,Chhattisgarh,43.1
PF_GAP,WARNING,Physical-Financial gap of 22.9%,Durg-Raipur-Arang Package - 2 from km. 44.50 to km. 92.23 near Khatti Village to,618590.0,Ministry of Road Transport & Highways,Roads & Highways,Chhattisgarh,43.6
TIME_OVERRUN,WARNING,Delayed by 22 months,Durg-Raipur-Arang Package - 2 from km. 44.50 to km. 92.23 near Khatti Village to,618590.0,Ministry of Road Transport & Highways,Roads & Highways,Chhattisgarh,43.6
COST_ESCALATION,WARNING,Cost escalated by 36.0% from original,4L of Bilaspur to Urga km 0.00 to 70.2 of NH-130A,618639.0,Ministry of Road Transport & Highways,Roads & Highways,Chhattisgarh,80.1
HIGH_RISK_ML,CRITICAL,ML risk score: 80/100,4L of Bilaspur to Urga km 0.00 to 70.2 of NH-130A,618639.0,Ministry of Road Transport & Highways,Roads & Highways,Chhattisgarh,80.1
TIME_OVERRUN,WARNING,Delayed by 33 months,4L of Bilaspur to Urga km 0.00 to 70.2 of NH-130A,618639.0,Ministry of Road Transport & Highways,Roads & Highways,Chhattisgarh,80.1
MULTI_MONTH_STAGNATION,CRITICAL,No progress improvement over multiple months,4L of Bilaspur to Urga km 0.00 to 70.2 of NH-130A,618639.0,Ministry of Road Transport & Highways,Roads & Highways,Chhattisgarh,80.1
COST_ESCALATION,WARNING,Cost escalated by 26.5% from original,4L of Urga - Pathalgaon from Km. 70.200 to km. 157.745 of NH-130A,618640.0,Ministry of Road Transport & Highways,Roads & Highways,Chhattisgarh,65.4
EXPENDITURE_LAG,CRITICAL,Only 39% budget spent but 103% time elapsed,4L of Urga - Pathalgaon from Km. 70.200 to km. 157.745 of NH-130A,618640.0,Ministry of Road Transport & Highways,Roads & Highways,Chhattisgarh,65.4
PF_GAP,WARNING,Physical-Financial gap of 32.0%,4L of Urga - Pathalgaon from Km. 70.200 to km. 157.745 of NH-130A,618640.0,Ministry of Road Transport & Highways,Roads & Highways,Chhattisgarh,65.4
ELEVATED_RISK_ML,WARNING,ML risk score: 65/100,4L of Urga - Pathalgaon from Km. 70.200 to km. 157.745 of NH-130A,618640.0,Ministry of Road Transport & Highways,Roads & Highways,Chhattisgarh,65.4
MULTI_MONTH_STAGNATION,CRITICAL,No progress improvement over multiple months,4L of Pathalgaon-Kunkuri-CG/JH Border section of NH-43 from Km. 00.000 to,618646.0,Ministry of Road Transport & Highways,Roads & Highways,Chhattisgarh,23.9
PF_GAP,WARNING,Physical-Financial gap of 47.1%,Development of 6L of Jhanki Sargi Section Road from km 0.000 to km 42.800 of NH-,618673.0,Ministry of Road Transport & Highways,Roads & Highways,Chhattisgarh,57.8
TIME_OVERRUN,WARNING,Delayed by 29 months,Development of 6L of Jhanki Sargi Section Road from km 0.000 to km 42.800 of NH-,618673.0,Ministry of Road Transport & Highways,Roads & Highways,Chhattisgarh,57.8
MULTI_MONTH_STAGNATION,CRITICAL,No progress improvement over multiple months,Development of 6L of Jhanki Sargi Section Road from km 0.000 to km 42.800 of NH-,618673.0,Ministry of Road Transport & Highways,Roads & Highways,Chhattisgarh,57.8
PF_GAP,WARNING,Physical-Financial gap of 48.5%,Development of 6L Sargi Basanwahi Section from km 42.800 to km 99.500 of NH-,618674.0,Ministry of Road Transport & Highways,Roads & Highways,Chhattisgarh,50.6
TIME_OVERRUN,WARNING,Delayed by 19 months,Development of 6L Sargi Basanwahi Section from km 42.800 to km 99.500 of NH-,618674.0,Ministry of Road Transport & Highways,Roads & Highways,Chhattisgarh,50.6
EXPENDITURE_LAG,CRITICAL,Only 38% budget spent but 146% time elapsed,Development of 6L of Basanwahi Marangpuri Section from km 99.500 to km 124.661,618675.0,Ministry of Road Transport & Highways,Roads & Highways,Chhattisgarh,55.1
PF_GAP,WARNING,Physical-Financial gap of 33.3%,Development of 6L of Basanwahi Marangpuri Section from km 99.500 to km 124.661,618675.0,Ministry of Road Transport & Highways,Roads & Highways,Chhattisgarh,55.1
TIME_OVERRUN,WARNING,Delayed by 17 months,Development of 6L of Basanwahi Marangpuri Section from km 99.500 to km 124.661,618675.0,Ministry of Road Transport & Highways,Roads & Highways,Chhattisgarh,55.1
COST_ESCALATION,WARNING,Cost escalated by 30.1% from original,4 laning of Champa - Korba from km 0.00 to km 38.2,618957.0,Ministry of Road Transport & Highways,Roads & Highways,Chhattisgarh,75.3
ELEVATED_RISK_ML,WARNING,ML risk score: 75/100,4 laning of Champa - Korba from km 0.00 to km 38.2,618957.0,Ministry of Road Transport & Highways,Roads & Highways,Chhattisgarh,75.3
TIME_OVERRUN,WARNING,Delayed by 31 months,4 laning of Champa - Korba from km 0.00 to km 38.2,618957.0,Ministry of Road Transport & Highways,Roads & Highways,Chhattisgarh,75.3
MULTI_MONTH_STAGNATION,CRITICAL,No progress improvement over multiple months,4 laning of Champa - Korba from km 0.00 to km 38.2,618957.0,Ministry of Road Transport & Highways,Roads & Highways,Chhattisgarh,75.3
ELEVATED_RISK_ML,WARNING,ML risk score: 75/100,4/6 Laning of Raipur-Simga Pkg-I from km. 0.00 to km. 48.58,619103.0,Ministry of Road Transport & Highways,Roads & Highways,Chhattisgarh,75.1
TIME_OVERRUN,CRITICAL,Delayed by 100 months,4/6 Laning of Raipur-Simga Pkg-I from km. 0.00 to km. 48.58,619103.0,Ministry of Road Transport & Highways,Roads & Highways,Chhattisgarh,75.1
MULTI_MONTH_STAGNATION,CRITICAL,No progress improvement over multiple months,4/6 Laning of Raipur-Simga Pkg-I from km. 0.00 to km. 48.58,619103.0,Ministry of Road Transport & Highways,Roads & Highways,Chhattisgarh,75.1
COST_ESCALATION,WARNING,Cost escalated by 47.4% from original,4 Laning with PS of Pathrapalli-Katghora km 53.3 to km 92.6 Pkg-II of Bilaspur,619167.0,Ministry of Road Transport & Highways,Roads & Highways,Chhattisgarh,81.2
HIGH_RISK_ML,CRITICAL,ML risk score: 81/100,4 Laning with PS of Pathrapalli-Katghora km 53.3 to km 92.6 Pkg-II of Bilaspur,619167.0,Ministry of Road Transport & Highways,Roads & Highways,Chhattisgarh,81.2
TIME_OVERRUN,CRITICAL,Delayed by 47 months,4 Laning with PS of Pathrapalli-Katghora km 53.3 to km 92.6 Pkg-II of Bilaspur,619167.0,Ministry of Road Transport & Highways,Roads & Highways,Chhattisgarh,81.2
MULTI_MONTH_STAGNATION,CRITICAL,No progress improvement over multiple months,4 Laning with PS of Pathrapalli-Katghora km 53.3 to km 92.6 Pkg-II of Bilaspur,619167.0,Ministry of Road Transport & Highways,Roads & Highways,Chhattisgarh,81.2
COST_ESCALATION,WARNING,Cost escalated by 21.0% from original,Widening of Existing Road from Intermediate Lane 2-lane to 4-lane Between Km,619183.0,Ministry of Road Transport & Highways,Roads & Highways,"Dadra & Nagar
Haveli and Daman
& Diu",61.3
EXPENDITURE_LAG,CRITICAL,Only 32% budget spent but 111% time elapsed,Widening of Existing Road from Intermediate Lane 2-lane to 4-lane Between Km,619183.0,Ministry of Road Transport & Highways,Roads & Highways,"Dadra & Nagar
Haveli and Daman
& Diu",61.3
PF_GAP,WARNING,Physical-Financial gap of 40.7%,Widening of Existing Road from Intermediate Lane 2-lane to 4-lane Between Km,619183.0,Ministry of Road Transport & Highways,Roads & Highways,"Dadra & Nagar
Haveli and Daman
& Diu",61.3
ELEVATED_RISK_ML,WARNING,ML risk score: 61/100,Widening of Existing Road from Intermediate Lane 2-lane to 4-lane Between Km,619183.0,Ministry of Road Transport & Highways,Roads & Highways,"Dadra & Nagar
Haveli and Daman
& Diu",61.3
ELEVATED_RISK_ML,WARNING,ML risk score: 72/100,Development of 6L UER II [Package - I] NH-1 Near Bakoli till Karala Kanjhawala Road,618509.0,Ministry of Road Transport & Highways,Roads & Highways,Delhi,71.5
TIME_OVERRUN,WARNING,Delayed by 34 months,Development of 6L UER II [Package - I] NH-1 Near Bakoli till Karala Kanjhawala Road,618509.0,Ministry of Road Transport & Highways,Roads & Highways,Delhi,71.5
MULTI_MONTH_STAGNATION,CRITICAL,No progress improvement over multiple months,Development of 6L UER II [Package - I] NH-1 Near Bakoli till Karala Kanjhawala Road,618509.0,Ministry of Road Transport & Highways,Roads & Highways,Delhi,71.5
COST_ESCALATION,WARNING,Cost escalated by 29.1% from original,8L of Dwarka Expressway Pkg-II RuB near Dwarka Sector 21-DL/HR Border from,619090.0,Ministry of Road Transport & Highways,Roads & Highways,Delhi,78.9
ELEVATED_RISK_ML,WARNING,ML risk score: 79/100,8L of Dwarka Expressway Pkg-II RuB near Dwarka Sector 21-DL/HR Border from,619090.0,Ministry of Road Transport & Highways,Roads & Highways,Delhi,78.9
TIME_OVERRUN,CRITICAL,Delayed by 58 months,8L of Dwarka Expressway Pkg-II RuB near Dwarka Sector 21-DL/HR Border from,619090.0,Ministry of Road Transport & Highways,Roads & Highways,Delhi,78.9
MULTI_MONTH_STAGNATION,CRITICAL,No progress improvement over multiple months,8L of Dwarka Expressway Pkg-II RuB near Dwarka Sector 21-DL/HR Border from,619090.0,Ministry of Road Transport & Highways,Roads & Highways,Delhi,78.9
COST_ESCALATION,CRITICAL,Cost escalated by 83.2% from original,Dwarka Expressway from Km -0.600 to Km 5.300 - Pkg-I Shivmurti Chowk-RuB near,619202.0,Ministry of Road Transport & Highways,Roads & Highways,Delhi,92.2
PF_GAP,WARNING,Physical-Financial gap of -65.0%,Dwarka Expressway from Km -0.600 to Km 5.300 - Pkg-I Shivmurti Chowk-RuB near,619202.0,Ministry of Road Transport & Highways,Roads & Highways,Delhi,92.2
HIGH_RISK_ML,CRITICAL,ML risk score: 92/100,Dwarka Expressway from Km -0.600 to Km 5.300 - Pkg-I Shivmurti Chowk-RuB near,619202.0,Ministry of Road Transport & Highways,Roads & Highways,Delhi,92.2
TIME_OVERRUN,CRITICAL,Delayed by 47 months,Dwarka Expressway from Km -0.600 to Km 5.300 - Pkg-I Shivmurti Chowk-RuB near,619202.0,Ministry of Road Transport & Highways,Roads & Highways,Delhi,92.2
MULTI_MONTH_STAGNATION,CRITICAL,No progress improvement over multiple months,Dwarka Expressway from Km -0.600 to Km 5.300 - Pkg-I Shivmurti Chowk-RuB near,619202.0,Ministry of Road Transport & Highways,Roads & Highways,Delhi,92.2
EXPENDITURE_LAG,CRITICAL,Only 0% budget spent but 121% time elapsed,Construction of Six lane Elevated Corridor from Km. 508.000 to Km. 513.150 including,617942.0,Ministry of Road Transport & Highways,Roads & Highways,Goa,52.5
PF_GAP,WARNING,Physical-Financial gap of 99.1%,Construction of Six lane Elevated Corridor from Km. 508.000 to Km. 513.150 including,617942.0,Ministry of Road Transport & Highways,Roads & Highways,Goa,52.5
MULTI_MONTH_STAGNATION,CRITICAL,No progress improvement over multiple months,4-laning of Navelim to Cuncolim Section of NH-66 from Km 554.245 to Km 561.480 on,617943.0,Ministry of Road Transport & Highways,Roads & Highways,Goa,23.4
PF_GAP,WARNING,Physical-Financial gap of 22.9%,Construction of 4L Flyover from MES College Junction to Bogmalo Junction on NH-,618609.0,Ministry of Road Transport & Highways,Roads & Highways,Goa,39.9
COST_ESCALATION,WARNING,Cost escalated by 18.1% from original,Up-gradation of Dhoraji-Jamkandorna-Kalavad Section of NH-927D from Design,617906.0,Ministry of Road Transport & Highways,Roads & Highways,Gujarat,56.5
EXPENDITURE_LAG,CRITICAL,Only 0% budget spent but 83% time elapsed,Up-gradation of Dhoraji-Jamkandorna-Kalavad Section of NH-927D from Design,617906.0,Ministry of Road Transport & Highways,Roads & Highways,Gujarat,56.5
PF_GAP,WARNING,Physical-Financial gap of 35.0%,Up-gradation of Dhoraji-Jamkandorna-Kalavad Section of NH-927D from Design,617906.0,Ministry of Road Transport & Highways,Roads & Highways,Gujarat,56.5
MULTI_MONTH_STAGNATION,CRITICAL,No progress improvement over multiple months,Up-gradation of Dhoraji-Jamkandorna-Kalavad Section of NH-927D from Design,617906.0,Ministry of Road Transport & Highways,Roads & Highways,Gujarat,56.5
PF_GAP,WARNING,Physical-Financial gap of 35.0%,Work of 6 laning/Construction of elevated corridor from km 0/0 to 10/170 Narol,617916.0,Ministry of Road Transport & Highways,Roads & Highways,Gujarat,24.7
PF_GAP,WARNING,Physical-Financial gap of 53.0%,Construction of new 4 lane major bridge with approaches on Sabarmati River near,617926.0,Ministry of Road Transport & Highways,Roads & Highways,Gujarat,28.3
PF_GAP,WARNING,Physical-Financial gap of 36.0%,Widening to 2LPS between Km 0/0 to 56/0 Khokhara Gujarat Border Vijayanagar,617927.0,Ministry of Road Transport & Highways,Roads & Highways,Gujarat,24.5
EXPENDITURE_LAG,CRITICAL,Only 0% budget spent but 125% time elapsed,Widening 2 lane to 4-lane from KM 92/320 to Km 115/320 Vav Chokdi-Satlasana to to,617928.0,Ministry of Road Transport & Highways,Roads & Highways,Gujarat,78.1
PF_GAP,WARNING,Physical-Financial gap of 98.0%,Widening 2 lane to 4-lane from KM 92/320 to Km 115/320 Vav Chokdi-Satlasana to to,617928.0,Ministry of Road Transport & Highways,Roads & Highways,Gujarat,78.1
ELEVATED_RISK_ML,WARNING,ML risk score: 78/100,Widening 2 lane to 4-lane from KM 92/320 to Km 115/320 Vav Chokdi-Satlasana to to,617928.0,Ministry of Road Transport & Highways,Roads & Highways,Gujarat,78.1
MULTI_MONTH_STAGNATION,CRITICAL,No progress improvement over multiple months,Widening 2 lane to 4-lane from KM 92/320 to Km 115/320 Vav Chokdi-Satlasana to to,617928.0,Ministry of Road Transport & Highways,Roads & Highways,Gujarat,78.1
EXPENDITURE_LAG,CRITICAL,Only 11% budget spent but 113% time elapsed,Work of development and construction of elevated corridorfrom km 38/660 to km,617976.0,Ministry of Road Transport & Highways,Roads & Highways,Gujarat,51.0
PF_GAP,WARNING,Physical-Financial gap of 79.0%,Work of development and construction of elevated corridorfrom km 38/660 to km,617976.0,Ministry of Road Transport & Highways,Roads & Highways,Gujarat,51.0
COST_ESCALATION,WARNING,Cost escalated by 26.6% from original,Upgradation to two lane with paved Shoulder Configuaration from Km. 0/00 to 47/000,618022.0,Ministry of Road Transport & Highways,Roads & Highways,Gujarat,60.6
EXPENDITURE_LAG,CRITICAL,Only 10% budget spent but 172% time elapsed,Upgradation to two lane with paved Shoulder Configuaration from Km. 0/00 to 47/000,618022.0,Ministry of Road Transport & Highways,Roads & Highways,Gujarat,60.6
PF_GAP,WARNING,Physical-Financial gap of 63.9%,Upgradation to two lane with paved Shoulder Configuaration from Km. 0/00 to 47/000,618022.0,Ministry of Road Transport & Highways,Roads & Highways,Gujarat,60.6
ELEVATED_RISK_ML,WARNING,ML risk score: 61/100,Upgradation to two lane with paved Shoulder Configuaration from Km. 0/00 to 47/000,618022.0,Ministry of Road Transport & Highways,Roads & Highways,Gujarat,60.6
TIME_OVERRUN,WARNING,Delayed by 16 months,Upgradation to two lane with paved Shoulder Configuaration from Km. 0/00 to 47/000,618022.0,Ministry of Road Transport & Highways,Roads & Highways,Gujarat,60.6
EXPENDITURE_LAG,CRITICAL,Only 18% budget spent but 137% time elapsed,Up-gradation and strengthening to 2lanePS from Km 95/500 to km 129/775 of Nh,618108.0,Ministry of Road Transport & Highways,Roads & Highways,Gujarat,54.2
PF_GAP,WARNING,Physical-Financial gap of 47.0%,Up-gradation and strengthening to 2lanePS from Km 95/500 to km 129/775 of Nh,618108.0,Ministry of Road Transport & Highways,Roads & Highways,Gujarat,54.2
TIME_OVERRUN,WARNING,Delayed by 30 months,Delhi-Vadodara Greenfield Alignment NH-148N Pkg-26 Ch.696890 to Ch.726390,618459.0,Ministry of Road Transport & Highways,Roads & Highways,Gujarat,58.5
PF_GAP,WARNING,Physical-Financial gap of 21.1%,Delhi-Vadodara Greenfield Alignment NH-148N Pkg-31 Ch.824920 to Ch.844382,618462.0,Ministry of Road Transport & Highways,Roads & Highways,Gujarat,73.0
ELEVATED_RISK_ML,WARNING,ML risk score: 73/100,Delhi-Vadodara Greenfield Alignment NH-148N Pkg-31 Ch.824920 to Ch.844382,618462.0,Ministry of Road Transport & Highways,Roads & Highways,Gujarat,73.0
TIME_OVERRUN,CRITICAL,Delayed by 39 months,Delhi-Vadodara Greenfield Alignment NH-148N Pkg-31 Ch.824920 to Ch.844382,618462.0,Ministry of Road Transport & Highways,Roads & Highways,Gujarat,73.0
MULTI_MONTH_STAGNATION,CRITICAL,No progress improvement over multiple months,Delhi-Vadodara Greenfield Alignment NH-148N Pkg-31 Ch.824920 to Ch.844382,618462.0,Ministry of Road Transport & Highways,Roads & Highways,Gujarat,73.0
COST_ESCALATION,CRITICAL,Cost escalated by 111.9% from original,Vadodara Mumbai Expressway Kim to Ankleshwar Phase IA - Pkg V,618463.0,Ministry of Road Transport & Highways,Roads & Highways,Gujarat,87.8
PF_GAP,WARNING,Physical-Financial gap of -25.4%,Vadodara Mumbai Expressway Kim to Ankleshwar Phase IA - Pkg V,618463.0,Ministry of Road Transport & Highways,Roads & Highways,Gujarat,87.8
HIGH_RISK_ML,CRITICAL,ML risk score: 88/100,Vadodara Mumbai Expressway Kim to Ankleshwar Phase IA - Pkg V,618463.0,Ministry of Road Transport & Highways,Roads & Highways,Gujarat,87.8
TIME_OVERRUN,CRITICAL,Delayed by 58 months,Vadodara Mumbai Expressway Kim to Ankleshwar Phase IA - Pkg V,618463.0,Ministry of Road Transport & Highways,Roads & Highways,Gujarat,87.8
MULTI_MONTH_STAGNATION,CRITICAL,No progress improvement over multiple months,Vadodara Mumbai Expressway Kim to Ankleshwar Phase IA - Pkg V,618463.0,Ministry of Road Transport & Highways,Roads & Highways,Gujarat,87.8
EXPENDITURE_LAG,CRITICAL,Only 9% budget spent but 161% time elapsed,Vadodara Mumbai Expressway Karvad - Jujuwa from Km. 128.000 to Km. 154.600,618467.0,Ministry of Road Transport & Highways,Roads & Highways,Gujarat,56.9
PROGRESS_STAGNATION,CRITICAL,Only 22% progress with 161% time elapsed,Vadodara Mumbai Expressway Karvad - Jujuwa from Km. 128.000 to Km. 154.600,618467.0,Ministry of Road Transport & Highways,Roads & Highways,Gujarat,56.9
TIME_OVERRUN,WARNING,Delayed by 21 months,Vadodara Mumbai Expressway Karvad - Jujuwa from Km. 128.000 to Km. 154.600,618467.0,Ministry of Road Transport & Highways,Roads & Highways,Gujarat,56.9
MULTI_MONTH_STAGNATION,CRITICAL,No progress improvement over multiple months,Vadodara Mumbai Expressway Karvad - Jujuwa from Km. 128.000 to Km. 154.600,618467.0,Ministry of Road Transport & Highways,Roads & Highways,Gujarat,56.9
ELEVATED_RISK_ML,WARNING,ML risk score: 72/100,Ahmedabad - Dholera Pkg III from km. 48.52 to km. 71.06 [Vejallka Village - Start of,618503.0,Ministry of Road Transport & Highways,Roads & Highways,Gujarat,72.1
TIME_OVERRUN,CRITICAL,Delayed by 37 months,Ahmedabad - Dholera Pkg III from km. 48.52 to km. 71.06 [Vejallka Village - Start of,618503.0,Ministry of Road Transport & Highways,Roads & Highways,Gujarat,72.1
MULTI_MONTH_STAGNATION,CRITICAL,No progress improvement over multiple months,Ahmedabad - Dholera Pkg III from km. 48.52 to km. 71.06 [Vejallka Village - Start of,618503.0,Ministry of Road Transport & Highways,Roads & Highways,Gujarat,72.1
ELEVATED_RISK_ML,WARNING,ML risk score: 71/100,Ahmedabad - Dholera Pkg IV from km. 71.06 to km. 109.019 [Start of DSIR zone -,618504.0,Ministry of Road Transport & Highways,Roads & Highways,Gujarat,71.4
TIME_OVERRUN,WARNING,Delayed by 32 months,Ahmedabad - Dholera Pkg IV from km. 71.06 to km. 109.019 [Start of DSIR zone -,618504.0,Ministry of Road Transport & Highways,Roads & Highways,Gujarat,71.4
MULTI_MONTH_STAGNATION,CRITICAL,No progress improvement over multiple months,Ahmedabad - Dholera Pkg IV from km. 71.06 to km. 109.019 [Start of DSIR zone -,618504.0,Ministry of Road Transport & Highways,Roads & Highways,Gujarat,71.4
PF_GAP,WARNING,Physical-Financial gap of -31.9%,Balance work of Six Laning of Shamlaji-Motachiloda from Km. 401.200 to Km.494.410,618507.0,Ministry of Road Transport & Highways,Roads & Highways,Gujarat,51.8
TIME_OVERRUN,WARNING,Delayed by 14 months,Balance work of Six Laning of Shamlaji-Motachiloda from Km. 401.200 to Km.494.410,618507.0,Ministry of Road Transport & Highways,Roads & Highways,Gujarat,51.8
PF_GAP,WARNING,Physical-Financial gap of 62.7%,6L with PS of Samakhiyali to Santalpur section from km. 339.700 to Km. 430.100 of,618564.0,Ministry of Road Transport & Highways,Roads & Highways,Gujarat,46.2
TIME_OVERRUN,WARNING,Delayed by 15 months,6L with PS of Samakhiyali to Santalpur section from km. 339.700 to Km. 430.100 of,618564.0,Ministry of Road Transport & Highways,Roads & Highways,Gujarat,46.2
ELEVATED_RISK_ML,WARNING,ML risk score: 69/100,Sanchore - Santalpur from km 99.000 - km 130.073 of NH-754K AJ-RGBS-Package-4,618615.0,Ministry of Road Transport & Highways,Roads & Highways,Gujarat,68.9
TIME_OVERRUN,CRITICAL,Delayed by 41 months,Sanchore - Santalpur from km 99.000 - km 130.073 of NH-754K AJ-RGBS-Package-4,618615.0,Ministry of Road Transport & Highways,Roads & Highways,Gujarat,68.9
MULTI_MONTH_STAGNATION,CRITICAL,No progress improvement over multiple months,Sanchore - Santalpur from km 99.000 - km 130.073 of NH-754K AJ-RGBS-Package-4,618615.0,Ministry of Road Transport & Highways,Roads & Highways,Gujarat,68.9
EXPENDITURE_LAG,CRITICAL,Only 33% budget spent but 79% time elapsed,4L of Dhrol bypass section of NH-151A Approx. length 5.7 Km & widening upto 4,618616.0,Ministry of Road Transport & Highways,Roads & Highways,Gujarat,18.2
COST_ESCALATION,WARNING,Cost escalated by 22.9% from original,"Upgradation to 4L PS from Bhimasar, Junction of NH-41 to Anjar- Bhuj upto Airport",618787.0,Ministry of Road Transport & Highways,Roads & Highways,Gujarat,79.2
PF_GAP,WARNING,Physical-Financial gap of 35.0%,"Upgradation to 4L PS from Bhimasar, Junction of NH-41 to Anjar- Bhuj upto Airport",618787.0,Ministry of Road Transport & Highways,Roads & Highways,Gujarat,79.2
ELEVATED_RISK_ML,WARNING,ML risk score: 79/100,"Upgradation to 4L PS from Bhimasar, Junction of NH-41 to Anjar- Bhuj upto Airport",618787.0,Ministry of Road Transport & Highways,Roads & Highways,Gujarat,79.2
TIME_OVERRUN,WARNING,Delayed by 21 months,"Upgradation to 4L PS from Bhimasar, Junction of NH-41 to Anjar- Bhuj upto Airport",618787.0,Ministry of Road Transport & Highways,Roads & Highways,Gujarat,79.2
MULTI_MONTH_STAGNATION,CRITICAL,No progress improvement over multiple months,"Upgradation to 4L PS from Bhimasar, Junction of NH-41 to Anjar- Bhuj upto Airport",618787.0,Ministry of Road Transport & Highways,Roads & Highways,Gujarat,79.2
TIME_OVERRUN,WARNING,Delayed by 20 months,4L PS Divided Carriageway from Patan Near Rajpur to Gojariya From Km 52.000 to,618901.0,Ministry of Road Transport & Highways,Roads & Highways,Gujarat,38.0
PF_GAP,WARNING,Physical-Financial gap of 22.9%,Widening to 6L of Existing 4L Jetpur - Gondal - Rajkot Section from Km. 117.600 to,619087.0,Ministry of Road Transport & Highways,Roads & Highways,Gujarat,40.0
TIME_OVERRUN,WARNING,Delayed by 16 months,Widening to 6L of Existing 4L Jetpur - Gondal - Rajkot Section from Km. 117.600 to,619087.0,Ministry of Road Transport & Highways,Roads & Highways,Gujarat,40.0
COST_ESCALATION,WARNING,Cost escalated by 28.4% from original,Four Laning of Una to Kodinar from km. 180.478 to km. 221.610 Package-V,619145.0,Ministry of Road Transport & Highways,Roads & Highways,Gujarat,78.7
ELEVATED_RISK_ML,WARNING,ML risk score: 79/100,Four Laning of Una to Kodinar from km. 180.478 to km. 221.610 Package-V,619145.0,Ministry of Road Transport & Highways,Roads & Highways,Gujarat,78.7
TIME_OVERRUN,CRITICAL,Delayed by 67 months,Four Laning of Una to Kodinar from km. 180.478 to km. 221.610 Package-V,619145.0,Ministry of Road Transport & Highways,Roads & Highways,Gujarat,78.7
MULTI_MONTH_STAGNATION,CRITICAL,No progress improvement over multiple months,Four Laning of Una to Kodinar from km. 180.478 to km. 221.610 Package-V,619145.0,Ministry of Road Transport & Highways,Roads & Highways,Gujarat,78.7
ELEVATED_RISK_ML,WARNING,ML risk score: 62/100,Delhi-Vadodara Greenfield Alignment NH-148N Pkg-27 Ch.729.700 to Ch.756.052,619197.0,Ministry of Road Transport & Highways,Roads & Highways,Gujarat,62.1
TIME_OVERRUN,WARNING,Delayed by 30 months,Delhi-Vadodara Greenfield Alignment NH-148N Pkg-27 Ch.729.700 to Ch.756.052,619197.0,Ministry of Road Transport & Highways,Roads & Highways,Gujarat,62.1
COST_ESCALATION,WARNING,Cost escalated by 30.2% from original,Delhi-Amritsar-Katra Expressway Phase-I Pkg-I from Jussur Kheri on NH-KMP,618482.0,Ministry of Road Transport & Highways,Roads & Highways,Haryana,78.2
ELEVATED_RISK_ML,WARNING,ML risk score: 78/100,Delhi-Amritsar-Katra Expressway Phase-I Pkg-I from Jussur Kheri on NH-KMP,618482.0,Ministry of Road Transport & Highways,Roads & Highways,Haryana,78.2
TIME_OVERRUN,WARNING,Delayed by 31 months,Delhi-Amritsar-Katra Expressway Phase-I Pkg-I from Jussur Kheri on NH-KMP,618482.0,Ministry of Road Transport & Highways,Roads & Highways,Haryana,78.2
MULTI_MONTH_STAGNATION,CRITICAL,No progress improvement over multiple months,Delhi-Amritsar-Katra Expressway Phase-I Pkg-I from Jussur Kheri on NH-KMP,618482.0,Ministry of Road Transport & Highways,Roads & Highways,Haryana,78.2
COST_ESCALATION,WARNING,Cost escalated by 16.9% from original,Delhi-Amritsar-Katra Expressway Phase-I Pkg-II from Junction with Rohtak-Panipat,618483.0,Ministry of Road Transport & Highways,Roads & Highways,Haryana,77.7
PF_GAP,WARNING,Physical-Financial gap of 23.2%,Delhi-Amritsar-Katra Expressway Phase-I Pkg-II from Junction with Rohtak-Panipat,618483.0,Ministry of Road Transport & Highways,Roads & Highways,Haryana,77.7
ELEVATED_RISK_ML,WARNING,ML risk score: 78/100,Delhi-Amritsar-Katra Expressway Phase-I Pkg-II from Junction with Rohtak-Panipat,618483.0,Ministry of Road Transport & Highways,Roads & Highways,Haryana,77.7
TIME_OVERRUN,WARNING,Delayed by 30 months,Delhi-Amritsar-Katra Expressway Phase-I Pkg-II from Junction with Rohtak-Panipat,618483.0,Ministry of Road Transport & Highways,Roads & Highways,Haryana,77.7
MULTI_MONTH_STAGNATION,CRITICAL,No progress improvement over multiple months,Delhi-Amritsar-Katra Expressway Phase-I Pkg-II from Junction with Rohtak-Panipat,618483.0,Ministry of Road Transport & Highways,Roads & Highways,Haryana,77.7
PF_GAP,WARNING,Physical-Financial gap of 28.6%,"Construction of Additional Structures, Improvement of Service Road & Maintenance of",618506.0,Ministry of Road Transport & Highways,Roads & Highways,Haryana,11.0
COST_ESCALATION,CRITICAL,Cost escalated by 53.5% from original,Gohana - Sonipat PKG-2,618580.0,Ministry of Road Transport & Highways,Roads & Highways,Haryana,81.0
HIGH_RISK_ML,CRITICAL,ML risk score: 81/100,Gohana - Sonipat PKG-2,618580.0,Ministry of Road Transport & Highways,Roads & Highways,Haryana,81.0
TIME_OVERRUN,CRITICAL,Delayed by 48 months,Gohana - Sonipat PKG-2,618580.0,Ministry of Road Transport & Highways,Roads & Highways,Haryana,81.0
MULTI_MONTH_STAGNATION,CRITICAL,No progress improvement over multiple months,Gohana - Sonipat PKG-2,618580.0,Ministry of Road Transport & Highways,Roads & Highways,Haryana,81.0
COST_ESCALATION,WARNING,Cost escalated by 26.6% from original,4L Greenfield Jalbhera Shahbad section from km. 0.000 to km. 22.850 of NH-152G,618788.0,Ministry of Road Transport & Highways,Roads & Highways,Haryana,79.9
PF_GAP,WARNING,Physical-Financial gap of 27.7%,4L Greenfield Jalbhera Shahbad section from km. 0.000 to km. 22.850 of NH-152G,618788.0,Ministry of Road Transport & Highways,Roads & Highways,Haryana,79.9
ELEVATED_RISK_ML,WARNING,ML risk score: 80/100,4L Greenfield Jalbhera Shahbad section from km. 0.000 to km. 22.850 of NH-152G,618788.0,Ministry of Road Transport & Highways,Roads & Highways,Haryana,79.9
TIME_OVERRUN,WARNING,Delayed by 15 months,4L Greenfield Jalbhera Shahbad section from km. 0.000 to km. 22.850 of NH-152G,618788.0,Ministry of Road Transport & Highways,Roads & Highways,Haryana,79.9
MULTI_MONTH_STAGNATION,CRITICAL,No progress improvement over multiple months,4L Greenfield Jalbhera Shahbad section from km. 0.000 to km. 22.850 of NH-152G,618788.0,Ministry of Road Transport & Highways,Roads & Highways,Haryana,79.9
EXPENDITURE_LAG,CRITICAL,Only 40% budget spent but 137% time elapsed,4L Bhiwani-Hansi road section of NH-148B,618792.0,Ministry of Road Transport & Highways,Roads & Highways,Haryana,57.8
PF_GAP,WARNING,Physical-Financial gap of 65.2%,4L Bhiwani-Hansi road section of NH-148B,618792.0,Ministry of Road Transport & Highways,Roads & Highways,Haryana,57.8
MULTI_MONTH_STAGNATION,CRITICAL,No progress improvement over multiple months,4L Bhiwani-Hansi road section of NH-148B,618792.0,Ministry of Road Transport & Highways,Roads & Highways,Haryana,57.8
TIME_OVERRUN,WARNING,Delayed by 25 months,Jagadhari - Tajewala from Km -0.175 to 32.337 km of NH-344,618936.0,Ministry of Road Transport & Highways,Roads & Highways,Haryana,39.8
PF_GAP,WARNING,Physical-Financial gap of 38.5%,4L PS of Ambala Ring Road of New NH-44,619080.0,Ministry of Road Transport & Highways,Roads & Highways,Haryana,68.9
ELEVATED_RISK_ML,WARNING,ML risk score: 69/100,4L PS of Ambala Ring Road of New NH-44,619080.0,Ministry of Road Transport & Highways,Roads & Highways,Haryana,68.9
COST_ESCALATION,CRITICAL,Cost escalated by 61.6% from original,4L of Jind-Gohana road Package-1 from km. 0.00 to km. 40.601 of NH-352 A under,619092.0,Ministry of Road Transport & Highways,Roads & Highways,Haryana,82.2
HIGH_RISK_ML,CRITICAL,ML risk score: 82/100,4L of Jind-Gohana road Package-1 from km. 0.00 to km. 40.601 of NH-352 A under,619092.0,Ministry of Road Transport & Highways,Roads & Highways,Haryana,82.2
TIME_OVERRUN,CRITICAL,Delayed by 48 months,4L of Jind-Gohana road Package-1 from km. 0.00 to km. 40.601 of NH-352 A under,619092.0,Ministry of Road Transport & Highways,Roads & Highways,Haryana,82.2
MULTI_MONTH_STAGNATION,CRITICAL,No progress improvement over multiple months,4L of Jind-Gohana road Package-1 from km. 0.00 to km. 40.601 of NH-352 A under,619092.0,Ministry of Road Transport & Highways,Roads & Highways,Haryana,82.2
ELEVATED_RISK_ML,WARNING,ML risk score: 65/100,4/6L of Gurgaon - Pataudi - Rewari from km. 0.00 to km.43.87 of NH-352W,619132.0,Ministry of Road Transport & Highways,Roads & Highways,Haryana,64.6
TIME_OVERRUN,WARNING,Delayed by 33 months,4/6L of Gurgaon - Pataudi - Rewari from km. 0.00 to km.43.87 of NH-352W,619132.0,Ministry of Road Transport & Highways,Roads & Highways,Haryana,64.6
COST_ESCALATION,WARNING,Cost escalated by 17.2% from original,Karnal ring road Lot-4/Pkg-1,619201.0,Ministry of Road Transport & Highways,Roads & Highways,Haryana,73.4
PF_GAP,WARNING,Physical-Financial gap of 48.7%,Karnal ring road Lot-4/Pkg-1,619201.0,Ministry of Road Transport & Highways,Roads & Highways,Haryana,73.4
ELEVATED_RISK_ML,WARNING,ML risk score: 73/100,Karnal ring road Lot-4/Pkg-1,619201.0,Ministry of Road Transport & Highways,Roads & Highways,Haryana,73.4
TIME_OVERRUN,WARNING,Delayed by 14 months,Karnal ring road Lot-4/Pkg-1,619201.0,Ministry of Road Transport & Highways,Roads & Highways,Haryana,73.4
EXPENDITURE_LAG,CRITICAL,Only 0% budget spent but 75% time elapsed,Improvement/construction of existing CL-5 Road to NH Intermediate lane specification,618215.0,Ministry of Road Transport & Highways,Roads & Highways,Himachal Pradesh,37.4
PF_GAP,WARNING,Physical-Financial gap of 22.3%,Improvement/construction of existing CL-5 Road to NH Intermediate lane specification,618215.0,Ministry of Road Transport & Highways,Roads & Highways,Himachal Pradesh,37.4
MULTI_MONTH_STAGNATION,CRITICAL,No progress improvement over multiple months,Improvement/construction of existing CL-5 Road to NH Intermediate lane specification,618215.0,Ministry of Road Transport & Highways,Roads & Highways,Himachal Pradesh,37.4
EXPENDITURE_LAG,CRITICAL,Only 15% budget spent but 109% time elapsed,Improvement/construction of existing CL-5 Road to NH Intermediate lane specification,618216.0,Ministry of Road Transport & Highways,Roads & Highways,Himachal Pradesh,49.2
PROGRESS_STAGNATION,CRITICAL,Only 23% progress with 109% time elapsed,Improvement/construction of existing CL-5 Road to NH Intermediate lane specification,618216.0,Ministry of Road Transport & Highways,Roads & Highways,Himachal Pradesh,49.2
TIME_OVERRUN,WARNING,Delayed by 15 months,Improvement/construction of existing CL-5 Road to NH Intermediate lane specification,618216.0,Ministry of Road Transport & Highways,Roads & Highways,Himachal Pradesh,49.2
MULTI_MONTH_STAGNATION,CRITICAL,No progress improvement over multiple months,Improvement/construction of existing CL-5 Road to NH Intermediate lane specification,618216.0,Ministry of Road Transport & Highways,Roads & Highways,Himachal Pradesh,49.2
EXPENDITURE_LAG,CRITICAL,Only 38% budget spent but 111% time elapsed,Improvement/construction of existing Class-5 Road to NH Intermediate lane,618217.0,Ministry of Road Transport & Highways,Roads & Highways,Himachal Pradesh,44.5
PF_GAP,WARNING,Physical-Financial gap of 32.6%,Improvement/construction of existing Class-5 Road to NH Intermediate lane,618217.0,Ministry of Road Transport & Highways,Roads & Highways,Himachal Pradesh,44.5
TIME_OVERRUN,WARNING,Delayed by 15 months,Improvement/construction of existing Class-5 Road to NH Intermediate lane,618217.0,Ministry of Road Transport & Highways,Roads & Highways,Himachal Pradesh,44.5
EXPENDITURE_LAG,CRITICAL,Only 0% budget spent but 157% time elapsed,Rehabilitation and Upgradation to 2-lane configuration of Kalwahn-Mandi Section km,618230.0,Ministry of Road Transport & Highways,Roads & Highways,Himachal Pradesh,56.2
PF_GAP,WARNING,Physical-Financial gap of 70.6%,Rehabilitation and Upgradation to 2-lane configuration of Kalwahn-Mandi Section km,618230.0,Ministry of Road Transport & Highways,Roads & Highways,Himachal Pradesh,56.2
TIME_OVERRUN,WARNING,Delayed by 20 months,Rehabilitation and Upgradation to 2-lane configuration of Kalwahn-Mandi Section km,618230.0,Ministry of Road Transport & Highways,Roads & Highways,Himachal Pradesh,56.2
PF_GAP,WARNING,Physical-Financial gap of 40.3%,Rehabilitation and Upgradation to 2-lane configuration of Hamirpur-Karnohal Section,618231.0,Ministry of Road Transport & Highways,Roads & Highways,Himachal Pradesh,47.5
TIME_OVERRUN,WARNING,Delayed by 21 months,Rehabilitation and Upgradation to 2-lane configuration of Hamirpur-Karnohal Section,618231.0,Ministry of Road Transport & Highways,Roads & Highways,Himachal Pradesh,47.5
PF_GAP,WARNING,Physical-Financial gap of 27.1%,Rehabilitation and Upgradation to 2-lane configuration of Karnohal- Kalwahn Section,618232.0,Ministry of Road Transport & Highways,Roads & Highways,Himachal Pradesh,43.5
MULTI_MONTH_STAGNATION,CRITICAL,No progress improvement over multiple months,Construction of missing link from Birhu to Lathiani from Km 35/550 Design chainage,618253.0,Ministry of Road Transport & Highways,Roads & Highways,Himachal Pradesh,23.8
ELEVATED_RISK_ML,WARNING,ML risk score: 73/100,Nerchowk km 190.000 to Pandoh including Pandoh bypass km221.305,618850.0,Ministry of Road Transport & Highways,Roads & Highways,Himachal Pradesh,73.3
TIME_OVERRUN,CRITICAL,Delayed by 73 months,Nerchowk km 190.000 to Pandoh including Pandoh bypass km221.305,618850.0,Ministry of Road Transport & Highways,Roads & Highways,Himachal Pradesh,73.3
MULTI_MONTH_STAGNATION,CRITICAL,No progress improvement over multiple months,Nerchowk km 190.000 to Pandoh including Pandoh bypass km221.305,618850.0,Ministry of Road Transport & Highways,Roads & Highways,Himachal Pradesh,73.3
COST_ESCALATION,WARNING,Cost escalated by 30.6% from original,Pandoh bypass 221.305 to Takoli 242.000 of NH-21 in the state of Himachal Pradesh,618851.0,Ministry of Road Transport & Highways,Roads & Highways,Himachal Pradesh,77.9
ELEVATED_RISK_ML,WARNING,ML risk score: 78/100,Pandoh bypass 221.305 to Takoli 242.000 of NH-21 in the state of Himachal Pradesh,618851.0,Ministry of Road Transport & Highways,Roads & Highways,Himachal Pradesh,77.9
TIME_OVERRUN,CRITICAL,Delayed by 66 months,Pandoh bypass 221.305 to Takoli 242.000 of NH-21 in the state of Himachal Pradesh,618851.0,Ministry of Road Transport & Highways,Roads & Highways,Himachal Pradesh,77.9
MULTI_MONTH_STAGNATION,CRITICAL,No progress improvement over multiple months,Pandoh bypass 221.305 to Takoli 242.000 of NH-21 in the state of Himachal Pradesh,618851.0,Ministry of Road Transport & Highways,Roads & Highways,Himachal Pradesh,77.9
ELEVATED_RISK_ML,WARNING,ML risk score: 63/100,4L Sundar Nagar Bypass from Km.173.900 to Km.179.600 of NH-21,618852.0,Ministry of Road Transport & Highways,Roads & Highways,Himachal Pradesh,62.6
TIME_OVERRUN,WARNING,Delayed by 26 months,4L Sundar Nagar Bypass from Km.173.900 to Km.179.600 of NH-21,618852.0,Ministry of Road Transport & Highways,Roads & Highways,Himachal Pradesh,62.6
MULTI_MONTH_STAGNATION,CRITICAL,No progress improvement over multiple months,4L Sundar Nagar Bypass from Km.173.900 to Km.179.600 of NH-21,618852.0,Ministry of Road Transport & Highways,Roads & Highways,Himachal Pradesh,62.6
PF_GAP,WARNING,Physical-Financial gap of 27.9%,Rehabilitation and Upgradation to 4L configuration & Strengthening of Sihuni to Rajol,618878.0,Ministry of Road Transport & Highways,Roads & Highways,Himachal Pradesh,58.6
PF_GAP,WARNING,Physical-Financial gap of 28.3%,Rehabilitation and Upgradation to 2L PS configuration & Strengthening of Padhar to,618879.0,Ministry of Road Transport & Highways,Roads & Highways,Himachal Pradesh,14.1
TIME_OVERRUN,WARNING,Delayed by 16 months,Rehabilitation and Up-gradation to 4L configuration & Strengthening of Thanpuri to,618880.0,Ministry of Road Transport & Highways,Roads & Highways,Himachal Pradesh,36.8
COST_ESCALATION,WARNING,Cost escalated by 18.5% from original,Rehabilitation and Up-gradation of existing road to 2L PS from End of Hamirpur,618888.0,Ministry of Road Transport & Highways,Roads & Highways,Himachal Pradesh,63.2
ELEVATED_RISK_ML,WARNING,ML risk score: 63/100,Rehabilitation and Up-gradation of existing road to 2L PS from End of Hamirpur,618888.0,Ministry of Road Transport & Highways,Roads & Highways,Himachal Pradesh,63.2
TIME_OVERRUN,WARNING,Delayed by 20 months,Rehabilitation and Up-gradation of existing road to 2L PS from End of Hamirpur,618888.0,Ministry of Road Transport & Highways,Roads & Highways,Himachal Pradesh,63.2
COST_ESCALATION,WARNING,Cost escalated by 38.3% from original,4L of Bhangbar Near Ranital to Kangra Bypass Section of Old NH-88 New NH-,618889.0,Ministry of Road Transport & Highways,Roads & Highways,Himachal Pradesh,78.3
ELEVATED_RISK_ML,WARNING,ML risk score: 78/100,4L of Bhangbar Near Ranital to Kangra Bypass Section of Old NH-88 New NH-,618889.0,Ministry of Road Transport & Highways,Roads & Highways,Himachal Pradesh,78.3
TIME_OVERRUN,WARNING,Delayed by 21 months,4L of Bhangbar Near Ranital to Kangra Bypass Section of Old NH-88 New NH-,618889.0,Ministry of Road Transport & Highways,Roads & Highways,Himachal Pradesh,78.3
MULTI_MONTH_STAGNATION,CRITICAL,No progress improvement over multiple months,4L of Bhangbar Near Ranital to Kangra Bypass Section of Old NH-88 New NH-,618889.0,Ministry of Road Transport & Highways,Roads & Highways,Himachal Pradesh,78.3
PF_GAP,WARNING,Physical-Financial gap of 44.3%,2L PS of Hamirpur Bypass from Km 121.175 to Km.138.295 of NH-103&3,618890.0,Ministry of Road Transport & Highways,Roads & Highways,Himachal Pradesh,66.5
ELEVATED_RISK_ML,WARNING,ML risk score: 66/100,2L PS of Hamirpur Bypass from Km 121.175 to Km.138.295 of NH-103&3,618890.0,Ministry of Road Transport & Highways,Roads & Highways,Himachal Pradesh,66.5
TIME_OVERRUN,WARNING,Delayed by 14 months,2L PS of Hamirpur Bypass from Km 121.175 to Km.138.295 of NH-103&3,618890.0,Ministry of Road Transport & Highways,Roads & Highways,Himachal Pradesh,66.5
COST_ESCALATION,CRITICAL,Cost escalated by 55.5% from original,4L of Kathlighat to Shakral Village from Km 128.835 to Km 146.300 of NH- 5 Shimla,618921.0,Ministry of Road Transport & Highways,Roads & Highways,Himachal Pradesh,68.6
ELEVATED_RISK_ML,WARNING,ML risk score: 69/100,4L of Kathlighat to Shakral Village from Km 128.835 to Km 146.300 of NH- 5 Shimla,618921.0,Ministry of Road Transport & Highways,Roads & Highways,Himachal Pradesh,68.6
TIME_OVERRUN,WARNING,Delayed by 15 months,4L of Kathlighat to Shakral Village from Km 128.835 to Km 146.300 of NH- 5 Shimla,618921.0,Ministry of Road Transport & Highways,Roads & Highways,Himachal Pradesh,68.6
COST_ESCALATION,WARNING,Cost escalated by 47.3% from original,4L of Shakral Village to Dhalli Section from Km 146.300 to Km 156.560 Shimla,618922.0,Ministry of Road Transport & Highways,Roads & Highways,Himachal Pradesh,73.3
ELEVATED_RISK_ML,WARNING,ML risk score: 73/100,4L of Shakral Village to Dhalli Section from Km 146.300 to Km 156.560 Shimla,618922.0,Ministry of Road Transport & Highways,Roads & Highways,Himachal Pradesh,73.3
MULTI_MONTH_STAGNATION,CRITICAL,No progress improvement over multiple months,4L of Shakral Village to Dhalli Section from Km 146.300 to Km 156.560 Shimla,618922.0,Ministry of Road Transport & Highways,Roads & Highways,Himachal Pradesh,73.3
COST_ESCALATION,CRITICAL,Cost escalated by 72.3% from original,Solan - Kaithlighat Section of NH-22 Now NH-5 from Km. 106.139 to Km.129.05,619003.0,Ministry of Road Transport & Highways,Roads & Highways,Himachal Pradesh,92.5
PF_GAP,WARNING,Physical-Financial gap of -62.7%,Solan - Kaithlighat Section of NH-22 Now NH-5 from Km. 106.139 to Km.129.05,619003.0,Ministry of Road Transport & Highways,Roads & Highways,Himachal Pradesh,92.5
HIGH_RISK_ML,CRITICAL,ML risk score: 92/100,Solan - Kaithlighat Section of NH-22 Now NH-5 from Km. 106.139 to Km.129.05,619003.0,Ministry of Road Transport & Highways,Roads & Highways,Himachal Pradesh,92.5
TIME_OVERRUN,CRITICAL,Delayed by 66 months,Solan - Kaithlighat Section of NH-22 Now NH-5 from Km. 106.139 to Km.129.05,619003.0,Ministry of Road Transport & Highways,Roads & Highways,Himachal Pradesh,92.5
MULTI_MONTH_STAGNATION,CRITICAL,No progress improvement over multiple months,Solan - Kaithlighat Section of NH-22 Now NH-5 from Km. 106.139 to Km.129.05,619003.0,Ministry of Road Transport & Highways,Roads & Highways,Himachal Pradesh,92.5
COST_ESCALATION,WARNING,Cost escalated by 36.0% from original,4L of HP/Punjab Border - Mo from km. 11.00 to km. 42.00 of Old NH-20 New NH-154,619153.0,Ministry of Road Transport & Highways,Roads & Highways,Himachal Pradesh,72.3
ELEVATED_RISK_ML,WARNING,ML risk score: 72/100,4L of HP/Punjab Border - Mo from km. 11.00 to km. 42.00 of Old NH-20 New NH-154,619153.0,Ministry of Road Transport & Highways,Roads & Highways,Himachal Pradesh,72.3
TIME_OVERRUN,WARNING,Delayed by 31 months,4L of HP/Punjab Border - Mo from km. 11.00 to km. 42.00 of Old NH-20 New NH-154,619153.0,Ministry of Road Transport & Highways,Roads & Highways,Himachal Pradesh,72.3
MULTI_MONTH_STAGNATION,CRITICAL,No progress improvement over multiple months,Construction of Shopian Bypass on NH-444 taking off from existing chainage Km,618038.0,Ministry of Road Transport & Highways,Roads & Highways,"Jammu and
Kashmir",24.0
EXPENDITURE_LAG,CRITICAL,Only 0% budget spent but 92% time elapsed,Widening and strengthening to 2 lane with paved shoulder from existing Ch. Km,618201.0,Ministry of Road Transport & Highways,Roads & Highways,"Jammu and
Kashmir",45.5
PF_GAP,WARNING,Physical-Financial gap of 51.0%,Widening and strengthening to 2 lane with paved shoulder from existing Ch. Km,618201.0,Ministry of Road Transport & Highways,Roads & Highways,"Jammu and
Kashmir",45.5
EXPENDITURE_LAG,CRITICAL,Only 11% budget spent but 100% time elapsed,Construction of 2 lane with paved shoulders Baramulla Bypass Greenfield bypass,618202.0,Ministry of Road Transport & Highways,Roads & Highways,"Jammu and
Kashmir",49.0
PF_GAP,WARNING,Physical-Financial gap of 35.5%,Construction of 2 lane with paved shoulders Baramulla Bypass Greenfield bypass,618202.0,Ministry of Road Transport & Highways,Roads & Highways,"Jammu and
Kashmir",49.0
EXPENDITURE_LAG,CRITICAL,Only 13% budget spent but 109% time elapsed,Construction of 4 lane with paved shoulder Pattan bypass Greenfield bypass from,618203.0,Ministry of Road Transport & Highways,Roads & Highways,"Jammu and
Kashmir",51.4
PF_GAP,WARNING,Physical-Financial gap of 43.5%,Construction of 4 lane with paved shoulder Pattan bypass Greenfield bypass from,618203.0,Ministry of Road Transport & Highways,Roads & Highways,"Jammu and
Kashmir",51.4
EXPENDITURE_LAG,CRITICAL,Only 26% budget spent but 163% time elapsed,Construction of realignment between Pandrass- Pashkyun Total length 27.10 km,618204.0,Ministry of Road Transport & Highways,Roads & Highways,"Jammu and
Kashmir",56.8
PF_GAP,WARNING,Physical-Financial gap of 28.6%,Construction of realignment between Pandrass- Pashkyun Total length 27.10 km,618204.0,Ministry of Road Transport & Highways,Roads & Highways,"Jammu and
Kashmir",56.8
TIME_OVERRUN,WARNING,Delayed by 25 months,Construction of realignment between Pandrass- Pashkyun Total length 27.10 km,618204.0,Ministry of Road Transport & Highways,Roads & Highways,"Jammu and
Kashmir",56.8
MULTI_MONTH_STAGNATION,CRITICAL,No progress improvement over multiple months,Construction of realignment between Pandrass- Pashkyun Total length 27.10 km,618204.0,Ministry of Road Transport & Highways,Roads & Highways,"Jammu and
Kashmir",56.8
EXPENDITURE_LAG,CRITICAL,Only 36% budget spent but 154% time elapsed,Construction of 4 lane with paved shoulder from Existing Ch. 14200 to 24320 Design,618205.0,Ministry of Road Transport & Highways,Roads & Highways,"Jammu and
Kashmir",52.5
PF_GAP,WARNING,Physical-Financial gap of 49.2%,Construction of 4 lane with paved shoulder from Existing Ch. 14200 to 24320 Design,618205.0,Ministry of Road Transport & Highways,Roads & Highways,"Jammu and
Kashmir",52.5
TIME_OVERRUN,WARNING,Delayed by 16 months,Construction of 4 lane with paved shoulder from Existing Ch. 14200 to 24320 Design,618205.0,Ministry of Road Transport & Highways,Roads & Highways,"Jammu and
Kashmir",52.5
EXPENDITURE_LAG,CRITICAL,Only 11% budget spent but 73% time elapsed,Widening and Strengthening of Rafiabad-Kupwara-Chowkibal-Tangdhar-Chamkot NH-,618206.0,Ministry of Road Transport & Highways,Roads & Highways,"Jammu and
Kashmir",26.6
PF_GAP,WARNING,Physical-Financial gap of 30.3%,Widening and Strengthening of Rafiabad-Kupwara-Chowkibal-Tangdhar-Chamkot NH-,618206.0,Ministry of Road Transport & Highways,Roads & Highways,"Jammu and
Kashmir",26.6
EXPENDITURE_LAG,CRITICAL,Only 0% budget spent but 108% time elapsed,Rehabilitation and upgradation to 2 lane with paved shoulder from existing chainage,618221.0,Ministry of Road Transport & Highways,Roads & Highways,"Jammu and
Kashmir",55.4
PF_GAP,WARNING,Physical-Financial gap of 60.0%,Rehabilitation and upgradation to 2 lane with paved shoulder from existing chainage,618221.0,Ministry of Road Transport & Highways,Roads & Highways,"Jammu and
Kashmir",55.4
EXPENDITURE_LAG,CRITICAL,Only 28% budget spent but 133% time elapsed,Widening and Strengthening up gradation to 2 lane with paved shoulder from existing,618222.0,Ministry of Road Transport & Highways,Roads & Highways,"Jammu and
Kashmir",49.8
PF_GAP,WARNING,Physical-Financial gap of 43.1%,Widening and Strengthening up gradation to 2 lane with paved shoulder from existing,618222.0,Ministry of Road Transport & Highways,Roads & Highways,"Jammu and
Kashmir",49.8
TIME_OVERRUN,WARNING,Delayed by 14 months,Widening and Strengthening up gradation to 2 lane with paved shoulder from existing,618222.0,Ministry of Road Transport & Highways,Roads & Highways,"Jammu and
Kashmir",49.8
PF_GAP,WARNING,Physical-Financial gap of 39.3%,Rehabilitation and up-gradation to 2 lane with paved shoulder from existing chainage,618223.0,Ministry of Road Transport & Highways,Roads & Highways,"Jammu and
Kashmir",50.8
TIME_OVERRUN,CRITICAL,Delayed by 39 months,Rehabilitation and up-gradation to 2 lane with paved shoulder from existing chainage,618223.0,Ministry of Road Transport & Highways,Roads & Highways,"Jammu and
Kashmir",50.8
PF_GAP,WARNING,Physical-Financial gap of 36.8%,Rehabilitation and up-gradation to 2 lane with paved shoulder from existing chainage,618224.0,Ministry of Road Transport & Highways,Roads & Highways,"Jammu and
Kashmir",47.0
TIME_OVERRUN,WARNING,Delayed by 24 months,Rehabilitation and up-gradation to 2 lane with paved shoulder from existing chainage,618224.0,Ministry of Road Transport & Highways,Roads & Highways,"Jammu and
Kashmir",47.0
PF_GAP,WARNING,Physical-Financial gap of 48.2%,Rehabilitation and up-gradation to 2 lane with paved shoulder from existing chainage,618225.0,Ministry of Road Transport & Highways,Roads & Highways,"Jammu and
Kashmir",52.7
TIME_OVERRUN,WARNING,Delayed by 29 months,Rehabilitation and up-gradation to 2 lane with paved shoulder from existing chainage,618225.0,Ministry of Road Transport & Highways,Roads & Highways,"Jammu and
Kashmir",52.7
PF_GAP,WARNING,Physical-Financial gap of 36.5%,Rehabilitation and upgradation to 2 lane with paved shoulder from existing chainage,618226.0,Ministry of Road Transport & Highways,Roads & Highways,"Jammu and
Kashmir",47.5
TIME_OVERRUN,WARNING,Delayed by 25 months,Rehabilitation and upgradation to 2 lane with paved shoulder from existing chainage,618226.0,Ministry of Road Transport & Highways,Roads & Highways,"Jammu and
Kashmir",47.5
TIME_OVERRUN,CRITICAL,Delayed by 54 months,Up-gradation to 2-lane with Paved Shoulder from Km 12.850 to Km20.300 of 7.450Km,618394.0,Ministry of Road Transport & Highways,Roads & Highways,"Jammu and
Kashmir",52.0
MULTI_MONTH_STAGNATION,CRITICAL,No progress improvement over multiple months,Up-gradation to 2-lane with Paved Shoulder from Km 12.850 to Km20.300 of 7.450Km,618394.0,Ministry of Road Transport & Highways,Roads & Highways,"Jammu and
Kashmir",52.0
EXPENDITURE_LAG,CRITICAL,Only 32% budget spent but 338% time elapsed,Construction & Upgradation to 2-lane with paved shoulder from Design Ch. Km 51700,618395.0,Ministry of Road Transport & Highways,Roads & Highways,"Jammu and
Kashmir",57.8
PF_GAP,WARNING,Physical-Financial gap of 21.4%,Construction & Upgradation to 2-lane with paved shoulder from Design Ch. Km 51700,618395.0,Ministry of Road Transport & Highways,Roads & Highways,"Jammu and
Kashmir",57.8
TIME_OVERRUN,CRITICAL,Delayed by 44 months,Construction & Upgradation to 2-lane with paved shoulder from Design Ch. Km 51700,618395.0,Ministry of Road Transport & Highways,Roads & Highways,"Jammu and
Kashmir",57.8
MULTI_MONTH_STAGNATION,CRITICAL,No progress improvement over multiple months,Construction & Upgradation to 2-lane with paved shoulder from Design Ch. Km 51700,618395.0,Ministry of Road Transport & Highways,Roads & Highways,"Jammu and
Kashmir",57.8
TIME_OVERRUN,CRITICAL,Delayed by 61 months,Widening and Up-gradation to 2-Lane with Paved Shoulder of configuration and,618397.0,Ministry of Road Transport & Highways,Roads & Highways,"Jammu and
Kashmir",39.5
TIME_OVERRUN,CRITICAL,Delayed by 50 months,Up-gradation to 2-lane with Paved Shoulder from Km 20.300 to Km 29.030 of 8.730,618398.0,Ministry of Road Transport & Highways,Roads & Highways,"Jammu and
Kashmir",49.9
MULTI_MONTH_STAGNATION,CRITICAL,No progress improvement over multiple months,Up-gradation to 2-lane with Paved Shoulder from Km 20.300 to Km 29.030 of 8.730,618398.0,Ministry of Road Transport & Highways,Roads & Highways,"Jammu and
Kashmir",49.9
TIME_OVERRUN,CRITICAL,Delayed by 46 months,Construction of Kishtwar bypass with 2 lane with paved shoulder from Design Km.,618399.0,Ministry of Road Transport & Highways,Roads & Highways,"Jammu and
Kashmir",53.8
MULTI_MONTH_STAGNATION,CRITICAL,No progress improvement over multiple months,Construction of Kishtwar bypass with 2 lane with paved shoulder from Design Km.,618399.0,Ministry of Road Transport & Highways,Roads & Highways,"Jammu and
Kashmir",53.8
EXPENDITURE_LAG,CRITICAL,Only 30% budget spent but 364% time elapsed,Construction & Upgradation to 2-lane with paved shoulder from Design Km 67.805 at,618400.0,Ministry of Road Transport & Highways,Roads & Highways,"Jammu and
Kashmir",63.4
PF_GAP,WARNING,Physical-Financial gap of 68.4%,Construction & Upgradation to 2-lane with paved shoulder from Design Km 67.805 at,618400.0,Ministry of Road Transport & Highways,Roads & Highways,"Jammu and
Kashmir",63.4
ELEVATED_RISK_ML,WARNING,ML risk score: 63/100,Construction & Upgradation to 2-lane with paved shoulder from Design Km 67.805 at,618400.0,Ministry of Road Transport & Highways,Roads & Highways,"Jammu and
Kashmir",63.4
TIME_OVERRUN,WARNING,Delayed by 32 months,Construction & Upgradation to 2-lane with paved shoulder from Design Km 67.805 at,618400.0,Ministry of Road Transport & Highways,Roads & Highways,"Jammu and
Kashmir",63.4
MULTI_MONTH_STAGNATION,CRITICAL,No progress improvement over multiple months,Construction & Upgradation to 2-lane with paved shoulder from Design Km 67.805 at,618400.0,Ministry of Road Transport & Highways,Roads & Highways,"Jammu and
Kashmir",63.4
PF_GAP,WARNING,Physical-Financial gap of -31.0%,Up-gradation to 4-lane with Paved Shoulder of Jammu-Akhnoor road section of NH-,618406.0,Ministry of Road Transport & Highways,Roads & Highways,"Jammu and
Kashmir",46.4
TIME_OVERRUN,CRITICAL,Delayed by 64 months,Up-gradation to 4-lane with Paved Shoulder of Jammu-Akhnoor road section of NH-,618406.0,Ministry of Road Transport & Highways,Roads & Highways,"Jammu and
Kashmir",46.4
PF_GAP,WARNING,Physical-Financial gap of 28.3%,Jammu-Akhnoor Road Pkg-I,618407.0,Ministry of Road Transport & Highways,Roads & Highways,"Jammu and
Kashmir",48.4
TIME_OVERRUN,WARNING,Delayed by 21 months,Jammu-Akhnoor Road Pkg-I,618407.0,Ministry of Road Transport & Highways,Roads & Highways,"Jammu and
Kashmir",48.4
COST_ESCALATION,WARNING,Cost escalated by 36.9% from original,Delhi-Amritsar-Katra Expressway Phase-II Pkg-XV [Junction with Hiranagar Road,618494.0,Ministry of Road Transport & Highways,Roads & Highways,"Jammu and
Kashmir",73.7
PF_GAP,WARNING,Physical-Financial gap of 22.0%,Delhi-Amritsar-Katra Expressway Phase-II Pkg-XV [Junction with Hiranagar Road,618494.0,Ministry of Road Transport & Highways,Roads & Highways,"Jammu and
Kashmir",73.7
ELEVATED_RISK_ML,WARNING,ML risk score: 74/100,Delhi-Amritsar-Katra Expressway Phase-II Pkg-XV [Junction with Hiranagar Road,618494.0,Ministry of Road Transport & Highways,Roads & Highways,"Jammu and
Kashmir",73.7
TIME_OVERRUN,WARNING,Delayed by 27 months,Delhi-Amritsar-Katra Expressway Phase-II Pkg-XV [Junction with Hiranagar Road,618494.0,Ministry of Road Transport & Highways,Roads & Highways,"Jammu and
Kashmir",73.7
EXPENDITURE_LAG,CRITICAL,Only 35% budget spent but 163% time elapsed,4/6L Access Control Expressway from Design Chainage Km 515.000 to 528.300,618495.0,Ministry of Road Transport & Highways,Roads & Highways,"Jammu and
Kashmir",50.8
PF_GAP,WARNING,Physical-Financial gap of 31.6%,4/6L Access Control Expressway from Design Chainage Km 515.000 to 528.300,618495.0,Ministry of Road Transport & Highways,Roads & Highways,"Jammu and
Kashmir",50.8
TIME_OVERRUN,WARNING,Delayed by 29 months,4/6L Access Control Expressway from Design Chainage Km 515.000 to 528.300,618495.0,Ministry of Road Transport & Highways,Roads & Highways,"Jammu and
Kashmir",50.8
COST_ESCALATION,WARNING,Cost escalated by 38.5% from original,Delhi-Amritsar-Katra Expressway Phase-II Pkg-XVI Existing Jakh Vijaypur-Kunjwani,618496.0,Ministry of Road Transport & Highways,Roads & Highways,"Jammu and
Kashmir",83.0
PF_GAP,WARNING,Physical-Financial gap of 26.1%,Delhi-Amritsar-Katra Expressway Phase-II Pkg-XVI Existing Jakh Vijaypur-Kunjwani,618496.0,Ministry of Road Transport & Highways,Roads & Highways,"Jammu and
Kashmir",83.0
HIGH_RISK_ML,CRITICAL,ML risk score: 83/100,Delhi-Amritsar-Katra Expressway Phase-II Pkg-XVI Existing Jakh Vijaypur-Kunjwani,618496.0,Ministry of Road Transport & Highways,Roads & Highways,"Jammu and
Kashmir",83.0
TIME_OVERRUN,WARNING,Delayed by 24 months,Delhi-Amritsar-Katra Expressway Phase-II Pkg-XVI Existing Jakh Vijaypur-Kunjwani,618496.0,Ministry of Road Transport & Highways,Roads & Highways,"Jammu and
Kashmir",83.0
MULTI_MONTH_STAGNATION,CRITICAL,No progress improvement over multiple months,Delhi-Amritsar-Katra Expressway Phase-II Pkg-XVI Existing Jakh Vijaypur-Kunjwani,618496.0,Ministry of Road Transport & Highways,Roads & Highways,"Jammu and
Kashmir",83.0
TIME_OVERRUN,WARNING,Delayed by 19 months,Delhi Amritsar Katra Expressway Phase-II Pkg XVIII Development and Upgradation of,618497.0,Ministry of Road Transport & Highways,Roads & Highways,"Jammu and
Kashmir",37.8
PF_GAP,WARNING,Physical-Financial gap of 26.2%,4L Ring road/bypass around Srinagar city from km 0.000 to km 42.100 Phase-I,618541.0,Ministry of Road Transport & Highways,Roads & Highways,"Jammu and
Kashmir",48.7
TIME_OVERRUN,WARNING,Delayed by 32 months,4L Ring road/bypass around Srinagar city from km 0.000 to km 42.100 Phase-I,618541.0,Ministry of Road Transport & Highways,Roads & Highways,"Jammu and
Kashmir",48.7
PF_GAP,WARNING,Physical-Financial gap of -32.0%,4L of existing Wayul Ganderbal Pandach Soura section of old NH-1 as a part of,618542.0,Ministry of Road Transport & Highways,Roads & Highways,"Jammu and
Kashmir",16.8
MULTI_MONTH_STAGNATION,CRITICAL,No progress improvement over multiple months,4L of existing Wayul Ganderbal Pandach Soura section of old NH-1 as a part of,618542.0,Ministry of Road Transport & Highways,Roads & Highways,"Jammu and
Kashmir",16.8
EXPENDITURE_LAG,CRITICAL,Only 39% budget spent but 136% time elapsed,4L of twin tube tunnel configuration including approaches from Marog to Digdol from,618543.0,Ministry of Road Transport & Highways,Roads & Highways,"Jammu and
Kashmir",43.0
TIME_OVERRUN,WARNING,Delayed by 28 months,4L of twin tube tunnel configuration including approaches from Marog to Digdol from,618543.0,Ministry of Road Transport & Highways,Roads & Highways,"Jammu and
Kashmir",43.0
TIME_OVERRUN,WARNING,Delayed by 27 months,4L twin tube tunnel including approaches from Digdol to Khuni Nallah North Bound,618544.0,Ministry of Road Transport & Highways,Roads & Highways,"Jammu and
Kashmir",46.0
MULTI_MONTH_STAGNATION,CRITICAL,No progress improvement over multiple months,4L twin tube tunnel including approaches from Digdol to Khuni Nallah North Bound,618544.0,Ministry of Road Transport & Highways,Roads & Highways,"Jammu and
Kashmir",46.0
TIME_OVERRUN,WARNING,Delayed by 34 months,4L of Km.165.092 to Km.171.855 North Bound and from Km.166.895 to Km.173.638,618545.0,Ministry of Road Transport & Highways,Roads & Highways,"Jammu and
Kashmir",49.0
MULTI_MONTH_STAGNATION,CRITICAL,No progress improvement over multiple months,4L of Km.165.092 to Km.171.855 North Bound and from Km.166.895 to Km.173.638,618545.0,Ministry of Road Transport & Highways,Roads & Highways,"Jammu and
Kashmir",49.0
COST_ESCALATION,CRITICAL,Cost escalated by 201.5% from original,Construction of twin tube tunnels on Jammu Kashmir Ring Road NH-244A Between,618549.0,Ministry of Road Transport & Highways,Roads & Highways,"Jammu and
Kashmir",86.2
PF_GAP,WARNING,Physical-Financial gap of -195.3%,Construction of twin tube tunnels on Jammu Kashmir Ring Road NH-244A Between,618549.0,Ministry of Road Transport & Highways,Roads & Highways,"Jammu and
Kashmir",86.2
HIGH_RISK_ML,CRITICAL,ML risk score: 86/100,Construction of twin tube tunnels on Jammu Kashmir Ring Road NH-244A Between,618549.0,Ministry of Road Transport & Highways,Roads & Highways,"Jammu and
Kashmir",86.2
TIME_OVERRUN,WARNING,Delayed by 18 months,Construction of twin tube tunnels on Jammu Kashmir Ring Road NH-244A Between,618549.0,Ministry of Road Transport & Highways,Roads & Highways,"Jammu and
Kashmir",86.2
MULTI_MONTH_STAGNATION,CRITICAL,No progress improvement over multiple months,Construction of twin tube tunnels on Jammu Kashmir Ring Road NH-244A Between,618549.0,Ministry of Road Transport & Highways,Roads & Highways,"Jammu and
Kashmir",86.2
PF_GAP,WARNING,Physical-Financial gap of 50.8%,Corridor Efficiency Improvement including removal of black spots in Lakhanpur -,618550.0,Ministry of Road Transport & Highways,Roads & Highways,"Jammu and
Kashmir",59.3
TIME_OVERRUN,WARNING,Delayed by 30 months,Corridor Efficiency Improvement including removal of black spots in Lakhanpur -,618550.0,Ministry of Road Transport & Highways,Roads & Highways,"Jammu and
Kashmir",59.3
MULTI_MONTH_STAGNATION,CRITICAL,No progress improvement over multiple months,Corridor Efficiency Improvement including removal of black spots in Lakhanpur -,618550.0,Ministry of Road Transport & Highways,Roads & Highways,"Jammu and
Kashmir",59.3
PF_GAP,WARNING,Physical-Financial gap of 45.5%,Construction/upgradation to 2-lane with paved shoulder from Design Km 95.55,619038.0,Ministry of Road Transport & Highways,Roads & Highways,"Jammu and
Kashmir",61.2
ELEVATED_RISK_ML,WARNING,ML risk score: 61/100,Construction/upgradation to 2-lane with paved shoulder from Design Km 95.55,619038.0,Ministry of Road Transport & Highways,Roads & Highways,"Jammu and
Kashmir",61.2
TIME_OVERRUN,CRITICAL,Delayed by 37 months,Construction/upgradation to 2-lane with paved shoulder from Design Km 95.55,619038.0,Ministry of Road Transport & Highways,Roads & Highways,"Jammu and
Kashmir",61.2
MULTI_MONTH_STAGNATION,CRITICAL,No progress improvement over multiple months,Construction/upgradation to 2-lane with paved shoulder from Design Km 95.55,619038.0,Ministry of Road Transport & Highways,Roads & Highways,"Jammu and
Kashmir",61.2
PF_GAP,WARNING,Physical-Financial gap of 37.6%,Widening and Strengthening of existing paveemnt to two lane with paved shoulders,618060.0,Ministry of Road Transport & Highways,Roads & Highways,Jharkhand,50.3
TIME_OVERRUN,WARNING,Delayed by 27 months,Widening and Strengthening of existing paveemnt to two lane with paved shoulders,618060.0,Ministry of Road Transport & Highways,Roads & Highways,Jharkhand,50.3
EXPENDITURE_LAG,CRITICAL,Only 1% budget spent but 133% time elapsed,Construction of byepass around Lohardaga town of NH-143A in the Sate of Jharkhand,618083.0,Ministry of Road Transport & Highways,Roads & Highways,Jharkhand,47.7
PROGRESS_STAGNATION,CRITICAL,Only 5% progress with 133% time elapsed,Construction of byepass around Lohardaga town of NH-143A in the Sate of Jharkhand,618083.0,Ministry of Road Transport & Highways,Roads & Highways,Jharkhand,47.7
PF_GAP,WARNING,Physical-Financial gap of 29.1%,Widening to 2-lane with paved shoulder from km 0.00 to 44.00 Kuru-Ghaghra section,618084.0,Ministry of Road Transport & Highways,Roads & Highways,Jharkhand,46.8
TIME_OVERRUN,CRITICAL,Delayed by 38 months,Widening to 2-lane with paved shoulder from km 0.00 to 44.00 Kuru-Ghaghra section,618084.0,Ministry of Road Transport & Highways,Roads & Highways,Jharkhand,46.8
EXPENDITURE_LAG,CRITICAL,Only 31% budget spent but 133% time elapsed,Widening and Reconstruction to 4-lane/4-lane with service road including structures,618242.0,Ministry of Road Transport & Highways,Roads & Highways,Jharkhand,46.2
PF_GAP,WARNING,Physical-Financial gap of 23.2%,Widening and Reconstruction to 4-lane/4-lane with service road including structures,618242.0,Ministry of Road Transport & Highways,Roads & Highways,Jharkhand,46.2
MULTI_MONTH_STAGNATION,CRITICAL,No progress improvement over multiple months,Construction of Six lane elevated flyover including reconstruction/rehabilitation of,618534.0,Ministry of Road Transport & Highways,Roads & Highways,Jharkhand,23.4
MULTI_MONTH_STAGNATION,CRITICAL,No progress improvement over multiple months,Construction of Six lane elevated flyover including reconstruction/rehabilitation of,618535.0,Ministry of Road Transport & Highways,Roads & Highways,Jharkhand,20.2
PF_GAP,WARNING,Physical-Financial gap of 27.1%,4L of Palma to Gumla from km. 26.00 to km. 89.170 of NH-23,618642.0,Ministry of Road Transport & Highways,Roads & Highways,Jharkhand,71.7
ELEVATED_RISK_ML,WARNING,ML risk score: 72/100,4L of Palma to Gumla from km. 26.00 to km. 89.170 of NH-23,618642.0,Ministry of Road Transport & Highways,Roads & Highways,Jharkhand,71.7
TIME_OVERRUN,WARNING,Delayed by 30 months,4L of Palma to Gumla from km. 26.00 to km. 89.170 of NH-23,618642.0,Ministry of Road Transport & Highways,Roads & Highways,Jharkhand,71.7
MULTI_MONTH_STAGNATION,CRITICAL,No progress improvement over multiple months,4L of Palma to Gumla from km. 26.00 to km. 89.170 of NH-23,618642.0,Ministry of Road Transport & Highways,Roads & Highways,Jharkhand,71.7
COST_ESCALATION,WARNING,Cost escalated by 20.4% from original,4L of Ormanjhi-Gola section from Km 81.450 to Km 53.600 of NH- 320BPKG-II,618644.0,Ministry of Road Transport & Highways,Roads & Highways,Jharkhand,70.4
ELEVATED_RISK_ML,WARNING,ML risk score: 70/100,4L of Ormanjhi-Gola section from Km 81.450 to Km 53.600 of NH- 320BPKG-II,618644.0,Ministry of Road Transport & Highways,Roads & Highways,Jharkhand,70.4
TIME_OVERRUN,WARNING,Delayed by 18 months,4L of Ormanjhi-Gola section from Km 81.450 to Km 53.600 of NH- 320BPKG-II,618644.0,Ministry of Road Transport & Highways,Roads & Highways,Jharkhand,70.4
MULTI_MONTH_STAGNATION,CRITICAL,No progress improvement over multiple months,4L of Ormanjhi-Gola section from Km 81.450 to Km 53.600 of NH- 320BPKG-II,618644.0,Ministry of Road Transport & Highways,Roads & Highways,Jharkhand,70.4
ELEVATED_RISK_ML,WARNING,ML risk score: 70/100,4L of Gola-BokaroJaina More section from Km 53.600 to Km 21.110 of NH-320PKG-1,618645.0,Ministry of Road Transport & Highways,Roads & Highways,Jharkhand,70.0
TIME_OVERRUN,WARNING,Delayed by 16 months,4L of Gola-BokaroJaina More section from Km 53.600 to Km 21.110 of NH-320PKG-1,618645.0,Ministry of Road Transport & Highways,Roads & Highways,Jharkhand,70.0
MULTI_MONTH_STAGNATION,CRITICAL,No progress improvement over multiple months,4L of Gola-BokaroJaina More section from Km 53.600 to Km 21.110 of NH-320PKG-1,618645.0,Ministry of Road Transport & Highways,Roads & Highways,Jharkhand,70.0
EXPENDITURE_LAG,CRITICAL,Only 40% budget spent but 80% time elapsed,4L Elevated corridor of Kalimandir-Dimna Chowk-Baliguma Jamshedpur Section of,618736.0,Ministry of Road Transport & Highways,Roads & Highways,Jharkhand,19.2
MULTI_MONTH_STAGNATION,CRITICAL,No progress improvement over multiple months,Grade separated Interchanges at Km. 113.730 junction with Ranchi Hazaribagh Road,618737.0,Ministry of Road Transport & Highways,Roads & Highways,Jharkhand,8.5
ELEVATED_RISK_ML,WARNING,ML risk score: 66/100,4L from Km 147.450 Bhogu to Km 196.870 Sankha on NH-75 Sec-III,618830.0,Ministry of Road Transport & Highways,Roads & Highways,Jharkhand,65.7
TIME_OVERRUN,WARNING,Delayed by 16 months,4L from Km 147.450 Bhogu to Km 196.870 Sankha on NH-75 Sec-III,618830.0,Ministry of Road Transport & Highways,Roads & Highways,Jharkhand,65.7
MULTI_MONTH_STAGNATION,CRITICAL,No progress improvement over multiple months,4L from Km 147.450 Bhogu to Km 196.870 Sankha on NH-75 Sec-III,618830.0,Ministry of Road Transport & Highways,Roads & Highways,Jharkhand,65.7
EXPENDITURE_LAG,CRITICAL,Only 32% budget spent but 96% time elapsed,4L from Km 95.400 Udaipura to Km 147.450 Bhogu on NH-75 Sec-II,618831.0,Ministry of Road Transport & Highways,Roads & Highways,Jharkhand,38.8
PROGRESS_STAGNATION,CRITICAL,Only 29% progress with 96% time elapsed,4L from Km 95.400 Udaipura to Km 147.450 Bhogu on NH-75 Sec-II,618831.0,Ministry of Road Transport & Highways,Roads & Highways,Jharkhand,38.8
COST_ESCALATION,WARNING,Cost escalated by 24.8% from original,Barhi-Koderma Section of NH31 km 0.00 - km 27.5,618863.0,Ministry of Road Transport & Highways,Roads & Highways,Jharkhand,71.2
PF_GAP,WARNING,Physical-Financial gap of -26.1%,Barhi-Koderma Section of NH31 km 0.00 - km 27.5,618863.0,Ministry of Road Transport & Highways,Roads & Highways,Jharkhand,71.2
ELEVATED_RISK_ML,WARNING,ML risk score: 71/100,Barhi-Koderma Section of NH31 km 0.00 - km 27.5,618863.0,Ministry of Road Transport & Highways,Roads & Highways,Jharkhand,71.2
TIME_OVERRUN,WARNING,Delayed by 24 months,Barhi-Koderma Section of NH31 km 0.00 - km 27.5,618863.0,Ministry of Road Transport & Highways,Roads & Highways,Jharkhand,71.2
MULTI_MONTH_STAGNATION,CRITICAL,No progress improvement over multiple months,Barhi-Koderma Section of NH31 km 0.00 - km 27.5,618863.0,Ministry of Road Transport & Highways,Roads & Highways,Jharkhand,71.2
PF_GAP,WARNING,Physical-Financial gap of 22.8%,4L of NH-80 from km 215.00 to km 260.00 Mirza Chauki to Farkka Pkg-I,618947.0,Ministry of Road Transport & Highways,Roads & Highways,Jharkhand,73.6
ELEVATED_RISK_ML,WARNING,ML risk score: 74/100,4L of NH-80 from km 215.00 to km 260.00 Mirza Chauki to Farkka Pkg-I,618947.0,Ministry of Road Transport & Highways,Roads & Highways,Jharkhand,73.6
TIME_OVERRUN,CRITICAL,Delayed by 39 months,4L of NH-80 from km 215.00 to km 260.00 Mirza Chauki to Farkka Pkg-I,618947.0,Ministry of Road Transport & Highways,Roads & Highways,Jharkhand,73.6
MULTI_MONTH_STAGNATION,CRITICAL,No progress improvement over multiple months,4L of NH-80 from km 215.00 to km 260.00 Mirza Chauki to Farkka Pkg-I,618947.0,Ministry of Road Transport & Highways,Roads & Highways,Jharkhand,73.6
PF_GAP,WARNING,Physical-Financial gap of 36.4%,4L of Basukinath- Deoghar Section of NH-114A,618949.0,Ministry of Road Transport & Highways,Roads & Highways,Jharkhand,55.3
COST_ESCALATION,WARNING,Cost escalated by 17.3% from original,"Construction of Elevated corridor from Km. 135.650 to 136.300 on 63, from Km. 249 to",617935.0,Ministry of Road Transport & Highways,Roads & Highways,Karnataka,65.3
ELEVATED_RISK_ML,WARNING,ML risk score: 65/100,"Construction of Elevated corridor from Km. 135.650 to 136.300 on 63, from Km. 249 to",617935.0,Ministry of Road Transport & Highways,Roads & Highways,Karnataka,65.3
TIME_OVERRUN,WARNING,Delayed by 29 months,"Construction of Elevated corridor from Km. 135.650 to 136.300 on 63, from Km. 249 to",617935.0,Ministry of Road Transport & Highways,Roads & Highways,Karnataka,65.3
EXPENDITURE_LAG,CRITICAL,Only 5% budget spent but 78% time elapsed,Construction of Srinivasapura Bypass from existing Km 453.890 Design Ch. 0000,617950.0,Ministry of Road Transport & Highways,Roads & Highways,Karnataka,26.7
PF_GAP,WARNING,Physical-Financial gap of 41.5%,Widening to two lane with paved Shoulders from Km 40.00 to Km 75.00 Existing,617955.0,Ministry of Road Transport & Highways,Roads & Highways,Karnataka,49.6
TIME_OVERRUN,WARNING,Delayed by 21 months,Widening to two lane with paved Shoulders from Km 40.00 to Km 75.00 Existing,617955.0,Ministry of Road Transport & Highways,Roads & Highways,Karnataka,49.6
COST_ESCALATION,WARNING,Cost escalated by 19.3% from original,Construction of Major Bridge at Km.180.865 across river Krishna on NH 167 Hagari,617989.0,Ministry of Road Transport & Highways,Roads & Highways,Karnataka,66.4
ELEVATED_RISK_ML,WARNING,ML risk score: 66/100,Construction of Major Bridge at Km.180.865 across river Krishna on NH 167 Hagari,617989.0,Ministry of Road Transport & Highways,Roads & Highways,Karnataka,66.4
TIME_OVERRUN,CRITICAL,Delayed by 65 months,Construction of Major Bridge at Km.180.865 across river Krishna on NH 167 Hagari,617989.0,Ministry of Road Transport & Highways,Roads & Highways,Karnataka,66.4
MULTI_MONTH_STAGNATION,CRITICAL,No progress improvement over multiple months,Widening of existing 2 lane to 4 lane with paved shoulder from Designed km 25.15 to,617997.0,Ministry of Road Transport & Highways,Roads & Highways,Karnataka,22.0
TIME_OVERRUN,WARNING,Delayed by 21 months,Widening to existing 2 lane with paved Shoulder to 4 Lane with paved shoulder from,617998.0,Ministry of Road Transport & Highways,Roads & Highways,Karnataka,42.0
EXPENDITURE_LAG,CRITICAL,Only 19% budget spent but 121% time elapsed,Widening to 2LPS from Km 67 to Km 115 on Kadur-Hosadurga section NH 173 in the,617999.0,Ministry of Road Transport & Highways,Roads & Highways,Karnataka,52.1
PF_GAP,WARNING,Physical-Financial gap of 50.1%,Widening to 2LPS from Km 67 to Km 115 on Kadur-Hosadurga section NH 173 in the,617999.0,Ministry of Road Transport & Highways,Roads & Highways,Karnataka,52.1
PF_GAP,WARNING,Physical-Financial gap of 34.6%,Widening to 2-Lane with Paved Shoulders from Km 116.800 to 149.070Design,618000.0,Ministry of Road Transport & Highways,Roads & Highways,Karnataka,48.9
TIME_OVERRUN,WARNING,Delayed by 28 months,Widening to 2-Lane with Paved Shoulders from Km 116.800 to 149.070Design,618000.0,Ministry of Road Transport & Highways,Roads & Highways,Karnataka,48.9
PF_GAP,WARNING,Physical-Financial gap of 45.5%,Widening to 2LPS from Km 71.00 to 104.00 Existing chainages Sarjapur to,618027.0,Ministry of Road Transport & Highways,Roads & Highways,Karnataka,46.0
PF_GAP,WARNING,Physical-Financial gap of 25.4%,Widening to 4 lane from Km. 133.00 to 158.04 design Chainage Km. 130.88 to,618029.0,Ministry of Road Transport & Highways,Roads & Highways,Karnataka,43.8
TIME_OVERRUN,WARNING,Delayed by 26 months,Widening to 4 lane from Km. 133.00 to 158.04 design Chainage Km. 130.88 to,618029.0,Ministry of Road Transport & Highways,Roads & Highways,Karnataka,43.8
EXPENDITURE_LAG,CRITICAL,Only 24% budget spent but 119% time elapsed,Balance work of Construction of Two/Four lane with paved shoulder from Km 422.000,618031.0,Ministry of Road Transport & Highways,Roads & Highways,Karnataka,50.3
PF_GAP,WARNING,Physical-Financial gap of 74.4%,Balance work of Construction of Two/Four lane with paved shoulder from Km 422.000,618031.0,Ministry of Road Transport & Highways,Roads & Highways,Karnataka,50.3
EXPENDITURE_LAG,CRITICAL,Only 1% budget spent but 78% time elapsed,"Widening to Two Lane with Paved Shoulders from KB Cross to Chunchanahalli ie.,",618086.0,Ministry of Road Transport & Highways,Roads & Highways,Karnataka,31.6
PF_GAP,WARNING,Physical-Financial gap of 47.2%,"Widening to Two Lane with Paved Shoulders from KB Cross to Chunchanahalli ie.,",618086.0,Ministry of Road Transport & Highways,Roads & Highways,Karnataka,31.6
PF_GAP,WARNING,Physical-Financial gap of 23.6%,Widening to intermediate/two lane to 2 lane with paved shoulder from Existing,618087.0,Ministry of Road Transport & Highways,Roads & Highways,Karnataka,45.5
TIME_OVERRUN,WARNING,Delayed by 25 months,Widening to intermediate/two lane to 2 lane with paved shoulder from Existing,618087.0,Ministry of Road Transport & Highways,Roads & Highways,Karnataka,45.5
EXPENDITURE_LAG,CRITICAL,Only 37% budget spent but 134% time elapsed,Widening to Two Lane with Paved Shoulders from Km 0.00 Design Chainage 0.00 to,618095.0,Ministry of Road Transport & Highways,Roads & Highways,Karnataka,41.5
PF_GAP,WARNING,Physical-Financial gap of 37.8%,Widening to Two Lane with Paved Shoulders from Km 0.00 Design Chainage 0.00 to,618095.0,Ministry of Road Transport & Highways,Roads & Highways,Karnataka,41.5
PF_GAP,WARNING,Physical-Financial gap of 27.2%,Widening to 4 lane from Km 51.60 to 76.20 Hebri to Parkala and from Km 85.20 to,618109.0,Ministry of Road Transport & Highways,Roads & Highways,Karnataka,45.2
TIME_OVERRUN,WARNING,Delayed by 23 months,Widening to 4 lane from Km 51.60 to 76.20 Hebri to Parkala and from Km 85.20 to,618109.0,Ministry of Road Transport & Highways,Roads & Highways,Karnataka,45.2
EXPENDITURE_LAG,CRITICAL,Only 28% budget spent but 166% time elapsed,Widening to 2 Lane with Paved Shoulders from design Km 103.200 Existing Km,618147.0,Ministry of Road Transport & Highways,Roads & Highways,Karnataka,50.4
PF_GAP,WARNING,Physical-Financial gap of 37.0%,Widening to 2 Lane with Paved Shoulders from design Km 103.200 Existing Km,618147.0,Ministry of Road Transport & Highways,Roads & Highways,Karnataka,50.4
MULTI_MONTH_STAGNATION,CRITICAL,No progress improvement over multiple months,Widening to 4LPS of NH-548B from Km 80.000 Near Murgundi to Km 140.200 Near,618148.0,Ministry of Road Transport & Highways,Roads & Highways,Karnataka,23.2
EXPENDITURE_LAG,CRITICAL,Only 30% budget spent but 83% time elapsed,Widening to two lane with paved shoulders from Km 0.00 to 102.310 Design Chainage,618149.0,Ministry of Road Transport & Highways,Roads & Highways,Karnataka,24.5
PF_GAP,WARNING,Physical-Financial gap of 30.1%,Widening to two lane with paved shoulders from Km 0.00 to 102.310 Design Chainage,618149.0,Ministry of Road Transport & Highways,Roads & Highways,Karnataka,24.5
MULTI_MONTH_STAGNATION,CRITICAL,No progress improvement over multiple months,Widening to 4LPS of NH-548B from Km 118.450 Near Shirguppi to Km 128.450 Near,618151.0,Ministry of Road Transport & Highways,Roads & Highways,Karnataka,23.8
TIME_OVERRUN,WARNING,Delayed by 22 months,Construction of 2 Lane with paved shoulder from km 55.6 to km 90.7 existing,618184.0,Ministry of Road Transport & Highways,Roads & Highways,Karnataka,38.9
TIME_OVERRUN,WARNING,Delayed by 20 months,4/6L of Bangalore - Pune Section of bypass connecting Dharwad - Hubli from km.,618517.0,Ministry of Road Transport & Highways,Roads & Highways,Karnataka,43.2
MULTI_MONTH_STAGNATION,CRITICAL,No progress improvement over multiple months,4/6L of Bangalore - Pune Section of bypass connecting Dharwad - Hubli from km.,618517.0,Ministry of Road Transport & Highways,Roads & Highways,Karnataka,43.2
COST_ESCALATION,WARNING,Cost escalated by 24.1% from original,Davanagere - Haveri of NH-48 Old NH-4 from km. 260.00 to km. 338.923,618518.0,Ministry of Road Transport & Highways,Roads & Highways,Karnataka,77.9
ELEVATED_RISK_ML,WARNING,ML risk score: 78/100,Davanagere - Haveri of NH-48 Old NH-4 from km. 260.00 to km. 338.923,618518.0,Ministry of Road Transport & Highways,Roads & Highways,Karnataka,77.9
TIME_OVERRUN,CRITICAL,Delayed by 77 months,Davanagere - Haveri of NH-48 Old NH-4 from km. 260.00 to km. 338.923,618518.0,Ministry of Road Transport & Highways,Roads & Highways,Karnataka,77.9
MULTI_MONTH_STAGNATION,CRITICAL,No progress improvement over multiple months,Davanagere - Haveri of NH-48 Old NH-4 from km. 260.00 to km. 338.923,618518.0,Ministry of Road Transport & Highways,Roads & Highways,Karnataka,77.9
COST_ESCALATION,WARNING,Cost escalated by 24.2% from original,4L of km 0.00 to km 42.00 of Dobbaspet to Doddaballapura Bypass section of NH-648,618520.0,Ministry of Road Transport & Highways,Roads & Highways,Karnataka,76.5
ELEVATED_RISK_ML,WARNING,ML risk score: 76/100,4L of km 0.00 to km 42.00 of Dobbaspet to Doddaballapura Bypass section of NH-648,618520.0,Ministry of Road Transport & Highways,Roads & Highways,Karnataka,76.5
TIME_OVERRUN,CRITICAL,Delayed by 41 months,4L of km 0.00 to km 42.00 of Dobbaspet to Doddaballapura Bypass section of NH-648,618520.0,Ministry of Road Transport & Highways,Roads & Highways,Karnataka,76.5
MULTI_MONTH_STAGNATION,CRITICAL,No progress improvement over multiple months,4L of km 0.00 to km 42.00 of Dobbaspet to Doddaballapura Bypass section of NH-648,618520.0,Ministry of Road Transport & Highways,Roads & Highways,Karnataka,76.5
PF_GAP,WARNING,Physical-Financial gap of 38.4%,6L of MH/KN Border Nimbal Village to KN/TS Border Singnodi Village from Km.,618630.0,Ministry of Road Transport & Highways,Roads & Highways,Karnataka,46.9
TIME_OVERRUN,WARNING,Delayed by 18 months,6L of MH/KN Border Nimbal Village to KN/TS Border Singnodi Village from Km.,618630.0,Ministry of Road Transport & Highways,Roads & Highways,Karnataka,46.9
EXPENDITURE_LAG,CRITICAL,Only 39% budget spent but 92% time elapsed,4 Lane with PS from Des. Ch 228.500 to Des. Ch. 273.400 of Belgaum-Hungund-,618649.0,Ministry of Road Transport & Highways,Roads & Highways,Karnataka,39.5
PF_GAP,WARNING,Physical-Financial gap of 21.8%,4 Lane with PS from Des. Ch 228.500 to Des. Ch. 273.400 of Belgaum-Hungund-,618649.0,Ministry of Road Transport & Highways,Roads & Highways,Karnataka,39.5
EXPENDITURE_LAG,CRITICAL,Only 25% budget spent but 71% time elapsed,4 Lane with PS from Des. Ch 89.900 to Des. Ch. 136.100 of Belgaum-Hungund-,618650.0,Ministry of Road Transport & Highways,Roads & Highways,Karnataka,38.6
EXPENDITURE_LAG,CRITICAL,Only 40% budget spent but 109% time elapsed,4LPS Access Controlled Highway of Bellary Bypass Balance work from Ch. 254750 to,618697.0,Ministry of Road Transport & Highways,Roads & Highways,Karnataka,43.3
PF_GAP,WARNING,Physical-Financial gap of 20.9%,4LPS Access Controlled Highway of Bellary Bypass Balance work from Ch. 254750 to,618697.0,Ministry of Road Transport & Highways,Roads & Highways,Karnataka,43.3
TIME_OVERRUN,WARNING,Delayed by 15 months,4LPS Access Controlled Highway of Bellary Bypass Balance work from Ch. 254750 to,618697.0,Ministry of Road Transport & Highways,Roads & Highways,Karnataka,43.3
TIME_OVERRUN,CRITICAL,Delayed by 41 months,4L of Addahole Near Gundya to Bantwal Cross section Pkg-02 from Design Km,618702.0,Ministry of Road Transport & Highways,Roads & Highways,Karnataka,46.3
MULTI_MONTH_STAGNATION,CRITICAL,No progress improvement over multiple months,4L of Addahole Near Gundya to Bantwal Cross section Pkg-02 from Design Km,618702.0,Ministry of Road Transport & Highways,Roads & Highways,Karnataka,46.3
COST_ESCALATION,WARNING,Cost escalated by 16.9% from original,Bangalore-Nidagatta Pkg. I,618706.0,Ministry of Road Transport & Highways,Roads & Highways,Karnataka,77.6
PF_GAP,WARNING,Physical-Financial gap of -24.2%,Bangalore-Nidagatta Pkg. I,618706.0,Ministry of Road Transport & Highways,Roads & Highways,Karnataka,77.6
ELEVATED_RISK_ML,WARNING,ML risk score: 78/100,Bangalore-Nidagatta Pkg. I,618706.0,Ministry of Road Transport & Highways,Roads & Highways,Karnataka,77.6
TIME_OVERRUN,CRITICAL,Delayed by 58 months,Bangalore-Nidagatta Pkg. I,618706.0,Ministry of Road Transport & Highways,Roads & Highways,Karnataka,77.6
MULTI_MONTH_STAGNATION,CRITICAL,No progress improvement over multiple months,Bangalore-Nidagatta Pkg. I,618706.0,Ministry of Road Transport & Highways,Roads & Highways,Karnataka,77.6
PF_GAP,WARNING,Physical-Financial gap of 23.2%,4L of Left-Over Works of Hospet-Bellary -Karnataka/AP border from Km.280.080,618709.0,Ministry of Road Transport & Highways,Roads & Highways,Karnataka,39.1
TIME_OVERRUN,WARNING,Delayed by 35 months,4L of Left-Over Works of Hospet-Bellary -Karnataka/AP border from Km.280.080,618709.0,Ministry of Road Transport & Highways,Roads & Highways,Karnataka,39.1
ELEVATED_RISK_ML,WARNING,ML risk score: 63/100,Belakeri Port to Kumta - Sirsi road from km 0.00 - km 4.265 of Belekeri Port Road Link,618799.0,Ministry of Road Transport & Highways,Roads & Highways,Karnataka,63.1
TIME_OVERRUN,CRITICAL,Delayed by 47 months,Belakeri Port to Kumta - Sirsi road from km 0.00 - km 4.265 of Belekeri Port Road Link,618799.0,Ministry of Road Transport & Highways,Roads & Highways,Karnataka,63.1
COST_ESCALATION,CRITICAL,Cost escalated by 95.4% from original,4L PS from near Hemmige Village Periyapatna - Hassan Road Jn. to near Hunsur -,618870.0,Ministry of Road Transport & Highways,Roads & Highways,Karnataka,75.1
EXPENDITURE_LAG,CRITICAL,Only 26% budget spent but 71% time elapsed,4L PS from near Hemmige Village Periyapatna - Hassan Road Jn. to near Hunsur -,618870.0,Ministry of Road Transport & Highways,Roads & Highways,Karnataka,75.1
PF_GAP,WARNING,Physical-Financial gap of -22.8%,4L PS from near Hemmige Village Periyapatna - Hassan Road Jn. to near Hunsur -,618870.0,Ministry of Road Transport & Highways,Roads & Highways,Karnataka,75.1
ELEVATED_RISK_ML,WARNING,ML risk score: 75/100,4L PS from near Hemmige Village Periyapatna - Hassan Road Jn. to near Hunsur -,618870.0,Ministry of Road Transport & Highways,Roads & Highways,Karnataka,75.1
PF_GAP,WARNING,Physical-Financial gap of -21.3%,4L PS from Near Guddehosur to Start of Kushalnagara Bypass to near Hemmige,618871.0,Ministry of Road Transport & Highways,Roads & Highways,Karnataka,24.4
EXPENDITURE_LAG,CRITICAL,Only 29% budget spent but 71% time elapsed,4L PS from near Hunsur - KR Nagar Junction to near Yalachahalli village KR Nagara -,618872.0,Ministry of Road Transport & Highways,Roads & Highways,Karnataka,39.0
EXPENDITURE_LAG,CRITICAL,Only 38% budget spent but 71% time elapsed,4L PS from near Yalachahalli village KR Nagara - Yelawala Road junction to,618873.0,Ministry of Road Transport & Highways,Roads & Highways,Karnataka,42.1
COST_ESCALATION,WARNING,Cost escalated by 22.2% from original,4L of Bettadahalli- Shivamogga section from Km.170.415 to km. 226.750 of NH-206,618887.0,Ministry of Road Transport & Highways,Roads & Highways,Karnataka,67.2
ELEVATED_RISK_ML,WARNING,ML risk score: 67/100,4L of Bettadahalli- Shivamogga section from Km.170.415 to km. 226.750 of NH-206,618887.0,Ministry of Road Transport & Highways,Roads & Highways,Karnataka,67.2
TIME_OVERRUN,CRITICAL,Delayed by 41 months,4L of Bettadahalli- Shivamogga section from Km.170.415 to km. 226.750 of NH-206,618887.0,Ministry of Road Transport & Highways,Roads & Highways,Karnataka,67.2
COST_ESCALATION,WARNING,Cost escalated by 47.0% from original,4L of Sannur to Bikarnakatte section from Km 691.350 to Km 736.362 of NH-169,618896.0,Ministry of Road Transport & Highways,Roads & Highways,Karnataka,73.5
ELEVATED_RISK_ML,WARNING,ML risk score: 74/100,4L of Sannur to Bikarnakatte section from Km 691.350 to Km 736.362 of NH-169,618896.0,Ministry of Road Transport & Highways,Roads & Highways,Karnataka,73.5
TIME_OVERRUN,WARNING,Delayed by 30 months,4L of Sannur to Bikarnakatte section from Km 691.350 to Km 736.362 of NH-169,618896.0,Ministry of Road Transport & Highways,Roads & Highways,Karnataka,73.5
PF_GAP,WARNING,Physical-Financial gap of 36.6%,4L Expressway from Km 26.400 to km 53.500 of Malur to Bangarpet section of,619065.0,Ministry of Road Transport & Highways,Roads & Highways,Karnataka,63.3
ELEVATED_RISK_ML,WARNING,ML risk score: 63/100,4L Expressway from Km 26.400 to km 53.500 of Malur to Bangarpet section of,619065.0,Ministry of Road Transport & Highways,Roads & Highways,Karnataka,63.3
TIME_OVERRUN,WARNING,Delayed by 36 months,4L Expressway from Km 26.400 to km 53.500 of Malur to Bangarpet section of,619065.0,Ministry of Road Transport & Highways,Roads & Highways,Karnataka,63.3
MULTI_MONTH_STAGNATION,CRITICAL,No progress improvement over multiple months,4L Expressway from Km 26.400 to km 53.500 of Malur to Bangarpet section of,619065.0,Ministry of Road Transport & Highways,Roads & Highways,Karnataka,63.3
TIME_OVERRUN,WARNING,Delayed by 19 months,Tumkur - Nelamangala 6L,619071.0,Ministry of Road Transport & Highways,Roads & Highways,Karnataka,37.9
ELEVATED_RISK_ML,WARNING,ML risk score: 62/100,Bangalore/TN border to Hoskote,619072.0,Ministry of Road Transport & Highways,Roads & Highways,Karnataka,61.5
TIME_OVERRUN,WARNING,Delayed by 21 months,Bangalore/TN border to Hoskote,619072.0,Ministry of Road Transport & Highways,Roads & Highways,Karnataka,61.5
MULTI_MONTH_STAGNATION,CRITICAL,No progress improvement over multiple months,Bangalore/TN border to Hoskote,619072.0,Ministry of Road Transport & Highways,Roads & Highways,Karnataka,61.5
COST_ESCALATION,WARNING,Cost escalated by 40.1% from original,4L of 42.000 to km 80.00 of Dodaballapur Bypass to Hoskote section of NH-648 Old,619073.0,Ministry of Road Transport & Highways,Roads & Highways,Karnataka,78.7
ELEVATED_RISK_ML,WARNING,ML risk score: 79/100,4L of 42.000 to km 80.00 of Dodaballapur Bypass to Hoskote section of NH-648 Old,619073.0,Ministry of Road Transport & Highways,Roads & Highways,Karnataka,78.7
TIME_OVERRUN,CRITICAL,Delayed by 43 months,4L of 42.000 to km 80.00 of Dodaballapur Bypass to Hoskote section of NH-648 Old,619073.0,Ministry of Road Transport & Highways,Roads & Highways,Karnataka,78.7
MULTI_MONTH_STAGNATION,CRITICAL,No progress improvement over multiple months,4L of 42.000 to km 80.00 of Dodaballapur Bypass to Hoskote section of NH-648 Old,619073.0,Ministry of Road Transport & Highways,Roads & Highways,Karnataka,78.7
COST_ESCALATION,WARNING,Cost escalated by 21.0% from original,Goa / Karnataka Km.93.700 to Kundapur Km.283.30,619096.0,Ministry of Road Transport & Highways,Roads & Highways,Karnataka,77.0
ELEVATED_RISK_ML,WARNING,ML risk score: 77/100,Goa / Karnataka Km.93.700 to Kundapur Km.283.30,619096.0,Ministry of Road Transport & Highways,Roads & Highways,Karnataka,77.0
TIME_OVERRUN,CRITICAL,Delayed by 122 months,Goa / Karnataka Km.93.700 to Kundapur Km.283.30,619096.0,Ministry of Road Transport & Highways,Roads & Highways,Karnataka,77.0
MULTI_MONTH_STAGNATION,CRITICAL,No progress improvement over multiple months,Goa / Karnataka Km.93.700 to Kundapur Km.283.30,619096.0,Ministry of Road Transport & Highways,Roads & Highways,Karnataka,77.0
EXPENDITURE_LAG,CRITICAL,Only 29% budget spent but 92% time elapsed,4 Lane with PS from Des. Ch 182.300 to Des. Ch. 228.500 of Belgaum-Hungund-,619106.0,Ministry of Road Transport & Highways,Roads & Highways,Karnataka,42.3
ELEVATED_RISK_ML,WARNING,ML risk score: 72/100,Hassan km 184.912 to Maranahally km 230.060 of NH - 75 in Karnataka,619117.0,Ministry of Road Transport & Highways,Roads & Highways,Karnataka,71.6
TIME_OVERRUN,CRITICAL,Delayed by 89 months,Hassan km 184.912 to Maranahally km 230.060 of NH - 75 in Karnataka,619117.0,Ministry of Road Transport & Highways,Roads & Highways,Karnataka,71.6
MULTI_MONTH_STAGNATION,CRITICAL,No progress improvement over multiple months,Hassan km 184.912 to Maranahally km 230.060 of NH - 75 in Karnataka,619117.0,Ministry of Road Transport & Highways,Roads & Highways,Karnataka,71.6
COST_ESCALATION,WARNING,Cost escalated by 40.9% from original,Nidagatta-Mysore Pkg II,619120.0,Ministry of Road Transport & Highways,Roads & Highways,Karnataka,83.7
PF_GAP,WARNING,Physical-Financial gap of -28.1%,Nidagatta-Mysore Pkg II,619120.0,Ministry of Road Transport & Highways,Roads & Highways,Karnataka,83.7
HIGH_RISK_ML,CRITICAL,ML risk score: 84/100,Nidagatta-Mysore Pkg II,619120.0,Ministry of Road Transport & Highways,Roads & Highways,Karnataka,83.7
TIME_OVERRUN,CRITICAL,Delayed by 51 months,Nidagatta-Mysore Pkg II,619120.0,Ministry of Road Transport & Highways,Roads & Highways,Karnataka,83.7
MULTI_MONTH_STAGNATION,CRITICAL,No progress improvement over multiple months,Nidagatta-Mysore Pkg II,619120.0,Ministry of Road Transport & Highways,Roads & Highways,Karnataka,83.7
EXPENDITURE_LAG,CRITICAL,Only 31% budget spent but 225% time elapsed,Yekkambi-Haveri,619138.0,Ministry of Road Transport & Highways,Roads & Highways,Karnataka,66.2
PROGRESS_STAGNATION,CRITICAL,Only 25% progress with 225% time elapsed,Yekkambi-Haveri,619138.0,Ministry of Road Transport & Highways,Roads & Highways,Karnataka,66.2
ELEVATED_RISK_ML,WARNING,ML risk score: 66/100,Yekkambi-Haveri,619138.0,Ministry of Road Transport & Highways,Roads & Highways,Karnataka,66.2
TIME_OVERRUN,CRITICAL,Delayed by 47 months,Yekkambi-Haveri,619138.0,Ministry of Road Transport & Highways,Roads & Highways,Karnataka,66.2
COST_ESCALATION,WARNING,Cost escalated by 37.3% from original,BRT Tiger Reserve Boundary Km.287.500 to Bangalore Section Km.458.420 of NH-,619150.0,Ministry of Road Transport & Highways,Roads & Highways,Karnataka,79.3
ELEVATED_RISK_ML,WARNING,ML risk score: 79/100,BRT Tiger Reserve Boundary Km.287.500 to Bangalore Section Km.458.420 of NH-,619150.0,Ministry of Road Transport & Highways,Roads & Highways,Karnataka,79.3
TIME_OVERRUN,CRITICAL,Delayed by 85 months,BRT Tiger Reserve Boundary Km.287.500 to Bangalore Section Km.458.420 of NH-,619150.0,Ministry of Road Transport & Highways,Roads & Highways,Karnataka,79.3
MULTI_MONTH_STAGNATION,CRITICAL,No progress improvement over multiple months,BRT Tiger Reserve Boundary Km.287.500 to Bangalore Section Km.458.420 of NH-,619150.0,Ministry of Road Transport & Highways,Roads & Highways,Karnataka,79.3
TIME_OVERRUN,CRITICAL,Delayed by 66 months,Belgaum-Khanapur Pkg I Km 0.000-Km 30.800 of NH-4A,619164.0,Ministry of Road Transport & Highways,Roads & Highways,Karnataka,50.0
PF_GAP,WARNING,Physical-Financial gap of 27.1%,6L of MH/KN Border Nimbal Village to KN/TS Border Singnodi Village from Km.,619211.0,Ministry of Road Transport & Highways,Roads & Highways,Karnataka,46.6
TIME_OVERRUN,WARNING,Delayed by 13 months,6L of MH/KN Border Nimbal Village to KN/TS Border Singnodi Village from Km.,619211.0,Ministry of Road Transport & Highways,Roads & Highways,Karnataka,46.6
TIME_OVERRUN,CRITICAL,Delayed by 45 months,4L of Channarayapatna Bypass and Hassan Bypass with structures in Devihalli -,619214.0,Ministry of Road Transport & Highways,Roads & Highways,Karnataka,49.2
MULTI_MONTH_STAGNATION,CRITICAL,No progress improvement over multiple months,4L of Channarayapatna Bypass and Hassan Bypass with structures in Devihalli -,619214.0,Ministry of Road Transport & Highways,Roads & Highways,Karnataka,49.2
COST_ESCALATION,WARNING,Cost escalated by 24.0% from original,4L Tumkur-Shimoga Pkg-I from Mallasandra to Karadi village of NH-206 from Km.,619218.0,Ministry of Road Transport & Highways,Roads & Highways,Karnataka,74.9
ELEVATED_RISK_ML,WARNING,ML risk score: 75/100,4L Tumkur-Shimoga Pkg-I from Mallasandra to Karadi village of NH-206 from Km.,619218.0,Ministry of Road Transport & Highways,Roads & Highways,Karnataka,74.9
TIME_OVERRUN,CRITICAL,Delayed by 58 months,4L Tumkur-Shimoga Pkg-I from Mallasandra to Karadi village of NH-206 from Km.,619218.0,Ministry of Road Transport & Highways,Roads & Highways,Karnataka,74.9
MULTI_MONTH_STAGNATION,CRITICAL,No progress improvement over multiple months,4L Tumkur-Shimoga Pkg-I from Mallasandra to Karadi village of NH-206 from Km.,619218.0,Ministry of Road Transport & Highways,Roads & Highways,Karnataka,74.9
COST_ESCALATION,WARNING,Cost escalated by 32.1% from original,4L of Tumkur-Shimoga Pkg-II from Km 65.195 Karadi to Km 121.900 Banawara of,619219.0,Ministry of Road Transport & Highways,Roads & Highways,Karnataka,80.3
HIGH_RISK_ML,CRITICAL,ML risk score: 80/100,4L of Tumkur-Shimoga Pkg-II from Km 65.195 Karadi to Km 121.900 Banawara of,619219.0,Ministry of Road Transport & Highways,Roads & Highways,Karnataka,80.3
TIME_OVERRUN,CRITICAL,Delayed by 62 months,4L of Tumkur-Shimoga Pkg-II from Km 65.195 Karadi to Km 121.900 Banawara of,619219.0,Ministry of Road Transport & Highways,Roads & Highways,Karnataka,80.3
MULTI_MONTH_STAGNATION,CRITICAL,No progress improvement over multiple months,4L of Tumkur-Shimoga Pkg-II from Km 65.195 Karadi to Km 121.900 Banawara of,619219.0,Ministry of Road Transport & Highways,Roads & Highways,Karnataka,80.3
COST_ESCALATION,WARNING,Cost escalated by 27.0% from original,Tumkur-Shimoga Pkg-III from Km 121.900 Banawara to Km 170.415 Bettadahalli of,619220.0,Ministry of Road Transport & Highways,Roads & Highways,Karnataka,85.6
PF_GAP,WARNING,Physical-Financial gap of 37.6%,Tumkur-Shimoga Pkg-III from Km 121.900 Banawara to Km 170.415 Bettadahalli of,619220.0,Ministry of Road Transport & Highways,Roads & Highways,Karnataka,85.6
HIGH_RISK_ML,CRITICAL,ML risk score: 86/100,Tumkur-Shimoga Pkg-III from Km 121.900 Banawara to Km 170.415 Bettadahalli of,619220.0,Ministry of Road Transport & Highways,Roads & Highways,Karnataka,85.6
TIME_OVERRUN,CRITICAL,Delayed by 45 months,Tumkur-Shimoga Pkg-III from Km 121.900 Banawara to Km 170.415 Bettadahalli of,619220.0,Ministry of Road Transport & Highways,Roads & Highways,Karnataka,85.6
MULTI_MONTH_STAGNATION,CRITICAL,No progress improvement over multiple months,Tumkur-Shimoga Pkg-III from Km 121.900 Banawara to Km 170.415 Bettadahalli of,619220.0,Ministry of Road Transport & Highways,Roads & Highways,Karnataka,85.6
EXPENDITURE_LAG,CRITICAL,Only 0% budget spent but 455% time elapsed,Widening to 2 Lanes with paved shoulders from Km.87/000 to 133/720 Nattukal to,618070.0,Ministry of Road Transport & Highways,Roads & Highways,Kerala,83.3
PF_GAP,WARNING,Physical-Financial gap of 98.0%,Widening to 2 Lanes with paved shoulders from Km.87/000 to 133/720 Nattukal to,618070.0,Ministry of Road Transport & Highways,Roads & Highways,Kerala,83.3
HIGH_RISK_ML,CRITICAL,ML risk score: 83/100,Widening to 2 Lanes with paved shoulders from Km.87/000 to 133/720 Nattukal to,618070.0,Ministry of Road Transport & Highways,Roads & Highways,Kerala,83.3
TIME_OVERRUN,CRITICAL,Delayed by 82 months,Widening to 2 Lanes with paved shoulders from Km.87/000 to 133/720 Nattukal to,618070.0,Ministry of Road Transport & Highways,Roads & Highways,Kerala,83.3
MULTI_MONTH_STAGNATION,CRITICAL,No progress improvement over multiple months,Widening to 2 Lanes with paved shoulders from Km.87/000 to 133/720 Nattukal to,618070.0,Ministry of Road Transport & Highways,Roads & Highways,Kerala,83.3
COST_ESCALATION,WARNING,Cost escalated by 45.3% from original,6L of Chengala - Neeleshwaram from km. 56.200 to km. 93.468,618595.0,Ministry of Road Transport & Highways,Roads & Highways,Kerala,79.1
ELEVATED_RISK_ML,WARNING,ML risk score: 79/100,6L of Chengala - Neeleshwaram from km. 56.200 to km. 93.468,618595.0,Ministry of Road Transport & Highways,Roads & Highways,Kerala,79.1
TIME_OVERRUN,WARNING,Delayed by 35 months,6L of Chengala - Neeleshwaram from km. 56.200 to km. 93.468,618595.0,Ministry of Road Transport & Highways,Roads & Highways,Kerala,79.1
MULTI_MONTH_STAGNATION,CRITICAL,No progress improvement over multiple months,6L of Chengala - Neeleshwaram from km. 56.200 to km. 93.468,618595.0,Ministry of Road Transport & Highways,Roads & Highways,Kerala,79.1
COST_ESCALATION,WARNING,Cost escalated by 31.1% from original,6L of Taliparamba to Muzhappilangad from Km 134.650 to Km 170.6 of NH-66,618596.0,Ministry of Road Transport & Highways,Roads & Highways,Kerala,76.6
ELEVATED_RISK_ML,WARNING,ML risk score: 77/100,6L of Taliparamba to Muzhappilangad from Km 134.650 to Km 170.6 of NH-66,618596.0,Ministry of Road Transport & Highways,Roads & Highways,Kerala,76.6
TIME_OVERRUN,CRITICAL,Delayed by 44 months,6L of Taliparamba to Muzhappilangad from Km 134.650 to Km 170.6 of NH-66,618596.0,Ministry of Road Transport & Highways,Roads & Highways,Kerala,76.6
MULTI_MONTH_STAGNATION,CRITICAL,No progress improvement over multiple months,6L of Taliparamba to Muzhappilangad from Km 134.650 to Km 170.6 of NH-66,618596.0,Ministry of Road Transport & Highways,Roads & Highways,Kerala,76.6
COST_ESCALATION,WARNING,Cost escalated by 21.6% from original,6L of Azhiyur-Vengalam from km. 189.200 to km. 230.400 of NH-66,618597.0,Ministry of Road Transport & Highways,Roads & Highways,Kerala,75.8
ELEVATED_RISK_ML,WARNING,ML risk score: 76/100,6L of Azhiyur-Vengalam from km. 189.200 to km. 230.400 of NH-66,618597.0,Ministry of Road Transport & Highways,Roads & Highways,Kerala,75.8
TIME_OVERRUN,CRITICAL,Delayed by 44 months,6L of Azhiyur-Vengalam from km. 189.200 to km. 230.400 of NH-66,618597.0,Ministry of Road Transport & Highways,Roads & Highways,Kerala,75.8
MULTI_MONTH_STAGNATION,CRITICAL,No progress improvement over multiple months,6L of Azhiyur-Vengalam from km. 189.200 to km. 230.400 of NH-66,618597.0,Ministry of Road Transport & Highways,Roads & Highways,Kerala,75.8
ELEVATED_RISK_ML,WARNING,ML risk score: 70/100,6L Minor Bridge Paloli Palam at km. 203.160 & Major Bridge Morad at km. 204.895,618598.0,Ministry of Road Transport & Highways,Roads & Highways,Kerala,70.1
TIME_OVERRUN,CRITICAL,Delayed by 51 months,6L Minor Bridge Paloli Palam at km. 203.160 & Major Bridge Morad at km. 204.895,618598.0,Ministry of Road Transport & Highways,Roads & Highways,Kerala,70.1
MULTI_MONTH_STAGNATION,CRITICAL,No progress improvement over multiple months,6L Minor Bridge Paloli Palam at km. 203.160 & Major Bridge Morad at km. 204.895,618598.0,Ministry of Road Transport & Highways,Roads & Highways,Kerala,70.1
PF_GAP,WARNING,Physical-Financial gap of 23.5%,6L of Ramanatukkara Junction to start of Valanchery bypass section of NH-66,618599.0,Ministry of Road Transport & Highways,Roads & Highways,Kerala,59.7
TIME_OVERRUN,WARNING,Delayed by 25 months,6L of Ramanatukkara Junction to start of Valanchery bypass section of NH-66,618599.0,Ministry of Road Transport & Highways,Roads & Highways,Kerala,59.7
MULTI_MONTH_STAGNATION,CRITICAL,No progress improvement over multiple months,6L of Ramanatukkara Junction to start of Valanchery bypass section of NH-66,618599.0,Ministry of Road Transport & Highways,Roads & Highways,Kerala,59.7
PF_GAP,WARNING,Physical-Financial gap of 35.6%,6L of Valanchery bypass to Kappirikkad of NH 66 from km. 298500 to km 335850,618600.0,Ministry of Road Transport & Highways,Roads & Highways,Kerala,50.8
TIME_OVERRUN,WARNING,Delayed by 25 months,6L of Valanchery bypass to Kappirikkad of NH 66 from km. 298500 to km 335850,618600.0,Ministry of Road Transport & Highways,Roads & Highways,Kerala,50.8
TIME_OVERRUN,WARNING,Delayed by 29 months,6L of Kappirikkad to Thalikulam section from km 335.85 to km 369.015 of NH - 66 old,618601.0,Ministry of Road Transport & Highways,Roads & Highways,Kerala,39.6
TIME_OVERRUN,WARNING,Delayed by 28 months,6L of Thalikulam to Kodugallur section from km 369.015 to km 397.850 of NH - 66 old,618602.0,Ministry of Road Transport & Highways,Roads & Highways,Kerala,40.7
TIME_OVERRUN,WARNING,Delayed by 25 months,6L of Kodugallur to Edapppally section from km 397.750 to km 423.780 of NH - 66 old,618603.0,Ministry of Road Transport & Highways,Roads & Highways,Kerala,50.9
TIME_OVERRUN,WARNING,Delayed by 32 months,Thuravoor Thekku-Paravoor,618605.0,Ministry of Road Transport & Highways,Roads & Highways,Kerala,37.0
TIME_OVERRUN,WARNING,Delayed by 25 months,Paravoor-Kottankulangara,618606.0,Ministry of Road Transport & Highways,Roads & Highways,Kerala,47.8
MULTI_MONTH_STAGNATION,CRITICAL,No progress improvement over multiple months,Paravoor-Kottankulangara,618606.0,Ministry of Road Transport & Highways,Roads & Highways,Kerala,47.8
COST_ESCALATION,WARNING,Cost escalated by 29.5% from original,Kottankulangara- Start of Kollam Bypass,618607.0,Ministry of Road Transport & Highways,Roads & Highways,Kerala,75.4
ELEVATED_RISK_ML,WARNING,ML risk score: 75/100,Kottankulangara- Start of Kollam Bypass,618607.0,Ministry of Road Transport & Highways,Roads & Highways,Kerala,75.4
TIME_OVERRUN,WARNING,Delayed by 29 months,Kottankulangara- Start of Kollam Bypass,618607.0,Ministry of Road Transport & Highways,Roads & Highways,Kerala,75.4
MULTI_MONTH_STAGNATION,CRITICAL,No progress improvement over multiple months,Kottankulangara- Start of Kollam Bypass,618607.0,Ministry of Road Transport & Highways,Roads & Highways,Kerala,75.4
ELEVATED_RISK_ML,WARNING,ML risk score: 62/100,Widening/Development of Existing NH-85 from Km 0.000 to Km 124.636 section to,618708.0,Ministry of Road Transport & Highways,Roads & Highways,Kerala,62.4
TIME_OVERRUN,WARNING,Delayed by 21 months,Widening/Development of Existing NH-85 from Km 0.000 to Km 124.636 section to,618708.0,Ministry of Road Transport & Highways,Roads & Highways,Kerala,62.4
COST_ESCALATION,CRITICAL,Cost escalated by 50.1% from original,Kozhikode Bypass Calicut Bypass Vengalam Jn. to Ramanattukara Jn.,619098.0,Ministry of Road Transport & Highways,Roads & Highways,Kerala,86.9
PF_GAP,WARNING,Physical-Financial gap of 23.9%,Kozhikode Bypass Calicut Bypass Vengalam Jn. to Ramanattukara Jn.,619098.0,Ministry of Road Transport & Highways,Roads & Highways,Kerala,86.9
HIGH_RISK_ML,CRITICAL,ML risk score: 87/100,Kozhikode Bypass Calicut Bypass Vengalam Jn. to Ramanattukara Jn.,619098.0,Ministry of Road Transport & Highways,Roads & Highways,Kerala,86.9
TIME_OVERRUN,CRITICAL,Delayed by 42 months,Kozhikode Bypass Calicut Bypass Vengalam Jn. to Ramanattukara Jn.,619098.0,Ministry of Road Transport & Highways,Roads & Highways,Kerala,86.9
MULTI_MONTH_STAGNATION,CRITICAL,No progress improvement over multiple months,Kozhikode Bypass Calicut Bypass Vengalam Jn. to Ramanattukara Jn.,619098.0,Ministry of Road Transport & Highways,Roads & Highways,Kerala,86.9
COST_ESCALATION,WARNING,Cost escalated by 27.2% from original,6L of Perole Nileshwar town to Taliparamba from Km 94.248 to Km 134.650 of NH-66,619206.0,Ministry of Road Transport & Highways,Roads & Highways,Kerala,74.8
ELEVATED_RISK_ML,WARNING,ML risk score: 75/100,6L of Perole Nileshwar town to Taliparamba from Km 94.248 to Km 134.650 of NH-66,619206.0,Ministry of Road Transport & Highways,Roads & Highways,Kerala,74.8
TIME_OVERRUN,CRITICAL,Delayed by 38 months,6L of Perole Nileshwar town to Taliparamba from Km 94.248 to Km 134.650 of NH-66,619206.0,Ministry of Road Transport & Highways,Roads & Highways,Kerala,74.8
MULTI_MONTH_STAGNATION,CRITICAL,No progress improvement over multiple months,6L of Perole Nileshwar town to Taliparamba from Km 94.248 to Km 134.650 of NH-66,619206.0,Ministry of Road Transport & Highways,Roads & Highways,Kerala,74.8
COST_ESCALATION,WARNING,Cost escalated by 25.3% from original,Start of Kollam Bypass - Kadambattukonam,619207.0,Ministry of Road Transport & Highways,Roads & Highways,Kerala,72.4
ELEVATED_RISK_ML,WARNING,ML risk score: 72/100,Start of Kollam Bypass - Kadambattukonam,619207.0,Ministry of Road Transport & Highways,Roads & Highways,Kerala,72.4
TIME_OVERRUN,WARNING,Delayed by 27 months,Start of Kollam Bypass - Kadambattukonam,619207.0,Ministry of Road Transport & Highways,Roads & Highways,Kerala,72.4
MULTI_MONTH_STAGNATION,CRITICAL,No progress improvement over multiple months,Start of Kollam Bypass - Kadambattukonam,619207.0,Ministry of Road Transport & Highways,Roads & Highways,Kerala,72.4
TIME_OVERRUN,WARNING,Delayed by 28 months,Kadambattukonam-Kazhakuttom,619208.0,Ministry of Road Transport & Highways,Roads & Highways,Kerala,52.4
MULTI_MONTH_STAGNATION,CRITICAL,No progress improvement over multiple months,Kadambattukonam-Kazhakuttom,619208.0,Ministry of Road Transport & Highways,Roads & Highways,Kerala,52.4
TIME_OVERRUN,CRITICAL,Delayed by 43 months,Kargil Zanskar Road,618408.0,Ministry of Road Transport & Highways,Roads & Highways,Ladakh,43.0
TIME_OVERRUN,CRITICAL,Delayed by 43 months,Widening & Up-gradation to 2 lane with Paved shoulder of NH-301 Kargil- Zanskar,618409.0,Ministry of Road Transport & Highways,Roads & Highways,Ladakh,42.3
TIME_OVERRUN,CRITICAL,Delayed by 45 months,Widening & Up-gradation to 2 lane with paved shoulder of NH-301 Kargil- Zanskar,618410.0,Ministry of Road Transport & Highways,Roads & Highways,Ladakh,41.7
EXPENDITURE_LAG,CRITICAL,Only 0% budget spent but 79% time elapsed,Construction of Rewa Bypass to 4-lane with paved shoulder along with service road,617909.0,Ministry of Road Transport & Highways,Roads & Highways,Madhya Pradesh,40.1
PF_GAP,WARNING,Physical-Financial gap of 50.0%,Construction of Rewa Bypass to 4-lane with paved shoulder along with service road,617909.0,Ministry of Road Transport & Highways,Roads & Highways,Madhya Pradesh,40.1
MULTI_MONTH_STAGNATION,CRITICAL,No progress improvement over multiple months,Construction of Rewa Bypass to 4-lane with paved shoulder along with service road,617909.0,Ministry of Road Transport & Highways,Roads & Highways,Madhya Pradesh,40.1
COST_ESCALATION,WARNING,Cost escalated by 19.8% from original,Rehabilitation and upgradation Umaria to Shahdol section of NH-78 from Existing Km.,617911.0,Ministry of Road Transport & Highways,Roads & Highways,Madhya Pradesh,86.4
EXPENDITURE_LAG,CRITICAL,Only 0% budget spent but 578% time elapsed,Rehabilitation and upgradation Umaria to Shahdol section of NH-78 from Existing Km.,617911.0,Ministry of Road Transport & Highways,Roads & Highways,Madhya Pradesh,86.4
PF_GAP,WARNING,Physical-Financial gap of 94.5%,Rehabilitation and upgradation Umaria to Shahdol section of NH-78 from Existing Km.,617911.0,Ministry of Road Transport & Highways,Roads & Highways,Madhya Pradesh,86.4
HIGH_RISK_ML,CRITICAL,ML risk score: 86/100,Rehabilitation and upgradation Umaria to Shahdol section of NH-78 from Existing Km.,617911.0,Ministry of Road Transport & Highways,Roads & Highways,Madhya Pradesh,86.4
TIME_OVERRUN,CRITICAL,Delayed by 109 months,Rehabilitation and upgradation Umaria to Shahdol section of NH-78 from Existing Km.,617911.0,Ministry of Road Transport & Highways,Roads & Highways,Madhya Pradesh,86.4
MULTI_MONTH_STAGNATION,CRITICAL,No progress improvement over multiple months,Rehabilitation and upgradation Umaria to Shahdol section of NH-78 from Existing Km.,617911.0,Ministry of Road Transport & Highways,Roads & Highways,Madhya Pradesh,86.4
EXPENDITURE_LAG,CRITICAL,Only 20% budget spent but 139% time elapsed,Upgradation and reconstruction of Shahpura-Dindori Section of NH 45 from Km,617914.0,Ministry of Road Transport & Highways,Roads & Highways,Madhya Pradesh,65.5
PF_GAP,WARNING,Physical-Financial gap of 20.2%,Upgradation and reconstruction of Shahpura-Dindori Section of NH 45 from Km,617914.0,Ministry of Road Transport & Highways,Roads & Highways,Madhya Pradesh,65.5
ELEVATED_RISK_ML,WARNING,ML risk score: 66/100,Upgradation and reconstruction of Shahpura-Dindori Section of NH 45 from Km,617914.0,Ministry of Road Transport & Highways,Roads & Highways,Madhya Pradesh,65.5
TIME_OVERRUN,WARNING,Delayed by 18 months,Upgradation and reconstruction of Shahpura-Dindori Section of NH 45 from Km,617914.0,Ministry of Road Transport & Highways,Roads & Highways,Madhya Pradesh,65.5
PF_GAP,WARNING,Physical-Financial gap of 36.1%,Upgradation & widening of Jharkheda- Berasia - Dholkhedi from design km 0000 to,618019.0,Ministry of Road Transport & Highways,Roads & Highways,Madhya Pradesh,46.2
TIME_OVERRUN,WARNING,Delayed by 16 months,Upgradation & widening of Jharkheda- Berasia - Dholkhedi from design km 0000 to,618019.0,Ministry of Road Transport & Highways,Roads & Highways,Madhya Pradesh,46.2
PF_GAP,WARNING,Physical-Financial gap of 24.9%,"Rehabilitation & Upgradation of KurwaiMungaoliChanderi Road section of NH-346,",618020.0,Ministry of Road Transport & Highways,Roads & Highways,Madhya Pradesh,46.5
TIME_OVERRUN,WARNING,Delayed by 22 months,"Rehabilitation & Upgradation of KurwaiMungaoliChanderi Road section of NH-346,",618020.0,Ministry of Road Transport & Highways,Roads & Highways,Madhya Pradesh,46.5
PF_GAP,WARNING,Physical-Financial gap of 36.9%,Up-gradation of Pichhore- Dinara section of NH-346 from Km 292.750 to 334.550 to,618021.0,Ministry of Road Transport & Highways,Roads & Highways,Madhya Pradesh,27.3
EXPENDITURE_LAG,CRITICAL,Only 0% budget spent but 123% time elapsed,Rehabilitation & Upgradation of existing intermediate lane to two Lane with paved,618035.0,Ministry of Road Transport & Highways,Roads & Highways,Madhya Pradesh,55.0
PF_GAP,WARNING,Physical-Financial gap of 60.1%,Rehabilitation & Upgradation of existing intermediate lane to two Lane with paved,618035.0,Ministry of Road Transport & Highways,Roads & Highways,Madhya Pradesh,55.0
EXPENDITURE_LAG,CRITICAL,Only 0% budget spent but 92% time elapsed,Upgradation and reconstruction of existing intermediate lane to two Lane with paved,618036.0,Ministry of Road Transport & Highways,Roads & Highways,Madhya Pradesh,32.7
PF_GAP,WARNING,Physical-Financial gap of 43.0%,Upgradation and reconstruction of existing intermediate lane to two Lane with paved,618036.0,Ministry of Road Transport & Highways,Roads & Highways,Madhya Pradesh,32.7
EXPENDITURE_LAG,CRITICAL,Only 0% budget spent but 107% time elapsed,Upgradation and reconstruction of Dindori - Mandla Section of NH 543 from Km 77100,618043.0,Ministry of Road Transport & Highways,Roads & Highways,Madhya Pradesh,74.8
PF_GAP,WARNING,Physical-Financial gap of 88.0%,Upgradation and reconstruction of Dindori - Mandla Section of NH 543 from Km 77100,618043.0,Ministry of Road Transport & Highways,Roads & Highways,Madhya Pradesh,74.8
ELEVATED_RISK_ML,WARNING,ML risk score: 75/100,Upgradation and reconstruction of Dindori - Mandla Section of NH 543 from Km 77100,618043.0,Ministry of Road Transport & Highways,Roads & Highways,Madhya Pradesh,74.8
MULTI_MONTH_STAGNATION,CRITICAL,No progress improvement over multiple months,Upgradation and reconstruction of Dindori - Mandla Section of NH 543 from Km 77100,618043.0,Ministry of Road Transport & Highways,Roads & Highways,Madhya Pradesh,74.8
MULTI_MONTH_STAGNATION,CRITICAL,No progress improvement over multiple months,Upgradation of Shahdol- Sagartola Section of NH 543 from km 0000 to km 69400 to 2,618044.0,Ministry of Road Transport & Highways,Roads & Highways,Madhya Pradesh,23.1
EXPENDITURE_LAG,CRITICAL,Only 23% budget spent but 146% time elapsed,"Construction of Kaithi-Padaria Kala bypass, Patna-Tamoli bypass, Jaso bypass and",618068.0,Ministry of Road Transport & Highways,Roads & Highways,Madhya Pradesh,51.3
PF_GAP,WARNING,Physical-Financial gap of 39.8%,"Construction of Kaithi-Padaria Kala bypass, Patna-Tamoli bypass, Jaso bypass and",618068.0,Ministry of Road Transport & Highways,Roads & Highways,Madhya Pradesh,51.3
TIME_OVERRUN,WARNING,Delayed by 14 months,"Construction of Kaithi-Padaria Kala bypass, Patna-Tamoli bypass, Jaso bypass and",618068.0,Ministry of Road Transport & Highways,Roads & Highways,Madhya Pradesh,51.3
EXPENDITURE_LAG,CRITICAL,Only 0% budget spent but 228% time elapsed,Upgradation of Nasrullagani-Rehti-Budhni Scction to 2-lane with paved shoulder from,618085.0,Ministry of Road Transport & Highways,Roads & Highways,Madhya Pradesh,57.9
PF_GAP,WARNING,Physical-Financial gap of 92.3%,Upgradation of Nasrullagani-Rehti-Budhni Scction to 2-lane with paved shoulder from,618085.0,Ministry of Road Transport & Highways,Roads & Highways,Madhya Pradesh,57.9
TIME_OVERRUN,WARNING,Delayed by 24 months,Upgradation of Nasrullagani-Rehti-Budhni Scction to 2-lane with paved shoulder from,618085.0,Ministry of Road Transport & Highways,Roads & Highways,Madhya Pradesh,57.9
EXPENDITURE_LAG,CRITICAL,Only 36% budget spent but 88% time elapsed,"Construction of Kasrawad bypass, Selani bypass, Khargone bypass & Bistan bypass",618129.0,Ministry of Road Transport & Highways,Roads & Highways,Madhya Pradesh,22.3
PF_GAP,WARNING,Physical-Financial gap of 63.3%,"Construction of Kasrawad bypass, Selani bypass, Khargone bypass & Bistan bypass",618129.0,Ministry of Road Transport & Highways,Roads & Highways,Madhya Pradesh,22.3
EXPENDITURE_LAG,CRITICAL,Only 0% budget spent but 96% time elapsed,"Construction of Morena bypass, Ambah bypass & Porsa bypass Totat length 27.16 km",618156.0,Ministry of Road Transport & Highways,Roads & Highways,Madhya Pradesh,32.6
PF_GAP,WARNING,Physical-Financial gap of 73.5%,"Construction of Morena bypass, Ambah bypass & Porsa bypass Totat length 27.16 km",618156.0,Ministry of Road Transport & Highways,Roads & Highways,Madhya Pradesh,32.6
EXPENDITURE_LAG,CRITICAL,Only 23% budget spent but 117% time elapsed,Construction of Ater realignment & Bhind bypass Total length. 21.50 km Section of,618157.0,Ministry of Road Transport & Highways,Roads & Highways,Madhya Pradesh,50.4
PF_GAP,WARNING,Physical-Financial gap of 56.1%,Construction of Ater realignment & Bhind bypass Total length. 21.50 km Section of,618157.0,Ministry of Road Transport & Highways,Roads & Highways,Madhya Pradesh,50.4
EXPENDITURE_LAG,CRITICAL,Only 0% budget spent but 88% time elapsed,"Upgradation of Goras to Shyampur Road section of NH-552 Ext., from Design",618158.0,Ministry of Road Transport & Highways,Roads & Highways,Madhya Pradesh,30.0
PROGRESS_STAGNATION,CRITICAL,Only 17% progress with 88% time elapsed,"Upgradation of Goras to Shyampur Road section of NH-552 Ext., from Design",618158.0,Ministry of Road Transport & Highways,Roads & Highways,Madhya Pradesh,30.0
EXPENDITURE_LAG,CRITICAL,Only 18% budget spent but 166% time elapsed,Construction of Two lane with paved shoulder configuration of Shujalpur Bypass,618170.0,Ministry of Road Transport & Highways,Roads & Highways,Madhya Pradesh,51.0
PF_GAP,WARNING,Physical-Financial gap of 28.5%,Construction of Two lane with paved shoulder configuration of Shujalpur Bypass,618170.0,Ministry of Road Transport & Highways,Roads & Highways,Madhya Pradesh,51.0
TIME_OVERRUN,WARNING,Delayed by 15 months,Construction of Two lane with paved shoulder configuration of Shujalpur Bypass,618170.0,Ministry of Road Transport & Highways,Roads & Highways,Madhya Pradesh,51.0
EXPENDITURE_LAG,CRITICAL,Only 28% budget spent but 133% time elapsed,"Work of Upgradation of Jirapur-Pachore Road including Pachore, Jirapur, Chhapiheda",618171.0,Ministry of Road Transport & Highways,Roads & Highways,Madhya Pradesh,46.9
PF_GAP,WARNING,Physical-Financial gap of 29.2%,"Work of Upgradation of Jirapur-Pachore Road including Pachore, Jirapur, Chhapiheda",618171.0,Ministry of Road Transport & Highways,Roads & Highways,Madhya Pradesh,46.9
MULTI_MONTH_STAGNATION,CRITICAL,No progress improvement over multiple months,Bypass on Western side of Gwalior City,618619.0,Ministry of Road Transport & Highways,Roads & Highways,Madhya Pradesh,19.7
TIME_OVERRUN,WARNING,Delayed by 32 months,"Additional works 2VUPs, MR-10 junction flyover and underpass in Six lane Indore-",618620.0,Ministry of Road Transport & Highways,Roads & Highways,Madhya Pradesh,59.3
COST_ESCALATION,WARNING,Cost escalated by 31.6% from original,Indore - Edlabad Pkg-II [Tejajinagar to Balwara],618621.0,Ministry of Road Transport & Highways,Roads & Highways,Madhya Pradesh,70.4
ELEVATED_RISK_ML,WARNING,ML risk score: 70/100,Indore - Edlabad Pkg-II [Tejajinagar to Balwara],618621.0,Ministry of Road Transport & Highways,Roads & Highways,Madhya Pradesh,70.4
TIME_OVERRUN,WARNING,Delayed by 21 months,Indore - Edlabad Pkg-II [Tejajinagar to Balwara],618621.0,Ministry of Road Transport & Highways,Roads & Highways,Madhya Pradesh,70.4
TIME_OVERRUN,WARNING,Delayed by 30 months,4L of Indore - Boregaon Pkg-III [Balwara to Dhangaon] from km. 42.260 to km. 82.660,618622.0,Ministry of Road Transport & Highways,Roads & Highways,Madhya Pradesh,39.1
PF_GAP,WARNING,Physical-Financial gap of 53.1%,4L Boregaon Buzurg to Shahpur Pkg I of Boregaon Buzurg to Muktainagar of NH,618623.0,Ministry of Road Transport & Highways,Roads & Highways,Madhya Pradesh,48.0
PF_GAP,WARNING,Physical-Financial gap of 25.5%,4L Greenfield Rudhi to Deshgaon Pkg V of Betul-Khandwa/Deshgaon,618654.0,Ministry of Road Transport & Highways,Roads & Highways,Madhya Pradesh,53.3
TIME_OVERRUN,WARNING,Delayed by 22 months,4L Greenfield Rudhi to Deshgaon Pkg V of Betul-Khandwa/Deshgaon,618654.0,Ministry of Road Transport & Highways,Roads & Highways,Madhya Pradesh,53.3
MULTI_MONTH_STAGNATION,CRITICAL,No progress improvement over multiple months,4L Greenfield Rudhi to Deshgaon Pkg V of Betul-Khandwa/Deshgaon,618654.0,Ministry of Road Transport & Highways,Roads & Highways,Madhya Pradesh,53.3
PF_GAP,WARNING,Physical-Financial gap of 35.8%,2L PS of Roshni to Ashapur Section of NH-347B from Design KM Ch. 89.900 to,618655.0,Ministry of Road Transport & Highways,Roads & Highways,Madhya Pradesh,10.2
PF_GAP,WARNING,Physical-Financial gap of 46.8%,i 4L Vidisha to Hinotiya from km 0.000 to Km 27.000 Vidisha Mehulwa-Talbehat Pkg-,618663.0,Ministry of Road Transport & Highways,Roads & Highways,Madhya Pradesh,48.5
TIME_OVERRUN,WARNING,Delayed by 25 months,Berkhedi to Godpehra on NH-44 Sagar link road,618664.0,Ministry of Road Transport & Highways,Roads & Highways,Madhya Pradesh,41.0
PF_GAP,WARNING,Physical-Financial gap of 26.5%,4- Laning of Mohari to Satai Ghat section NH-934 from Km 50300 to Km 89875 Total,618666.0,Ministry of Road Transport & Highways,Roads & Highways,Madhya Pradesh,9.1
PF_GAP,WARNING,Physical-Financial gap of 22.0%,Outer Ring Road of Jabalpur Town from Manegaon to NH-45 Pkg-2,618684.0,Ministry of Road Transport & Highways,Roads & Highways,Madhya Pradesh,38.7
PF_GAP,WARNING,Physical-Financial gap of 20.3%,Outer Ring Road of Jabalpur Town from Kushner to Amjhar Road including Airport,618686.0,Ministry of Road Transport & Highways,Roads & Highways,Madhya Pradesh,38.1
TIME_OVERRUN,WARNING,Delayed by 17 months,Outer Ring Road of Jabalpur Town from Barela to Manegaon Pkg-1,618687.0,Ministry of Road Transport & Highways,Roads & Highways,Madhya Pradesh,39.8
PF_GAP,WARNING,Physical-Financial gap of 28.1%,Indore - Harda Pkg-I [Indore to Raghav Garh from km. 0.25 to km. 26.903],618694.0,Ministry of Road Transport & Highways,Roads & Highways,Madhya Pradesh,43.3
TIME_OVERRUN,WARNING,Delayed by 22 months,Indore - Harda Pkg-I [Indore to Raghav Garh from km. 0.25 to km. 26.903],618694.0,Ministry of Road Transport & Highways,Roads & Highways,Madhya Pradesh,43.3
PF_GAP,WARNING,Physical-Financial gap of 34.4%,4L of Chandesara to Khedakhajuriya from Km. 0.000 to - 750 & Km 0.000 to km,618735.0,Ministry of Road Transport & Highways,Roads & Highways,Madhya Pradesh,78.2
ELEVATED_RISK_ML,WARNING,ML risk score: 78/100,4L of Chandesara to Khedakhajuriya from Km. 0.000 to - 750 & Km 0.000 to km,618735.0,Ministry of Road Transport & Highways,Roads & Highways,Madhya Pradesh,78.2
TIME_OVERRUN,WARNING,Delayed by 28 months,4L of Chandesara to Khedakhajuriya from Km. 0.000 to - 750 & Km 0.000 to km,618735.0,Ministry of Road Transport & Highways,Roads & Highways,Madhya Pradesh,78.2
MULTI_MONTH_STAGNATION,CRITICAL,No progress improvement over multiple months,4L of Chandesara to Khedakhajuriya from Km. 0.000 to - 750 & Km 0.000 to km,618735.0,Ministry of Road Transport & Highways,Roads & Highways,Madhya Pradesh,78.2
PF_GAP,WARNING,Physical-Financial gap of 22.0%,2L PS of Hinotiya-Mehulwa section of NH-346 from Km. 27.000 to Km 75.700 Vidisha,618751.0,Ministry of Road Transport & Highways,Roads & Highways,Madhya Pradesh,67.2
ELEVATED_RISK_ML,WARNING,ML risk score: 67/100,2L PS of Hinotiya-Mehulwa section of NH-346 from Km. 27.000 to Km 75.700 Vidisha,618751.0,Ministry of Road Transport & Highways,Roads & Highways,Madhya Pradesh,67.2
TIME_OVERRUN,WARNING,Delayed by 18 months,2L PS of Hinotiya-Mehulwa section of NH-346 from Km. 27.000 to Km 75.700 Vidisha,618751.0,Ministry of Road Transport & Highways,Roads & Highways,Madhya Pradesh,67.2
MULTI_MONTH_STAGNATION,CRITICAL,No progress improvement over multiple months,2L PS of Hinotiya-Mehulwa section of NH-346 from Km. 27.000 to Km 75.700 Vidisha,618751.0,Ministry of Road Transport & Highways,Roads & Highways,Madhya Pradesh,67.2
PF_GAP,WARNING,Physical-Financial gap of 30.2%,Itarsi Km. 63.000 to Betul Km. 137.000 of NH-69 in Madhya Pradesh,618762.0,Ministry of Road Transport & Highways,Roads & Highways,Madhya Pradesh,56.7
TIME_OVERRUN,CRITICAL,Delayed by 78 months,Itarsi Km. 63.000 to Betul Km. 137.000 of NH-69 in Madhya Pradesh,618762.0,Ministry of Road Transport & Highways,Roads & Highways,Madhya Pradesh,56.7
MULTI_MONTH_STAGNATION,CRITICAL,No progress improvement over multiple months,Itarsi Km. 63.000 to Betul Km. 137.000 of NH-69 in Madhya Pradesh,618762.0,Ministry of Road Transport & Highways,Roads & Highways,Madhya Pradesh,56.7
MULTI_MONTH_STAGNATION,CRITICAL,No progress improvement over multiple months,Balance works of 4 lane divided carriageway of Missing Link section of NH-39 Rewa,618784.0,Ministry of Road Transport & Highways,Roads & Highways,Madhya Pradesh,43.6
PF_GAP,WARNING,Physical-Financial gap of -28.8%,Construction of 6 lane Indore western bypass from km 34000 to Km 64000 Pkg-II in,618933.0,Ministry of Road Transport & Highways,Roads & Highways,Madhya Pradesh,8.4
EXPENDITURE_LAG,CRITICAL,Only 38% budget spent but 75% time elapsed,Construction work of 4-laning of Shahganj bypass end to Badi Package-IV of NH-146B,618963.0,Ministry of Road Transport & Highways,Roads & Highways,Madhya Pradesh,33.2
MULTI_MONTH_STAGNATION,CRITICAL,No progress improvement over multiple months,Upgradation of Sarvardewla to Pal MP/MH Border Road section of NH-347 C from,619007.0,Ministry of Road Transport & Highways,Roads & Highways,Madhya Pradesh,23.0
COST_ESCALATION,WARNING,Cost escalated by 36.8% from original,Dhangaon - Borgaon section km 81.000 to km 139.000 [Indore - Edlabad Pkg IV],619100.0,Ministry of Road Transport & Highways,Roads & Highways,Madhya Pradesh,80.2
HIGH_RISK_ML,CRITICAL,ML risk score: 80/100,Dhangaon - Borgaon section km 81.000 to km 139.000 [Indore - Edlabad Pkg IV],619100.0,Ministry of Road Transport & Highways,Roads & Highways,Madhya Pradesh,80.2
TIME_OVERRUN,WARNING,Delayed by 36 months,Dhangaon - Borgaon section km 81.000 to km 139.000 [Indore - Edlabad Pkg IV],619100.0,Ministry of Road Transport & Highways,Roads & Highways,Madhya Pradesh,80.2
MULTI_MONTH_STAGNATION,CRITICAL,No progress improvement over multiple months,Dhangaon - Borgaon section km 81.000 to km 139.000 [Indore - Edlabad Pkg IV],619100.0,Ministry of Road Transport & Highways,Roads & Highways,Madhya Pradesh,80.2
EXPENDITURE_LAG,CRITICAL,Only 32% budget spent but 125% time elapsed,Indore - Harda Pkg-II [Raghavgarh to Nanasa from km. 29.30 to km. 92.30],619114.0,Ministry of Road Transport & Highways,Roads & Highways,Madhya Pradesh,71.3
ELEVATED_RISK_ML,WARNING,ML risk score: 71/100,Indore - Harda Pkg-II [Raghavgarh to Nanasa from km. 29.30 to km. 92.30],619114.0,Ministry of Road Transport & Highways,Roads & Highways,Madhya Pradesh,71.3
TIME_OVERRUN,WARNING,Delayed by 20 months,Indore - Harda Pkg-II [Raghavgarh to Nanasa from km. 29.30 to km. 92.30],619114.0,Ministry of Road Transport & Highways,Roads & Highways,Madhya Pradesh,71.3
MULTI_MONTH_STAGNATION,CRITICAL,No progress improvement over multiple months,Indore - Harda Pkg-II [Raghavgarh to Nanasa from km. 29.30 to km. 92.30],619114.0,Ministry of Road Transport & Highways,Roads & Highways,Madhya Pradesh,71.3
PF_GAP,WARNING,Physical-Financial gap of 27.8%,Construction of New Four Lane Bypass to Parbhani City Parwa to Asola Km 463/265,617932.0,Ministry of Road Transport & Highways,Roads & Highways,Maharashtra,57.1
TIME_OVERRUN,WARNING,Delayed by 24 months,Construction of New Four Lane Bypass to Parbhani City Parwa to Asola Km 463/265,617932.0,Ministry of Road Transport & Highways,Roads & Highways,Maharashtra,57.1
MULTI_MONTH_STAGNATION,CRITICAL,No progress improvement over multiple months,Construction of New Four Lane Bypass to Parbhani City Parwa to Asola Km 463/265,617932.0,Ministry of Road Transport & Highways,Roads & Highways,Maharashtra,57.1
PF_GAP,WARNING,Physical-Financial gap of -34.1%,Nasratpur to Barasgaon section of NH-61 2L / 4L PS from Km.514/00 to 558/200,617934.0,Ministry of Road Transport & Highways,Roads & Highways,Maharashtra,55.0
TIME_OVERRUN,CRITICAL,Delayed by 83 months,Nasratpur to Barasgaon section of NH-61 2L / 4L PS from Km.514/00 to 558/200,617934.0,Ministry of Road Transport & Highways,Roads & Highways,Maharashtra,55.0
MULTI_MONTH_STAGNATION,CRITICAL,No progress improvement over multiple months,Nasratpur to Barasgaon section of NH-61 2L / 4L PS from Km.514/00 to 558/200,617934.0,Ministry of Road Transport & Highways,Roads & Highways,Maharashtra,55.0
PF_GAP,WARNING,Physical-Financial gap of 67.2%,Balance work of NH-66 from design Km 84/00 to Km 87/100 Indapur Bypass and Km,617945.0,Ministry of Road Transport & Highways,Roads & Highways,Maharashtra,28.1
EXPENDITURE_LAG,CRITICAL,Only 37% budget spent but 429% time elapsed,Kashedi to Parshuram Ghat section of NH-66 from Km 161/600 - Km 205/400 - 4L PS,617946.0,Ministry of Road Transport & Highways,Roads & Highways,Maharashtra,64.2
PF_GAP,WARNING,Physical-Financial gap of 60.1%,Kashedi to Parshuram Ghat section of NH-66 from Km 161/600 - Km 205/400 - 4L PS,617946.0,Ministry of Road Transport & Highways,Roads & Highways,Maharashtra,64.2
ELEVATED_RISK_ML,WARNING,ML risk score: 64/100,Kashedi to Parshuram Ghat section of NH-66 from Km 161/600 - Km 205/400 - 4L PS,617946.0,Ministry of Road Transport & Highways,Roads & Highways,Maharashtra,64.2
TIME_OVERRUN,CRITICAL,Delayed by 70 months,Kashedi to Parshuram Ghat section of NH-66 from Km 161/600 - Km 205/400 - 4L PS,617946.0,Ministry of Road Transport & Highways,Roads & Highways,Maharashtra,64.2
MULTI_MONTH_STAGNATION,CRITICAL,No progress improvement over multiple months,Kashedi to Parshuram Ghat section of NH-66 from Km 161/600 - Km 205/400 - 4L PS,617946.0,Ministry of Road Transport & Highways,Roads & Highways,Maharashtra,64.2
COST_ESCALATION,WARNING,Cost escalated by 43.3% from original,Arawali Kante section of NH-17New NH-66 4L PS from Km.241/300 to 281/300,617947.0,Ministry of Road Transport & Highways,Roads & Highways,Maharashtra,94.6
EXPENDITURE_LAG,CRITICAL,Only 0% budget spent but 442% time elapsed,Arawali Kante section of NH-17New NH-66 4L PS from Km.241/300 to 281/300,617947.0,Ministry of Road Transport & Highways,Roads & Highways,Maharashtra,94.6
PF_GAP,WARNING,Physical-Financial gap of 80.0%,Arawali Kante section of NH-17New NH-66 4L PS from Km.241/300 to 281/300,617947.0,Ministry of Road Transport & Highways,Roads & Highways,Maharashtra,94.6
HIGH_RISK_ML,CRITICAL,ML risk score: 95/100,Arawali Kante section of NH-17New NH-66 4L PS from Km.241/300 to 281/300,617947.0,Ministry of Road Transport & Highways,Roads & Highways,Maharashtra,94.6
TIME_OVERRUN,CRITICAL,Delayed by 76 months,Arawali Kante section of NH-17New NH-66 4L PS from Km.241/300 to 281/300,617947.0,Ministry of Road Transport & Highways,Roads & Highways,Maharashtra,94.6
MULTI_MONTH_STAGNATION,CRITICAL,No progress improvement over multiple months,Arawali Kante section of NH-17New NH-66 4L PS from Km.241/300 to 281/300,617947.0,Ministry of Road Transport & Highways,Roads & Highways,Maharashtra,94.6
COST_ESCALATION,CRITICAL,Cost escalated by 80.8% from original,Kante - Wakad section of NH-66 4L PS from Km.281/300 to 332/200,617948.0,Ministry of Road Transport & Highways,Roads & Highways,Maharashtra,95.5
EXPENDITURE_LAG,CRITICAL,Only 19% budget spent but 442% time elapsed,Kante - Wakad section of NH-66 4L PS from Km.281/300 to 332/200,617948.0,Ministry of Road Transport & Highways,Roads & Highways,Maharashtra,95.5
PF_GAP,WARNING,Physical-Financial gap of 56.5%,Kante - Wakad section of NH-66 4L PS from Km.281/300 to 332/200,617948.0,Ministry of Road Transport & Highways,Roads & Highways,Maharashtra,95.5
HIGH_RISK_ML,CRITICAL,ML risk score: 96/100,Kante - Wakad section of NH-66 4L PS from Km.281/300 to 332/200,617948.0,Ministry of Road Transport & Highways,Roads & Highways,Maharashtra,95.5
TIME_OVERRUN,CRITICAL,Delayed by 72 months,Kante - Wakad section of NH-66 4L PS from Km.281/300 to 332/200,617948.0,Ministry of Road Transport & Highways,Roads & Highways,Maharashtra,95.5
MULTI_MONTH_STAGNATION,CRITICAL,No progress improvement over multiple months,Kante - Wakad section of NH-66 4L PS from Km.281/300 to 332/200,617948.0,Ministry of Road Transport & Highways,Roads & Highways,Maharashtra,95.5
PF_GAP,WARNING,Physical-Financial gap of 39.3%,Kopargaon to Savali Vihir section,617965.0,Ministry of Road Transport & Highways,Roads & Highways,Maharashtra,50.3
TIME_OVERRUN,WARNING,Delayed by 25 months,Kopargaon to Savali Vihir section,617965.0,Ministry of Road Transport & Highways,Roads & Highways,Maharashtra,50.3
PF_GAP,WARNING,Physical-Financial gap of 51.3%,"Rehabilitation, upgradation & widening of existing highway to 2L/4LPS Rigid",617978.0,Ministry of Road Transport & Highways,Roads & Highways,Maharashtra,20.6
PF_GAP,WARNING,Physical-Financial gap of 74.3%,"Rehabilitation, upgradation & widening of existing highway to 2L/4LPS Rigid",617979.0,Ministry of Road Transport & Highways,Roads & Highways,Maharashtra,28.2
EXPENDITURE_LAG,CRITICAL,Only 30% budget spent but 189% time elapsed,Rehabilitation/ Upgradation of existing Highway to four lane standards in Kurkheda,618042.0,Ministry of Road Transport & Highways,Roads & Highways,Maharashtra,48.2
PF_GAP,WARNING,Physical-Financial gap of 20.3%,Rehabilitation/ Upgradation of existing Highway to four lane standards in Kurkheda,618042.0,Ministry of Road Transport & Highways,Roads & Highways,Maharashtra,48.2
TIME_OVERRUN,WARNING,Delayed by 19 months,Rehabilitation/ Upgradation of existing Highway to four lane standards in Kurkheda,618042.0,Ministry of Road Transport & Highways,Roads & Highways,Maharashtra,48.2
PF_GAP,WARNING,Physical-Financial gap of 88.6%,"Widening, Reconstruction & Up-gradation to 2 lane with Paved Shoulder/Four Lane",618047.0,Ministry of Road Transport & Highways,Roads & Highways,Maharashtra,28.2
EXPENDITURE_LAG,CRITICAL,Only 35% budget spent but 111% time elapsed,Up-gradation to 2/4 lane with paved shoulder configuration of NH-652 from Tuljapur,618049.0,Ministry of Road Transport & Highways,Roads & Highways,Maharashtra,45.2
PF_GAP,WARNING,Physical-Financial gap of 62.6%,Up-gradation to 2/4 lane with paved shoulder configuration of NH-652 from Tuljapur,618049.0,Ministry of Road Transport & Highways,Roads & Highways,Maharashtra,45.2
EXPENDITURE_LAG,CRITICAL,Only 34% budget spent but 172% time elapsed,Construction of four-lane Concrete Road from Police Headquarter Gondia City to,618059.0,Ministry of Road Transport & Highways,Roads & Highways,Maharashtra,50.2
TIME_OVERRUN,WARNING,Delayed by 14 months,Construction of four-lane Concrete Road from Police Headquarter Gondia City to,618059.0,Ministry of Road Transport & Highways,Roads & Highways,Maharashtra,50.2
MULTI_MONTH_STAGNATION,CRITICAL,No progress improvement over multiple months,Construction of four-lane Concrete Road from Police Headquarter Gondia City to,618059.0,Ministry of Road Transport & Highways,Roads & Highways,Maharashtra,50.2
EXPENDITURE_LAG,CRITICAL,Only 15% budget spent but 100% time elapsed,"Strengthening, Widening & Up-gradation of newly declared NH-761 from NH-",618061.0,Ministry of Road Transport & Highways,Roads & Highways,Maharashtra,30.5
PF_GAP,WARNING,Physical-Financial gap of 47.7%,"Strengthening, Widening & Up-gradation of newly declared NH-761 from NH-",618061.0,Ministry of Road Transport & Highways,Roads & Highways,Maharashtra,30.5
EXPENDITURE_LAG,CRITICAL,Only 16% budget spent but 166% time elapsed,Rehabilitation/Upgradation of existing Highway to 2LPS/4 lane of Dhawali to Rajoli,618065.0,Ministry of Road Transport & Highways,Roads & Highways,Maharashtra,49.7
PF_GAP,WARNING,Physical-Financial gap of 21.5%,Rehabilitation/Upgradation of existing Highway to 2LPS/4 lane of Dhawali to Rajoli,618065.0,Ministry of Road Transport & Highways,Roads & Highways,Maharashtra,49.7
TIME_OVERRUN,WARNING,Delayed by 18 months,Rehabilitation/Upgradation of existing Highway to 2LPS/4 lane of Dhawali to Rajoli,618065.0,Ministry of Road Transport & Highways,Roads & Highways,Maharashtra,49.7
EXPENDITURE_LAG,CRITICAL,Only 10% budget spent but 83% time elapsed,Nandurshingote to Kolhar,618088.0,Ministry of Road Transport & Highways,Roads & Highways,Maharashtra,26.7
PF_GAP,WARNING,Physical-Financial gap of 32.0%,Nandurshingote to Kolhar,618088.0,Ministry of Road Transport & Highways,Roads & Highways,Maharashtra,26.7
EXPENDITURE_LAG,CRITICAL,Only 36% budget spent but 171% time elapsed,Rehabilitation & Up-gradation of Mudkhed to Nanded section from Km. 372000 to Km,618089.0,Ministry of Road Transport & Highways,Roads & Highways,Maharashtra,56.3
PF_GAP,WARNING,Physical-Financial gap of 29.1%,Rehabilitation & Up-gradation of Mudkhed to Nanded section from Km. 372000 to Km,618089.0,Ministry of Road Transport & Highways,Roads & Highways,Maharashtra,56.3
TIME_OVERRUN,WARNING,Delayed by 18 months,Rehabilitation & Up-gradation of Mudkhed to Nanded section from Km. 372000 to Km,618089.0,Ministry of Road Transport & Highways,Roads & Highways,Maharashtra,56.3
MULTI_MONTH_STAGNATION,CRITICAL,No progress improvement over multiple months,Rehabilitation & Up-gradation of Mudkhed to Nanded section from Km. 372000 to Km,618089.0,Ministry of Road Transport & Highways,Roads & Highways,Maharashtra,56.3
TIME_OVERRUN,CRITICAL,Delayed by 72 months,Pen to Khopoli 2LPS,618094.0,Ministry of Road Transport & Highways,Roads & Highways,Maharashtra,49.3
MULTI_MONTH_STAGNATION,CRITICAL,No progress improvement over multiple months,Pen to Khopoli 2LPS,618094.0,Ministry of Road Transport & Highways,Roads & Highways,Maharashtra,49.3
EXPENDITURE_LAG,CRITICAL,Only 33% budget spent but 128% time elapsed,Rehabilitation and Up-gradation to 2 lane road with paved shoulders configuration for,618096.0,Ministry of Road Transport & Highways,Roads & Highways,Maharashtra,49.9
PF_GAP,WARNING,Physical-Financial gap of 53.8%,Rehabilitation and Up-gradation to 2 lane road with paved shoulders configuration for,618096.0,Ministry of Road Transport & Highways,Roads & Highways,Maharashtra,49.9
MULTI_MONTH_STAGNATION,CRITICAL,No progress improvement over multiple months,Rehabilitation and Up-gradation to 2 lane road with paved shoulders configuration for,618096.0,Ministry of Road Transport & Highways,Roads & Highways,Maharashtra,49.9
EXPENDITURE_LAG,CRITICAL,Only 0% budget spent but 463% time elapsed,Guhagar - Rampur - 2L-PS - km 0/00 Guhagar to 26/230 Rampur and 40/00 Mirjoli to,618097.0,Ministry of Road Transport & Highways,Roads & Highways,Maharashtra,66.3
PF_GAP,WARNING,Physical-Financial gap of 91.9%,Guhagar - Rampur - 2L-PS - km 0/00 Guhagar to 26/230 Rampur and 40/00 Mirjoli to,618097.0,Ministry of Road Transport & Highways,Roads & Highways,Maharashtra,66.3
ELEVATED_RISK_ML,WARNING,ML risk score: 66/100,Guhagar - Rampur - 2L-PS - km 0/00 Guhagar to 26/230 Rampur and 40/00 Mirjoli to,618097.0,Ministry of Road Transport & Highways,Roads & Highways,Maharashtra,66.3
TIME_OVERRUN,CRITICAL,Delayed by 74 months,Guhagar - Rampur - 2L-PS - km 0/00 Guhagar to 26/230 Rampur and 40/00 Mirjoli to,618097.0,Ministry of Road Transport & Highways,Roads & Highways,Maharashtra,66.3
MULTI_MONTH_STAGNATION,CRITICAL,No progress improvement over multiple months,Guhagar - Rampur - 2L-PS - km 0/00 Guhagar to 26/230 Rampur and 40/00 Mirjoli to,618097.0,Ministry of Road Transport & Highways,Roads & Highways,Maharashtra,66.3
EXPENDITURE_LAG,CRITICAL,Only 0% budget spent but 256% time elapsed,Upgradation of exhisting 2 lane flexible pavement to 2 lane paved shoulders rigid,618098.0,Ministry of Road Transport & Highways,Roads & Highways,Maharashtra,64.8
PF_GAP,WARNING,Physical-Financial gap of 93.8%,Upgradation of exhisting 2 lane flexible pavement to 2 lane paved shoulders rigid,618098.0,Ministry of Road Transport & Highways,Roads & Highways,Maharashtra,64.8
ELEVATED_RISK_ML,WARNING,ML risk score: 65/100,Upgradation of exhisting 2 lane flexible pavement to 2 lane paved shoulders rigid,618098.0,Ministry of Road Transport & Highways,Roads & Highways,Maharashtra,64.8
TIME_OVERRUN,WARNING,Delayed by 27 months,Upgradation of exhisting 2 lane flexible pavement to 2 lane paved shoulders rigid,618098.0,Ministry of Road Transport & Highways,Roads & Highways,Maharashtra,64.8
MULTI_MONTH_STAGNATION,CRITICAL,No progress improvement over multiple months,Upgradation of exhisting 2 lane flexible pavement to 2 lane paved shoulders rigid,618098.0,Ministry of Road Transport & Highways,Roads & Highways,Maharashtra,64.8
TIME_OVERRUN,WARNING,Delayed by 34 months,Strengthening and Widening of road Sakoli- Wadsa-Armori-Gadchiroli-Ashti- Allapalli -,618133.0,Ministry of Road Transport & Highways,Roads & Highways,Maharashtra,44.6
EXPENDITURE_LAG,CRITICAL,Only 29% budget spent but 100% time elapsed,Rehabilitation /Upgradation from Lagam to Alapalli section Desing Km. 199/400 to km,618134.0,Ministry of Road Transport & Highways,Roads & Highways,Maharashtra,26.3
PF_GAP,WARNING,Physical-Financial gap of 52.6%,Rehabilitation /Upgradation from Lagam to Alapalli section Desing Km. 199/400 to km,618134.0,Ministry of Road Transport & Highways,Roads & Highways,Maharashtra,26.3
PF_GAP,WARNING,Physical-Financial gap of 38.9%,Rehabilitation and Up-gradation of Jarud - Sirsala section of NH-361F km 59500 to,618137.0,Ministry of Road Transport & Highways,Roads & Highways,Maharashtra,18.7
EXPENDITURE_LAG,CRITICAL,Only 0% budget spent but 89% time elapsed,"Widening, Reconstruction & Up-gradation to 2 lane with Paved Shoulder/Four Lane",618138.0,Ministry of Road Transport & Highways,Roads & Highways,Maharashtra,33.0
PF_GAP,WARNING,Physical-Financial gap of 54.0%,"Widening, Reconstruction & Up-gradation to 2 lane with Paved Shoulder/Four Lane",618138.0,Ministry of Road Transport & Highways,Roads & Highways,Maharashtra,33.0
EXPENDITURE_LAG,CRITICAL,Only 0% budget spent but 100% time elapsed,Rehabilitation and Up-gradation of Gangakhed Loha section of NH-361F from Km,618139.0,Ministry of Road Transport & Highways,Roads & Highways,Maharashtra,40.8
PF_GAP,WARNING,Physical-Financial gap of 43.5%,Rehabilitation and Up-gradation of Gangakhed Loha section of NH-361F from Km,618139.0,Ministry of Road Transport & Highways,Roads & Highways,Maharashtra,40.8
MULTI_MONTH_STAGNATION,CRITICAL,No progress improvement over multiple months,Rehabilitation and Up-gradation of Gangakhed Loha section of NH-361F from Km,618139.0,Ministry of Road Transport & Highways,Roads & Highways,Maharashtra,40.8
MULTI_MONTH_STAGNATION,CRITICAL,No progress improvement over multiple months,Rehabilitation and Up-gradation of i. Deogaon phata to Digras phata Ch. 0/000 to,618150.0,Ministry of Road Transport & Highways,Roads & Highways,Maharashtra,35.2
EXPENDITURE_LAG,CRITICAL,Only 0% budget spent but 475% time elapsed,Mhaswad to Tembhurni section of NH-548C - 2L PS,618152.0,Ministry of Road Transport & Highways,Roads & Highways,Maharashtra,67.5
PF_GAP,WARNING,Physical-Financial gap of 96.2%,Mhaswad to Tembhurni section of NH-548C - 2L PS,618152.0,Ministry of Road Transport & Highways,Roads & Highways,Maharashtra,67.5
ELEVATED_RISK_ML,WARNING,ML risk score: 68/100,Mhaswad to Tembhurni section of NH-548C - 2L PS,618152.0,Ministry of Road Transport & Highways,Roads & Highways,Maharashtra,67.5
TIME_OVERRUN,CRITICAL,Delayed by 85 months,Mhaswad to Tembhurni section of NH-548C - 2L PS,618152.0,Ministry of Road Transport & Highways,Roads & Highways,Maharashtra,67.5
MULTI_MONTH_STAGNATION,CRITICAL,No progress improvement over multiple months,Mhaswad to Tembhurni section of NH-548C - 2L PS,618152.0,Ministry of Road Transport & Highways,Roads & Highways,Maharashtra,67.5
EXPENDITURE_LAG,CRITICAL,Only 1% budget spent but 455% time elapsed,Satara to Mhaswad,618153.0,Ministry of Road Transport & Highways,Roads & Highways,Maharashtra,66.4
PF_GAP,WARNING,Physical-Financial gap of 97.0%,Satara to Mhaswad,618153.0,Ministry of Road Transport & Highways,Roads & Highways,Maharashtra,66.4
ELEVATED_RISK_ML,WARNING,ML risk score: 66/100,Satara to Mhaswad,618153.0,Ministry of Road Transport & Highways,Roads & Highways,Maharashtra,66.4
TIME_OVERRUN,CRITICAL,Delayed by 84 months,Satara to Mhaswad,618153.0,Ministry of Road Transport & Highways,Roads & Highways,Maharashtra,66.4
MULTI_MONTH_STAGNATION,CRITICAL,No progress improvement over multiple months,Satara to Mhaswad,618153.0,Ministry of Road Transport & Highways,Roads & Highways,Maharashtra,66.4
EXPENDITURE_LAG,CRITICAL,Only 0% budget spent but 245% time elapsed,Rehabilitation & upgradation of Jamkhed to Sautada Section of NH548 D from km,618154.0,Ministry of Road Transport & Highways,Roads & Highways,Maharashtra,65.4
PF_GAP,WARNING,Physical-Financial gap of 68.9%,Rehabilitation & upgradation of Jamkhed to Sautada Section of NH548 D from km,618154.0,Ministry of Road Transport & Highways,Roads & Highways,Maharashtra,65.4
ELEVATED_RISK_ML,WARNING,ML risk score: 65/100,Rehabilitation & upgradation of Jamkhed to Sautada Section of NH548 D from km,618154.0,Ministry of Road Transport & Highways,Roads & Highways,Maharashtra,65.4
TIME_OVERRUN,WARNING,Delayed by 23 months,Rehabilitation & upgradation of Jamkhed to Sautada Section of NH548 D from km,618154.0,Ministry of Road Transport & Highways,Roads & Highways,Maharashtra,65.4
MULTI_MONTH_STAGNATION,CRITICAL,No progress improvement over multiple months,Rehabilitation & upgradation of Jamkhed to Sautada Section of NH548 D from km,618154.0,Ministry of Road Transport & Highways,Roads & Highways,Maharashtra,65.4
EXPENDITURE_LAG,CRITICAL,Only 25% budget spent but 111% time elapsed,Development/Widening of Talegaon Chakan Shikrapur Nhavara Section of NH-548D,618155.0,Ministry of Road Transport & Highways,Roads & Highways,Maharashtra,49.5
PF_GAP,WARNING,Physical-Financial gap of 51.0%,Development/Widening of Talegaon Chakan Shikrapur Nhavara Section of NH-548D,618155.0,Ministry of Road Transport & Highways,Roads & Highways,Maharashtra,49.5
PF_GAP,WARNING,Physical-Financial gap of 21.1%,Paithan - Shirur section 2LPS Km 0.0 to 55.00,618172.0,Ministry of Road Transport & Highways,Roads & Highways,Maharashtra,55.0
TIME_OVERRUN,CRITICAL,Delayed by 88 months,Paithan - Shirur section 2LPS Km 0.0 to 55.00,618172.0,Ministry of Road Transport & Highways,Roads & Highways,Maharashtra,55.0
MULTI_MONTH_STAGNATION,CRITICAL,No progress improvement over multiple months,Paithan - Shirur section 2LPS Km 0.0 to 55.00,618172.0,Ministry of Road Transport & Highways,Roads & Highways,Maharashtra,55.0
EXPENDITURE_LAG,CRITICAL,Only 0% budget spent but 463% time elapsed,Shirur-Kharda section from 55937 km to 114486 km to 2LPS/4L,618173.0,Ministry of Road Transport & Highways,Roads & Highways,Maharashtra,65.9
PF_GAP,WARNING,Physical-Financial gap of 83.9%,Shirur-Kharda section from 55937 km to 114486 km to 2LPS/4L,618173.0,Ministry of Road Transport & Highways,Roads & Highways,Maharashtra,65.9
ELEVATED_RISK_ML,WARNING,ML risk score: 66/100,Shirur-Kharda section from 55937 km to 114486 km to 2LPS/4L,618173.0,Ministry of Road Transport & Highways,Roads & Highways,Maharashtra,65.9
TIME_OVERRUN,CRITICAL,Delayed by 86 months,Shirur-Kharda section from 55937 km to 114486 km to 2LPS/4L,618173.0,Ministry of Road Transport & Highways,Roads & Highways,Maharashtra,65.9
MULTI_MONTH_STAGNATION,CRITICAL,No progress improvement over multiple months,Shirur-Kharda section from 55937 km to 114486 km to 2LPS/4L,618173.0,Ministry of Road Transport & Highways,Roads & Highways,Maharashtra,65.9
EXPENDITURE_LAG,CRITICAL,Only 0% budget spent but 95% time elapsed,Rehabilitation and Upgradation to two lane with paved shoulder configuration of NH-,618174.0,Ministry of Road Transport & Highways,Roads & Highways,Maharashtra,36.8
PF_GAP,WARNING,Physical-Financial gap of 100.0%,Rehabilitation and Upgradation to two lane with paved shoulder configuration of NH-,618174.0,Ministry of Road Transport & Highways,Roads & Highways,Maharashtra,36.8
MULTI_MONTH_STAGNATION,CRITICAL,No progress improvement over multiple months,Rehabilitation and Upgradation to two lane with paved shoulder configuration of NH-,618174.0,Ministry of Road Transport & Highways,Roads & Highways,Maharashtra,36.8
PF_GAP,WARNING,Physical-Financial gap of 24.0%,Rehabilitation and upgradation from ch km 50/200 to 56/800 and km 62/600 to,618176.0,Ministry of Road Transport & Highways,Roads & Highways,Maharashtra,16.2
EXPENDITURE_LAG,CRITICAL,Only 3% budget spent but 550% time elapsed,Pal Phata Phulambri - Khultabad 2LPS,618177.0,Ministry of Road Transport & Highways,Roads & Highways,Maharashtra,65.1
PF_GAP,WARNING,Physical-Financial gap of 92.7%,Pal Phata Phulambri - Khultabad 2LPS,618177.0,Ministry of Road Transport & Highways,Roads & Highways,Maharashtra,65.1
ELEVATED_RISK_ML,WARNING,ML risk score: 65/100,Pal Phata Phulambri - Khultabad 2LPS,618177.0,Ministry of Road Transport & Highways,Roads & Highways,Maharashtra,65.1
TIME_OVERRUN,CRITICAL,Delayed by 72 months,Pal Phata Phulambri - Khultabad 2LPS,618177.0,Ministry of Road Transport & Highways,Roads & Highways,Maharashtra,65.1
MULTI_MONTH_STAGNATION,CRITICAL,No progress improvement over multiple months,Pal Phata Phulambri - Khultabad 2LPS,618177.0,Ministry of Road Transport & Highways,Roads & Highways,Maharashtra,65.1
EXPENDITURE_LAG,CRITICAL,Only 0% budget spent but 117% time elapsed,Widening and strengthening of Gangakhed to Kingaon section of NH-752K in Km,618178.0,Ministry of Road Transport & Highways,Roads & Highways,Maharashtra,60.9
PF_GAP,WARNING,Physical-Financial gap of 72.0%,Widening and strengthening of Gangakhed to Kingaon section of NH-752K in Km,618178.0,Ministry of Road Transport & Highways,Roads & Highways,Maharashtra,60.9
ELEVATED_RISK_ML,WARNING,ML risk score: 61/100,Widening and strengthening of Gangakhed to Kingaon section of NH-752K in Km,618178.0,Ministry of Road Transport & Highways,Roads & Highways,Maharashtra,60.9
MULTI_MONTH_STAGNATION,CRITICAL,No progress improvement over multiple months,Widening and strengthening of Gangakhed to Kingaon section of NH-752K in Km,618178.0,Ministry of Road Transport & Highways,Roads & Highways,Maharashtra,60.9
EXPENDITURE_LAG,CRITICAL,Only 0% budget spent but 550% time elapsed,Pune raigarh District Border To Mangaon Ch 69000 to 103775 NH-753F,618180.0,Ministry of Road Transport & Highways,Roads & Highways,Maharashtra,65.7
PF_GAP,WARNING,Physical-Financial gap of 89.1%,Pune raigarh District Border To Mangaon Ch 69000 to 103775 NH-753F,618180.0,Ministry of Road Transport & Highways,Roads & Highways,Maharashtra,65.7
ELEVATED_RISK_ML,WARNING,ML risk score: 66/100,Pune raigarh District Border To Mangaon Ch 69000 to 103775 NH-753F,618180.0,Ministry of Road Transport & Highways,Roads & Highways,Maharashtra,65.7
TIME_OVERRUN,CRITICAL,Delayed by 79 months,Pune raigarh District Border To Mangaon Ch 69000 to 103775 NH-753F,618180.0,Ministry of Road Transport & Highways,Roads & Highways,Maharashtra,65.7
MULTI_MONTH_STAGNATION,CRITICAL,No progress improvement over multiple months,Pune raigarh District Border To Mangaon Ch 69000 to 103775 NH-753F,618180.0,Ministry of Road Transport & Highways,Roads & Highways,Maharashtra,65.7
EXPENDITURE_LAG,CRITICAL,Only 39% budget spent but 189% time elapsed,Rehabilitation and Up-gradation to 2 lane with paved shoulder configuration of Mahud,618188.0,Ministry of Road Transport & Highways,Roads & Highways,Maharashtra,59.1
PF_GAP,WARNING,Physical-Financial gap of 61.0%,Rehabilitation and Up-gradation to 2 lane with paved shoulder configuration of Mahud,618188.0,Ministry of Road Transport & Highways,Roads & Highways,Maharashtra,59.1
TIME_OVERRUN,WARNING,Delayed by 15 months,Rehabilitation and Up-gradation to 2 lane with paved shoulder configuration of Mahud,618188.0,Ministry of Road Transport & Highways,Roads & Highways,Maharashtra,59.1
MULTI_MONTH_STAGNATION,CRITICAL,No progress improvement over multiple months,Rehabilitation and Up-gradation to 2 lane with paved shoulder configuration of Mahud,618188.0,Ministry of Road Transport & Highways,Roads & Highways,Maharashtra,59.1
PF_GAP,WARNING,Physical-Financial gap of 49.3%,Balance work of Rehabilitation and Up-gradation to 2-lane road with paved shoulders,618198.0,Ministry of Road Transport & Highways,Roads & Highways,Maharashtra,60.6
ELEVATED_RISK_ML,WARNING,ML risk score: 61/100,Balance work of Rehabilitation and Up-gradation to 2-lane road with paved shoulders,618198.0,Ministry of Road Transport & Highways,Roads & Highways,Maharashtra,60.6
TIME_OVERRUN,WARNING,Delayed by 31 months,Balance work of Rehabilitation and Up-gradation to 2-lane road with paved shoulders,618198.0,Ministry of Road Transport & Highways,Roads & Highways,Maharashtra,60.6
MULTI_MONTH_STAGNATION,CRITICAL,No progress improvement over multiple months,Balance work of Rehabilitation and Up-gradation to 2-lane road with paved shoulders,618198.0,Ministry of Road Transport & Highways,Roads & Highways,Maharashtra,60.6
EXPENDITURE_LAG,CRITICAL,Only 23% budget spent but 108% time elapsed,"Rehabilitation, Upgradation & Widening of existing Highway to Rigid Pavement 2 Lane",618199.0,Ministry of Road Transport & Highways,Roads & Highways,Maharashtra,46.6
PF_GAP,WARNING,Physical-Financial gap of 30.3%,"Rehabilitation, Upgradation & Widening of existing Highway to Rigid Pavement 2 Lane",618199.0,Ministry of Road Transport & Highways,Roads & Highways,Maharashtra,46.6
COST_ESCALATION,WARNING,Cost escalated by 32.3% from original,Vadodara Mumbai Expressway Phase II - Pkg XIII [Km. 26.582 to Km. 50.700],618469.0,Ministry of Road Transport & Highways,Roads & Highways,Maharashtra,78.6
PF_GAP,WARNING,Physical-Financial gap of 42.0%,Vadodara Mumbai Expressway Phase II - Pkg XIII [Km. 26.582 to Km. 50.700],618469.0,Ministry of Road Transport & Highways,Roads & Highways,Maharashtra,78.6
ELEVATED_RISK_ML,WARNING,ML risk score: 79/100,Vadodara Mumbai Expressway Phase II - Pkg XIII [Km. 26.582 to Km. 50.700],618469.0,Ministry of Road Transport & Highways,Roads & Highways,Maharashtra,78.6
TIME_OVERRUN,WARNING,Delayed by 30 months,Vadodara Mumbai Expressway Phase II - Pkg XIII [Km. 26.582 to Km. 50.700],618469.0,Ministry of Road Transport & Highways,Roads & Highways,Maharashtra,78.6
EXPENDITURE_LAG,CRITICAL,Only 27% budget spent but 256% time elapsed,Vadodara Mumbai Expressway Phase II - Pkg XIV [Km. 3.000 to Km. 20.200 of Spur],618470.0,Ministry of Road Transport & Highways,Roads & Highways,Maharashtra,76.6
PF_GAP,WARNING,Physical-Financial gap of 67.2%,Vadodara Mumbai Expressway Phase II - Pkg XIV [Km. 3.000 to Km. 20.200 of Spur],618470.0,Ministry of Road Transport & Highways,Roads & Highways,Maharashtra,76.6
ELEVATED_RISK_ML,WARNING,ML risk score: 77/100,Vadodara Mumbai Expressway Phase II - Pkg XIV [Km. 3.000 to Km. 20.200 of Spur],618470.0,Ministry of Road Transport & Highways,Roads & Highways,Maharashtra,76.6
TIME_OVERRUN,WARNING,Delayed by 27 months,Vadodara Mumbai Expressway Phase II - Pkg XIV [Km. 3.000 to Km. 20.200 of Spur],618470.0,Ministry of Road Transport & Highways,Roads & Highways,Maharashtra,76.6
EXPENDITURE_LAG,CRITICAL,Only 22% budget spent but 256% time elapsed,Vadodara Mumbai Expressway Phase II - Pkg XV [Km. 20.200 to Km. 43.000 of Spur],618471.0,Ministry of Road Transport & Highways,Roads & Highways,Maharashtra,77.8
PF_GAP,WARNING,Physical-Financial gap of 69.6%,Vadodara Mumbai Expressway Phase II - Pkg XV [Km. 20.200 to Km. 43.000 of Spur],618471.0,Ministry of Road Transport & Highways,Roads & Highways,Maharashtra,77.8
ELEVATED_RISK_ML,WARNING,ML risk score: 78/100,Vadodara Mumbai Expressway Phase II - Pkg XV [Km. 20.200 to Km. 43.000 of Spur],618471.0,Ministry of Road Transport & Highways,Roads & Highways,Maharashtra,77.8
TIME_OVERRUN,WARNING,Delayed by 27 months,Vadodara Mumbai Expressway Phase II - Pkg XV [Km. 20.200 to Km. 43.000 of Spur],618471.0,Ministry of Road Transport & Highways,Roads & Highways,Maharashtra,77.8
EXPENDITURE_LAG,CRITICAL,Only 22% budget spent but 200% time elapsed,Vadodara Mumbai Expressway Phase II - Pkg XVI [Km. 43.000 to Km. 69.800 of Spur],618472.0,Ministry of Road Transport & Highways,Roads & Highways,Maharashtra,75.1
PF_GAP,WARNING,Physical-Financial gap of 72.0%,Vadodara Mumbai Expressway Phase II - Pkg XVI [Km. 43.000 to Km. 69.800 of Spur],618472.0,Ministry of Road Transport & Highways,Roads & Highways,Maharashtra,75.1
ELEVATED_RISK_ML,WARNING,ML risk score: 75/100,Vadodara Mumbai Expressway Phase II - Pkg XVI [Km. 43.000 to Km. 69.800 of Spur],618472.0,Ministry of Road Transport & Highways,Roads & Highways,Maharashtra,75.1
TIME_OVERRUN,WARNING,Delayed by 22 months,Vadodara Mumbai Expressway Phase II - Pkg XVI [Km. 43.000 to Km. 69.800 of Spur],618472.0,Ministry of Road Transport & Highways,Roads & Highways,Maharashtra,75.1
EXPENDITURE_LAG,CRITICAL,Only 38% budget spent but 147% time elapsed,Vadodara Mumbai Expressway Phase II - Pkg XVII [Km. 69.800 to Km. 79.783 of,618473.0,Ministry of Road Transport & Highways,Roads & Highways,Maharashtra,70.9
PF_GAP,WARNING,Physical-Financial gap of 48.6%,Vadodara Mumbai Expressway Phase II - Pkg XVII [Km. 69.800 to Km. 79.783 of,618473.0,Ministry of Road Transport & Highways,Roads & Highways,Maharashtra,70.9
ELEVATED_RISK_ML,WARNING,ML risk score: 71/100,Vadodara Mumbai Expressway Phase II - Pkg XVII [Km. 69.800 to Km. 79.783 of,618473.0,Ministry of Road Transport & Highways,Roads & Highways,Maharashtra,70.9
TIME_OVERRUN,WARNING,Delayed by 13 months,Vadodara Mumbai Expressway Phase II - Pkg XVII [Km. 69.800 to Km. 79.783 of,618473.0,Ministry of Road Transport & Highways,Roads & Highways,Maharashtra,70.9
TIME_OVERRUN,CRITICAL,Delayed by 56 months,Tunnel at Khambataki Ghat Section and its approaches from existing Km. 771.730 to,618512.0,Ministry of Road Transport & Highways,Roads & Highways,Maharashtra,42.2
PF_GAP,WARNING,Physical-Financial gap of 21.1%,6L of Kagal-Satara section from Km 592.500 to Km 658.000 of NH-48 Pkg-I,618513.0,Ministry of Road Transport & Highways,Roads & Highways,Maharashtra,46.7
TIME_OVERRUN,WARNING,Delayed by 25 months,6L of Kagal-Satara section from Km 592.500 to Km 658.000 of NH-48 Pkg-I,618513.0,Ministry of Road Transport & Highways,Roads & Highways,Maharashtra,46.7
PF_GAP,WARNING,Physical-Financial gap of 81.3%,6L of Kagal-Satara section from Km 658.000 to Km 725.000 of NH-48 Pkg-II,618514.0,Ministry of Road Transport & Highways,Roads & Highways,Maharashtra,50.0
TIME_OVERRUN,WARNING,Delayed by 24 months,6L of Kagal-Satara section from Km 658.000 to Km 725.000 of NH-48 Pkg-II,618514.0,Ministry of Road Transport & Highways,Roads & Highways,Maharashtra,50.0
EXPENDITURE_LAG,CRITICAL,Only 22% budget spent but 77% time elapsed,6L of Gonde Km. 439.038 to Pimpri Sado Km. 459.905 section of NH-848 Old NH-3,618585.0,Ministry of Road Transport & Highways,Roads & Highways,Maharashtra,39.1
PF_GAP,WARNING,Physical-Financial gap of 21.8%,6L of Gonde Km. 439.038 to Pimpri Sado Km. 459.905 section of NH-848 Old NH-3,618585.0,Ministry of Road Transport & Highways,Roads & Highways,Maharashtra,39.1
PF_GAP,WARNING,Physical-Financial gap of 31.8%,Improvement and strengthening of existing 2 lane stretch to 2-Lane with PS 1.5m on,618586.0,Ministry of Road Transport & Highways,Roads & Highways,Maharashtra,39.6
TIME_OVERRUN,WARNING,Delayed by 33 months,4L Mitigation Measure structures on CH/MH Border to Wainganga Bridge Section of,618588.0,Ministry of Road Transport & Highways,Roads & Highways,Maharashtra,48.6
MULTI_MONTH_STAGNATION,CRITICAL,No progress improvement over multiple months,4L Mitigation Measure structures on CH/MH Border to Wainganga Bridge Section of,618588.0,Ministry of Road Transport & Highways,Roads & Highways,Maharashtra,48.6
PF_GAP,WARNING,Physical-Financial gap of 42.8%,Balance work of 4L Panvel to Indapur section of NH-66 Old NH- 17 from km 0.000,618594.0,Ministry of Road Transport & Highways,Roads & Highways,Maharashtra,47.3
TIME_OVERRUN,WARNING,Delayed by 22 months,Balance work of 4L Panvel to Indapur section of NH-66 Old NH- 17 from km 0.000,618594.0,Ministry of Road Transport & Highways,Roads & Highways,Maharashtra,47.3
EXPENDITURE_LAG,CRITICAL,Only 35% budget spent but 96% time elapsed,Four laning from Dive Ghat Km. 220.900 to Hadapsar Km. 234.150 of Mohol Alandi,618626.0,Ministry of Road Transport & Highways,Roads & Highways,Maharashtra,45.9
PF_GAP,WARNING,Physical-Financial gap of 52.8%,Four laning from Dive Ghat Km. 220.900 to Hadapsar Km. 234.150 of Mohol Alandi,618626.0,Ministry of Road Transport & Highways,Roads & Highways,Maharashtra,45.9
EXPENDITURE_LAG,CRITICAL,Only 24% budget spent but 78% time elapsed,Construction of 7 Nos of Standalone safety structures/works at different locations on,618627.0,Ministry of Road Transport & Highways,Roads & Highways,Maharashtra,21.4
TIME_OVERRUN,WARNING,Delayed by 17 months,Strengthening of Existing Alignment of Pandharpur Town Part Bypassed Section of,618628.0,Ministry of Road Transport & Highways,Roads & Highways,Maharashtra,38.0
COST_ESCALATION,CRITICAL,Cost escalated by 180.4% from original,Loha-Waranga Section of NH-361 from km 187.800 to km 244.369,618653.0,Ministry of Road Transport & Highways,Roads & Highways,Maharashtra,88.2
PF_GAP,WARNING,Physical-Financial gap of -25.4%,Loha-Waranga Section of NH-361 from km 187.800 to km 244.369,618653.0,Ministry of Road Transport & Highways,Roads & Highways,Maharashtra,88.2
HIGH_RISK_ML,CRITICAL,ML risk score: 88/100,Loha-Waranga Section of NH-361 from km 187.800 to km 244.369,618653.0,Ministry of Road Transport & Highways,Roads & Highways,Maharashtra,88.2
TIME_OVERRUN,CRITICAL,Delayed by 69 months,Loha-Waranga Section of NH-361 from km 187.800 to km 244.369,618653.0,Ministry of Road Transport & Highways,Roads & Highways,Maharashtra,88.2
MULTI_MONTH_STAGNATION,CRITICAL,No progress improvement over multiple months,Loha-Waranga Section of NH-361 from km 187.800 to km 244.369,618653.0,Ministry of Road Transport & Highways,Roads & Highways,Maharashtra,88.2
PF_GAP,WARNING,Physical-Financial gap of 35.4%,Bodhre - Dhule,618693.0,Ministry of Road Transport & Highways,Roads & Highways,Maharashtra,57.8
TIME_OVERRUN,WARNING,Delayed by 25 months,Bodhre - Dhule,618693.0,Ministry of Road Transport & Highways,Roads & Highways,Maharashtra,57.8
MULTI_MONTH_STAGNATION,CRITICAL,No progress improvement over multiple months,Bodhre - Dhule,618693.0,Ministry of Road Transport & Highways,Roads & Highways,Maharashtra,57.8
TIME_OVERRUN,WARNING,Delayed by 20 months,4L of Ratnagiri - Kolhapur section from km 67.140 to km 112.340 of NH-166 Pkg II,618836.0,Ministry of Road Transport & Highways,Roads & Highways,Maharashtra,44.3
TIME_OVERRUN,WARNING,Delayed by 20 months,4L of Ratnagiri - Kolhapur section from km 112.340 to km 145.300 of NH-166 PkgIII,618837.0,Ministry of Road Transport & Highways,Roads & Highways,Maharashtra,45.7
COST_ESCALATION,WARNING,Cost escalated by 22.8% from original,4L of Nagpur-Katol Section from Km. 13.00 to Km. 62.900 of NH-353J,618937.0,Ministry of Road Transport & Highways,Roads & Highways,Maharashtra,78.3
ELEVATED_RISK_ML,WARNING,ML risk score: 78/100,4L of Nagpur-Katol Section from Km. 13.00 to Km. 62.900 of NH-353J,618937.0,Ministry of Road Transport & Highways,Roads & Highways,Maharashtra,78.3
TIME_OVERRUN,CRITICAL,Delayed by 41 months,4L of Nagpur-Katol Section from Km. 13.00 to Km. 62.900 of NH-353J,618937.0,Ministry of Road Transport & Highways,Roads & Highways,Maharashtra,78.3
MULTI_MONTH_STAGNATION,CRITICAL,No progress improvement over multiple months,4L of Nagpur-Katol Section from Km. 13.00 to Km. 62.900 of NH-353J,618937.0,Ministry of Road Transport & Highways,Roads & Highways,Maharashtra,78.3
PF_GAP,WARNING,Physical-Financial gap of 20.7%,Construction of Standalone Flyover cum ROB from Design Ch.66.600 to Design,618939.0,Ministry of Road Transport & Highways,Roads & Highways,Maharashtra,15.0
PF_GAP,WARNING,Physical-Financial gap of 51.0%,Rehabilitation and Up gradation of Charthana Jintur Section of NH 752 I Km 25100 to,619008.0,Ministry of Road Transport & Highways,Roads & Highways,Maharashtra,28.1
PF_GAP,WARNING,Physical-Financial gap of 34.1%,"Construction of six lane Flyover at Katraj junction at Km, 3/880 of NH 548-DD",619042.0,Ministry of Road Transport & Highways,Roads & Highways,Maharashtra,23.0
EXPENDITURE_LAG,CRITICAL,Only 3% budget spent but 84% time elapsed,Capacity Augmentation in the stretch of DhulePimpalgaon section of NH60 Km.,619043.0,Ministry of Road Transport & Highways,Roads & Highways,Maharashtra,45.6
PROGRESS_STAGNATION,CRITICAL,Only 5% progress with 84% time elapsed,Capacity Augmentation in the stretch of DhulePimpalgaon section of NH60 Km.,619043.0,Ministry of Road Transport & Highways,Roads & Highways,Maharashtra,45.6
COST_ESCALATION,WARNING,Cost escalated by 17.6% from original,Satara Km 725.000 to Pune Km 865.350 of NH - 4 New NH - 48 in Maharashtra,619069.0,Ministry of Road Transport & Highways,Roads & Highways,Maharashtra,64.4
ELEVATED_RISK_ML,WARNING,ML risk score: 64/100,Satara Km 725.000 to Pune Km 865.350 of NH - 4 New NH - 48 in Maharashtra,619069.0,Ministry of Road Transport & Highways,Roads & Highways,Maharashtra,64.4
TIME_OVERRUN,CRITICAL,Delayed by 55 months,Satara Km 725.000 to Pune Km 865.350 of NH - 4 New NH - 48 in Maharashtra,619069.0,Ministry of Road Transport & Highways,Roads & Highways,Maharashtra,64.4
MULTI_MONTH_STAGNATION,CRITICAL,No progress improvement over multiple months,Satara Km 725.000 to Pune Km 865.350 of NH - 4 New NH - 48 in Maharashtra,619069.0,Ministry of Road Transport & Highways,Roads & Highways,Maharashtra,64.4
TIME_OVERRUN,WARNING,Delayed by 27 months,Balance works of 4L Panvel Indapur section of NH66 old NH17 from km 42.300 kasu,619095.0,Ministry of Road Transport & Highways,Roads & Highways,Maharashtra,43.2
COST_ESCALATION,WARNING,Cost escalated by 18.8% from original,4L of Ratnagiri - Kolhapur section of NH-166 from km 0.000 to km 19.769 and km,619149.0,Ministry of Road Transport & Highways,Roads & Highways,Maharashtra,66.0
ELEVATED_RISK_ML,WARNING,ML risk score: 66/100,4L of Ratnagiri - Kolhapur section of NH-166 from km 0.000 to km 19.769 and km,619149.0,Ministry of Road Transport & Highways,Roads & Highways,Maharashtra,66.0
TIME_OVERRUN,WARNING,Delayed by 24 months,4L of Ratnagiri - Kolhapur section of NH-166 from km 0.000 to km 19.769 and km,619149.0,Ministry of Road Transport & Highways,Roads & Highways,Maharashtra,66.0
TIME_OVERRUN,CRITICAL,Delayed by 39 months,4L of Baramati to Indapur Pkg-II from km. 41.400 to km. 84.550 of NH-965G Saint,619163.0,Ministry of Road Transport & Highways,Roads & Highways,Maharashtra,55.8
MULTI_MONTH_STAGNATION,CRITICAL,No progress improvement over multiple months,4L of Baramati to Indapur Pkg-II from km. 41.400 to km. 84.550 of NH-965G Saint,619163.0,Ministry of Road Transport & Highways,Roads & Highways,Maharashtra,55.8
COST_ESCALATION,WARNING,Cost escalated by 39.6% from original,Vadodara Mumbai Expressway Phase II - Pkg XII [Km. 50.700 to Km. 77.000] Masvan,619198.0,Ministry of Road Transport & Highways,Roads & Highways,Maharashtra,88.6
PF_GAP,WARNING,Physical-Financial gap of 42.6%,Vadodara Mumbai Expressway Phase II - Pkg XII [Km. 50.700 to Km. 77.000] Masvan,619198.0,Ministry of Road Transport & Highways,Roads & Highways,Maharashtra,88.6
HIGH_RISK_ML,CRITICAL,ML risk score: 89/100,Vadodara Mumbai Expressway Phase II - Pkg XII [Km. 50.700 to Km. 77.000] Masvan,619198.0,Ministry of Road Transport & Highways,Roads & Highways,Maharashtra,88.6
TIME_OVERRUN,WARNING,Delayed by 29 months,Vadodara Mumbai Expressway Phase II - Pkg XII [Km. 50.700 to Km. 77.000] Masvan,619198.0,Ministry of Road Transport & Highways,Roads & Highways,Maharashtra,88.6
MULTI_MONTH_STAGNATION,CRITICAL,No progress improvement over multiple months,Vadodara Mumbai Expressway Phase II - Pkg XII [Km. 50.700 to Km. 77.000] Masvan,619198.0,Ministry of Road Transport & Highways,Roads & Highways,Maharashtra,88.6
EXPENDITURE_LAG,CRITICAL,Only 36% budget spent but 307% time elapsed,Vadape to Thane from km 539.202 to km 563.000 section of NH-3 new NH-848,619203.0,Ministry of Road Transport & Highways,Roads & Highways,Maharashtra,76.9
PF_GAP,WARNING,Physical-Financial gap of 47.7%,Vadape to Thane from km 539.202 to km 563.000 section of NH-3 new NH-848,619203.0,Ministry of Road Transport & Highways,Roads & Highways,Maharashtra,76.9
ELEVATED_RISK_ML,WARNING,ML risk score: 77/100,Vadape to Thane from km 539.202 to km 563.000 section of NH-3 new NH-848,619203.0,Ministry of Road Transport & Highways,Roads & Highways,Maharashtra,76.9
TIME_OVERRUN,CRITICAL,Delayed by 63 months,Vadape to Thane from km 539.202 to km 563.000 section of NH-3 new NH-848,619203.0,Ministry of Road Transport & Highways,Roads & Highways,Maharashtra,76.9
TIME_OVERRUN,WARNING,Delayed by 36 months,Dharampuri-Lonand from km. 117.00 to 166.40 Pkg-IV on Mohol-Alandi Section,619210.0,Ministry of Road Transport & Highways,Roads & Highways,Maharashtra,48.5
MULTI_MONTH_STAGNATION,CRITICAL,No progress improvement over multiple months,Dharampuri-Lonand from km. 117.00 to 166.40 Pkg-IV on Mohol-Alandi Section,619210.0,Ministry of Road Transport & Highways,Roads & Highways,Maharashtra,48.5
PF_GAP,WARNING,Physical-Financial gap of -33.9%,Widening/Improvement of existing 2-Lane road to 4-Lane Divided Highway from,618298.0,Ministry of Road Transport & Highways,Roads & Highways,Manipur,46.6
TIME_OVERRUN,CRITICAL,Delayed by 43 months,Widening/Improvement of existing 2-Lane road to 4-Lane Divided Highway from,618298.0,Ministry of Road Transport & Highways,Roads & Highways,Manipur,46.6
TIME_OVERRUN,CRITICAL,Delayed by 52 months,Improvement/Up-gradation of existing 2-Lane Road to 4-Lane Divided Highway from,618300.0,Ministry of Road Transport & Highways,Roads & Highways,Manipur,42.3
MULTI_MONTH_STAGNATION,CRITICAL,No progress improvement over multiple months,Widening/Improvement of existing 2-lane to 4-Lane Divided Highway from Kuraopokpi,618301.0,Ministry of Road Transport & Highways,Roads & Highways,Manipur,43.8
PF_GAP,WARNING,Physical-Financial gap of 22.0%,Widening/Improvement to 2-lane with earthen shoulder of Yaingangpokpi - Finch,618302.0,Ministry of Road Transport & Highways,Roads & Highways,Manipur,53.9
TIME_OVERRUN,CRITICAL,Delayed by 50 months,Widening/Improvement to 2-lane with earthen shoulder of Yaingangpokpi - Finch,618302.0,Ministry of Road Transport & Highways,Roads & Highways,Manipur,53.9
MULTI_MONTH_STAGNATION,CRITICAL,No progress improvement over multiple months,Widening/Improvement to 2-lane with earthen shoulder of Yaingangpokpi - Finch,618302.0,Ministry of Road Transport & Highways,Roads & Highways,Manipur,53.9
PF_GAP,WARNING,Physical-Financial gap of 25.7%,Widening/Improvement to 2-lane with earthen shoulder of Yaingangpokpi - Finch,618303.0,Ministry of Road Transport & Highways,Roads & Highways,Manipur,55.7
TIME_OVERRUN,CRITICAL,Delayed by 50 months,Widening/Improvement to 2-lane with earthen shoulder of Yaingangpokpi - Finch,618303.0,Ministry of Road Transport & Highways,Roads & Highways,Manipur,55.7
MULTI_MONTH_STAGNATION,CRITICAL,No progress improvement over multiple months,Widening/Improvement to 2-lane with earthen shoulder of Yaingangpokpi - Finch,618303.0,Ministry of Road Transport & Highways,Roads & Highways,Manipur,55.7
PROGRESS_STAGNATION,CRITICAL,Only 28% progress with 117% time elapsed,Widening/Improvement to 2 Lane with earthen shoulder of Jessami to Laynen bridge,618304.0,Ministry of Road Transport & Highways,Roads & Highways,Manipur,47.5
PF_GAP,WARNING,Physical-Financial gap of -50.1%,Widening/Improvement to 2 Lane with earthen shoulder of Jessami to Laynen bridge,618304.0,Ministry of Road Transport & Highways,Roads & Highways,Manipur,47.5
PROGRESS_STAGNATION,CRITICAL,Only 26% progress with 88% time elapsed,Widening/Improvement to 2 lane with earthen shoulder of Marrem Khullen to Jessami,618305.0,Ministry of Road Transport & Highways,Roads & Highways,Manipur,40.2
EXPENDITURE_LAG,CRITICAL,Only 31% budget spent but 73% time elapsed,Widening/Improvement to 2 lane with earthen shoulder of Choithar to Marrem Khullen,618306.0,Ministry of Road Transport & Highways,Roads & Highways,Manipur,31.5
MULTI_MONTH_STAGNATION,CRITICAL,No progress improvement over multiple months,Widening/Improvement to 2 lane with earthen shoulder of Choithar to Marrem Khullen,618306.0,Ministry of Road Transport & Highways,Roads & Highways,Manipur,31.5
PF_GAP,WARNING,Physical-Financial gap of 36.2%,Widening to 2 lane with Paved shoulder of lmphal to Jiribam section of NH-37 from,618333.0,Ministry of Road Transport & Highways,Roads & Highways,Manipur,44.2
PF_GAP,WARNING,Physical-Financial gap of 30.6%,Widening to 2 Lane with Paved shoulder of lmphal to Jiribam section of NH-37 from,618334.0,Ministry of Road Transport & Highways,Roads & Highways,Manipur,52.5
TIME_OVERRUN,WARNING,Delayed by 22 months,Widening to 2 Lane with Paved shoulder of lmphal to Jiribam section of NH-37 from,618334.0,Ministry of Road Transport & Highways,Roads & Highways,Manipur,52.5
MULTI_MONTH_STAGNATION,CRITICAL,No progress improvement over multiple months,Widening to 2 Lane with Paved shoulder of lmphal to Jiribam section of NH-37 from,618334.0,Ministry of Road Transport & Highways,Roads & Highways,Manipur,52.5
TIME_OVERRUN,WARNING,Delayed by 31 months,Widening to 2 Lane with Paved shoulder of lmphal to Jiribam section of NH-37 from,618335.0,Ministry of Road Transport & Highways,Roads & Highways,Manipur,46.7
MULTI_MONTH_STAGNATION,CRITICAL,No progress improvement over multiple months,Widening to 2 Lane with Paved shoulder of lmphal to Jiribam section of NH-37 from,618335.0,Ministry of Road Transport & Highways,Roads & Highways,Manipur,46.7
TIME_OVERRUN,WARNING,Delayed by 36 months,Widening to 2 -Lane with Paved shoulder of Imphal to Jiribam section of NH-37 from,618336.0,Ministry of Road Transport & Highways,Roads & Highways,Manipur,47.0
PF_GAP,WARNING,Physical-Financial gap of -40.8%,Widening to 2 -Lane with Paved shoulder of Imphal to Jiribam section of NH-37 from,618337.0,Ministry of Road Transport & Highways,Roads & Highways,Manipur,49.7
TIME_OVERRUN,WARNING,Delayed by 36 months,Widening to 2 -Lane with Paved shoulder of Imphal to Jiribam section of NH-37 from,618337.0,Ministry of Road Transport & Highways,Roads & Highways,Manipur,49.7
TIME_OVERRUN,CRITICAL,Delayed by 40 months,Widening to 2-lane with Hard shoulder of Churachandpur to Tuivai Section of NH-,618344.0,Ministry of Road Transport & Highways,Roads & Highways,Manipur,39.5
PF_GAP,WARNING,Physical-Financial gap of 34.0%,Widening to 2-lane with Hard shoulder of Churachandpur to Tuivai Section from Km,618345.0,Ministry of Road Transport & Highways,Roads & Highways,Manipur,50.4
TIME_OVERRUN,CRITICAL,Delayed by 48 months,Widening to 2-lane with Hard shoulder of Churachandpur to Tuivai Section from Km,618345.0,Ministry of Road Transport & Highways,Roads & Highways,Manipur,50.4
PF_GAP,WARNING,Physical-Financial gap of 33.3%,Widening to 2-lane with Hard shoulder of Churachandpur to Tuivai Section of NH-,618346.0,Ministry of Road Transport & Highways,Roads & Highways,Manipur,49.3
TIME_OVERRUN,CRITICAL,Delayed by 50 months,Widening to 2-lane with Hard shoulder of Churachandpur to Tuivai Section of NH-,618346.0,Ministry of Road Transport & Highways,Roads & Highways,Manipur,49.3
PF_GAP,WARNING,Physical-Financial gap of 31.7%,Widening to 2-lane with Hard shoulder of Churachandpur to Tuivai Section of NH-,618347.0,Ministry of Road Transport & Highways,Roads & Highways,Manipur,48.8
TIME_OVERRUN,CRITICAL,Delayed by 50 months,Widening to 2-lane with Hard shoulder of Churachandpur to Tuivai Section of NH-,618347.0,Ministry of Road Transport & Highways,Roads & Highways,Manipur,48.8
PROGRESS_STAGNATION,CRITICAL,Only 9% progress with 83% time elapsed,Balance work of Widening to 2 Two lane with hard shoulder of Churachandpur to,618348.0,Ministry of Road Transport & Highways,Roads & Highways,Manipur,26.2
PF_GAP,WARNING,Physical-Financial gap of -45.9%,Balance work of Widening to 2 Two lane with hard shoulder of Churachandpur to,618348.0,Ministry of Road Transport & Highways,Roads & Highways,Manipur,26.2
PROGRESS_STAGNATION,CRITICAL,Only 26% progress with 108% time elapsed,Balance work of Widening to 2 Two lane with hard shoulder of Churachandpur to,618349.0,Ministry of Road Transport & Highways,Roads & Highways,Manipur,24.0
PF_GAP,WARNING,Physical-Financial gap of -29.1%,Balance work of Widening to 2 Two lane with hard shoulder of Churachandpur to,618349.0,Ministry of Road Transport & Highways,Roads & Highways,Manipur,24.0
TIME_OVERRUN,WARNING,Delayed by 36 months,Construction of of 2 -Lane with paved shoulders road from Tamenglong-Tousem-,618355.0,Ministry of Road Transport & Highways,Roads & Highways,Manipur,52.6
MULTI_MONTH_STAGNATION,CRITICAL,No progress improvement over multiple months,Construction of of 2 -Lane with paved shoulders road from Tamenglong-Tousem-,618355.0,Ministry of Road Transport & Highways,Roads & Highways,Manipur,52.6
TIME_OVERRUN,CRITICAL,Delayed by 40 months,Construction of 2 -Lane with paved shoulders road from Tamenglong to Mahur in the,618356.0,Ministry of Road Transport & Highways,Roads & Highways,Manipur,50.8
MULTI_MONTH_STAGNATION,CRITICAL,No progress improvement over multiple months,Construction of 2 -Lane with paved shoulders road from Tamenglong to Mahur in the,618356.0,Ministry of Road Transport & Highways,Roads & Highways,Manipur,50.8
TIME_OVERRUN,WARNING,Delayed by 32 months,Construction of 2 -Lane with paved shoulders road from Tamenglong to Mahur NH-,618357.0,Ministry of Road Transport & Highways,Roads & Highways,Manipur,53.5
MULTI_MONTH_STAGNATION,CRITICAL,No progress improvement over multiple months,Construction of 2 -Lane with paved shoulders road from Tamenglong to Mahur NH-,618357.0,Ministry of Road Transport & Highways,Roads & Highways,Manipur,53.5
TIME_OVERRUN,WARNING,Delayed by 31 months,Construction of 2 -Lane with paved shoulders road from Tamenglong to Mahur NH-,618358.0,Ministry of Road Transport & Highways,Roads & Highways,Manipur,51.9
MULTI_MONTH_STAGNATION,CRITICAL,No progress improvement over multiple months,Construction of 2 -Lane with paved shoulders road from Tamenglong to Mahur NH-,618358.0,Ministry of Road Transport & Highways,Roads & Highways,Manipur,51.9
PF_GAP,WARNING,Physical-Financial gap of 31.9%,Construction of 2-laning with Hard shoulder of Ukhrul Tolloi - Tadubi section of NH-,618387.0,Ministry of Road Transport & Highways,Roads & Highways,Manipur,51.3
MULTI_MONTH_STAGNATION,CRITICAL,No progress improvement over multiple months,Construction of 2-laning with Hard shoulder of Ukhrul Tolloi - Tadubi section of NH-,618387.0,Ministry of Road Transport & Highways,Roads & Highways,Manipur,51.3
TIME_OVERRUN,WARNING,Delayed by 23 months,Construction of 2-laning with Hard shoulder road of Ukhrul - Tolloi - Tadubi section of,618388.0,Ministry of Road Transport & Highways,Roads & Highways,Manipur,40.2
TIME_OVERRUN,WARNING,Delayed by 30 months,Construction of 2-laning with Hard shoulder road of Ukhrul - Tolloi - Tadubi section of,618389.0,Ministry of Road Transport & Highways,Roads & Highways,Manipur,39.7
EXPENDITURE_LAG,CRITICAL,Only 0% budget spent but 350% time elapsed,Improvement of existing road to 2 laning with Hard Shoulders of Maram-Peren section,618415.0,Ministry of Road Transport & Highways,Roads & Highways,Manipur,64.6
PF_GAP,WARNING,Physical-Financial gap of 100.0%,Improvement of existing road to 2 laning with Hard Shoulders of Maram-Peren section,618415.0,Ministry of Road Transport & Highways,Roads & Highways,Manipur,64.6
ELEVATED_RISK_ML,WARNING,ML risk score: 65/100,Improvement of existing road to 2 laning with Hard Shoulders of Maram-Peren section,618415.0,Ministry of Road Transport & Highways,Roads & Highways,Manipur,64.6
TIME_OVERRUN,CRITICAL,Delayed by 39 months,Improvement of existing road to 2 laning with Hard Shoulders of Maram-Peren section,618415.0,Ministry of Road Transport & Highways,Roads & Highways,Manipur,64.6
MULTI_MONTH_STAGNATION,CRITICAL,No progress improvement over multiple months,Improvement of existing road to 2 laning with Hard Shoulders of Maram-Peren section,618415.0,Ministry of Road Transport & Highways,Roads & Highways,Manipur,64.6
TIME_OVERRUN,CRITICAL,Delayed by 51 months,Improvement of existing road to 2 laning with Hard Shoulders of Maram -Peren,618416.0,Ministry of Road Transport & Highways,Roads & Highways,Manipur,50.7
MULTI_MONTH_STAGNATION,CRITICAL,No progress improvement over multiple months,Improvement of existing road to 2 laning with Hard Shoulders of Maram -Peren,618416.0,Ministry of Road Transport & Highways,Roads & Highways,Manipur,50.7
PF_GAP,WARNING,Physical-Financial gap of 37.6%,Rehabilitation and Up-gradation of Nongstoin Wahkaji section of Project Road Km,617885.0,Ministry of Road Transport & Highways,Roads & Highways,Meghalaya,58.6
TIME_OVERRUN,WARNING,Delayed by 36 months,Rehabilitation and Up-gradation of Nongstoin Wahkaji section of Project Road Km,617885.0,Ministry of Road Transport & Highways,Roads & Highways,Meghalaya,58.6
MULTI_MONTH_STAGNATION,CRITICAL,No progress improvement over multiple months,Rehabilitation and Up-gradation of Nongstoin Wahkaji section of Project Road Km,617885.0,Ministry of Road Transport & Highways,Roads & Highways,Meghalaya,58.6
EXPENDITURE_LAG,CRITICAL,Only 0% budget spent but 75% time elapsed,Improvement/Widening of New NH-217 Dainadubi-Darugiri section to Two lane with,618295.0,Ministry of Road Transport & Highways,Roads & Highways,Meghalaya,31.3
PF_GAP,WARNING,Physical-Financial gap of 46.4%,Improvement/Widening of New NH-217 Dainadubi-Darugiri section to Two lane with,618295.0,Ministry of Road Transport & Highways,Roads & Highways,Meghalaya,31.3
EXPENDITURE_LAG,CRITICAL,Only 10% budget spent but 121% time elapsed,Improvement/Widening to 2-Lane with Paved Shoulder from design Km 45.760 to Km,618375.0,Ministry of Road Transport & Highways,Roads & Highways,Meghalaya,52.9
PF_GAP,WARNING,Physical-Financial gap of 43.9%,Improvement/Widening to 2-Lane with Paved Shoulder from design Km 45.760 to Km,618375.0,Ministry of Road Transport & Highways,Roads & Highways,Meghalaya,52.9
EXPENDITURE_LAG,CRITICAL,Only 0% budget spent but 103% time elapsed,Improvement/Widening to 2-Lane with Paved Shoulder between Shillong-Dawki road,618376.0,Ministry of Road Transport & Highways,Roads & Highways,Meghalaya,38.6
PF_GAP,WARNING,Physical-Financial gap of 53.2%,Improvement/Widening to 2-Lane with Paved Shoulder between Shillong-Dawki road,618376.0,Ministry of Road Transport & Highways,Roads & Highways,Meghalaya,38.6
PF_GAP,WARNING,Physical-Financial gap of 30.8%,Improvement/Widening to 2-L with Paved Shoulder/4-L from Km 81740 to Km 93490,618377.0,Ministry of Road Transport & Highways,Roads & Highways,Meghalaya,41.0
TIME_OVERRUN,WARNING,Delayed by 31 months,Rehabilitation and up gradation of Nongstoin-Rambrai-Kyrshai road up to Meghalaya-,618418.0,Ministry of Road Transport & Highways,Roads & Highways,Meghalaya,38.1
PF_GAP,WARNING,Physical-Financial gap of 21.2%,Construction of 2-Lane with paved shoulder of Shillong Western Bypass starting from,618421.0,Ministry of Road Transport & Highways,Roads & Highways,Meghalaya,15.6
PF_GAP,WARNING,Physical-Financial gap of -30.6%,4-Laning of Vairengte - Chhimluang section Package-3 of NH-306 from Existing,618316.0,Ministry of Road Transport & Highways,Roads & Highways,Mizoram,29.9
MULTI_MONTH_STAGNATION,CRITICAL,No progress improvement over multiple months,4-Laning of Vairengte - Chhimluang section Package-3 of NH-306 from Existing,618316.0,Ministry of Road Transport & Highways,Roads & Highways,Mizoram,29.9
EXPENDITURE_LAG,CRITICAL,Only 40% budget spent but 78% time elapsed,4-Laning of chhimluang-Kolasib from section pkg-4 of NH-306 & NH-6 existing,618317.0,Ministry of Road Transport & Highways,Roads & Highways,Mizoram,29.6
PF_GAP,WARNING,Physical-Financial gap of -22.7%,4-Laning of chhimluang-Kolasib from section pkg-4 of NH-306 & NH-6 existing,618317.0,Ministry of Road Transport & Highways,Roads & Highways,Mizoram,29.6
MULTI_MONTH_STAGNATION,CRITICAL,No progress improvement over multiple months,4-Laning of chhimluang-Kolasib from section pkg-4 of NH-306 & NH-6 existing,618317.0,Ministry of Road Transport & Highways,Roads & Highways,Mizoram,29.6
PF_GAP,WARNING,Physical-Financial gap of -24.2%,4-Laning of Kolasib - Sethawn section Package-5 of NH-6 from Existing Chainage km,618318.0,Ministry of Road Transport & Highways,Roads & Highways,Mizoram,28.6
MULTI_MONTH_STAGNATION,CRITICAL,No progress improvement over multiple months,4-Laning of Kolasib - Sethawn section Package-5 of NH-6 from Existing Chainage km,618318.0,Ministry of Road Transport & Highways,Roads & Highways,Mizoram,28.6
EXPENDITURE_LAG,CRITICAL,Only 32% budget spent but 78% time elapsed,4-Laning of Sethawn - N. Kawnpui section Package-6 of NH-6 from Existing Chainage,618319.0,Ministry of Road Transport & Highways,Roads & Highways,Mizoram,33.2
PF_GAP,WARNING,Physical-Financial gap of -25.1%,4-Laning of Sethawn - N. Kawnpui section Package-6 of NH-6 from Existing Chainage,618319.0,Ministry of Road Transport & Highways,Roads & Highways,Mizoram,33.2
MULTI_MONTH_STAGNATION,CRITICAL,No progress improvement over multiple months,4-Laning of Sethawn - N. Kawnpui section Package-6 of NH-6 from Existing Chainage,618319.0,Ministry of Road Transport & Highways,Roads & Highways,Mizoram,33.2
MULTI_MONTH_STAGNATION,CRITICAL,No progress improvement over multiple months,Construction of 4-Laning of N. Kawnpui N. Mualvum Mualkhang via Khamrang Village,618320.0,Ministry of Road Transport & Highways,Roads & Highways,Mizoram,13.2
MULTI_MONTH_STAGNATION,CRITICAL,No progress improvement over multiple months,Construction of 4-Laning of West Serawlg-Sairang section of NH-6 from Existing,618321.0,Ministry of Road Transport & Highways,Roads & Highways,Mizoram,13.6
MULTI_MONTH_STAGNATION,CRITICAL,No progress improvement over multiple months,Construction of Twin Tube Uni-directional Aizawl Bypass Tunnel of 2.5 km and its,618323.0,Ministry of Road Transport & Highways,Roads & Highways,Mizoram,23.1
MULTI_MONTH_STAGNATION,CRITICAL,No progress improvement over multiple months,Construction of 2-lane Aizawl Bypass from km 15.200 to km 34.500 Package-3 on,618324.0,Ministry of Road Transport & Highways,Roads & Highways,Mizoram,16.1
TIME_OVERRUN,CRITICAL,Delayed by 47 months,Construction of 2-laning with hard shoulder of Lunglei to Chhumkhum from Design,618362.0,Ministry of Road Transport & Highways,Roads & Highways,Mizoram,52.7
MULTI_MONTH_STAGNATION,CRITICAL,No progress improvement over multiple months,Construction of 2-laning with hard shoulder of Lunglei to Chhumkhum from Design,618362.0,Ministry of Road Transport & Highways,Roads & Highways,Mizoram,52.7
TIME_OVERRUN,CRITICAL,Delayed by 47 months,Construction of 2-laning with hard shoulder configuration of Chhumkhum to Tlabung,618363.0,Ministry of Road Transport & Highways,Roads & Highways,Mizoram,52.2
MULTI_MONTH_STAGNATION,CRITICAL,No progress improvement over multiple months,Construction of 2-laning with hard shoulder configuration of Chhumkhum to Tlabung,618363.0,Ministry of Road Transport & Highways,Roads & Highways,Mizoram,52.2
EXPENDITURE_LAG,CRITICAL,Only 17% budget spent but 198% time elapsed,Widening and Up-gradation to 2- Lane with Paved Shoulder Configuration and,618379.0,Ministry of Road Transport & Highways,Roads & Highways,Mizoram,54.3
PF_GAP,WARNING,Physical-Financial gap of 78.7%,Widening and Up-gradation to 2- Lane with Paved Shoulder Configuration and,618379.0,Ministry of Road Transport & Highways,Roads & Highways,Mizoram,54.3
TIME_OVERRUN,CRITICAL,Delayed by 38 months,Widening and Up-gradation to 2- Lane with Paved Shoulder Configuration and,618379.0,Ministry of Road Transport & Highways,Roads & Highways,Mizoram,54.3
PF_GAP,WARNING,Physical-Financial gap of 36.9%,Widening and Up-gradation to 2- Lane with Paved Shoulder Configuration and,618380.0,Ministry of Road Transport & Highways,Roads & Highways,Mizoram,47.2
TIME_OVERRUN,CRITICAL,Delayed by 38 months,Widening and Up-gradation to 2- Lane with Paved Shoulder Configuration and,618380.0,Ministry of Road Transport & Highways,Roads & Highways,Mizoram,47.2
TIME_OVERRUN,WARNING,Delayed by 33 months,Widening and up-gradation to 2-lane with paved shoulder configuration and geometric,618383.0,Ministry of Road Transport & Highways,Roads & Highways,Mizoram,38.4
EXPENDITURE_LAG,CRITICAL,Only 6% budget spent but 88% time elapsed,2-laning of Zorinpui - Longmasu section of NH-502A from km 0.000 to km 28.244 in,618452.0,Ministry of Road Transport & Highways,Roads & Highways,Mizoram,53.1
PROGRESS_STAGNATION,CRITICAL,Only 5% progress with 88% time elapsed,2-laning of Zorinpui - Longmasu section of NH-502A from km 0.000 to km 28.244 in,618452.0,Ministry of Road Transport & Highways,Roads & Highways,Mizoram,53.1
MULTI_MONTH_STAGNATION,CRITICAL,No progress improvement over multiple months,2-laning of Zorinpui - Longmasu section of NH-502A from km 0.000 to km 28.244 in,618452.0,Ministry of Road Transport & Highways,Roads & Highways,Mizoram,53.1
TIME_OVERRUN,WARNING,Delayed by 14 months,Up-gradation to 2 lane with paved shoutders of Pawlrang - Rulchawm section- of NH-,619010.0,Ministry of Road Transport & Highways,Roads & Highways,Mizoram,37.8
MULTI_MONTH_STAGNATION,CRITICAL,No progress improvement over multiple months,Balance work of widening to two laning/re-alignment and geometric improvement from,619321.0,Ministry of Road Transport & Highways,Roads & Highways,Mizoram,23.8
PF_GAP,WARNING,Physical-Financial gap of 46.4%,Bangalore Chennai Expressway Phase-II Pkg-I from km.71.000 to Km 96.000,619199.0,Ministry of Road Transport & Highways,Roads & Highways,"Multi-States
(Andhra Pradesh,
Karnataka)",58.8
TIME_OVERRUN,WARNING,Delayed by 23 months,Bangalore Chennai Expressway Phase-II Pkg-I from km.71.000 to Km 96.000,619199.0,Ministry of Road Transport & Highways,Roads & Highways,"Multi-States
(Andhra Pradesh,
Karnataka)",58.8
MULTI_MONTH_STAGNATION,CRITICAL,No progress improvement over multiple months,Bangalore Chennai Expressway Phase-II Pkg-I from km.71.000 to Km 96.000,619199.0,Ministry of Road Transport & Highways,Roads & Highways,"Multi-States
(Andhra Pradesh,
Karnataka)",58.8
PF_GAP,WARNING,Physical-Financial gap of 41.8%,6L Aluru - Jakkuva Section of NH-130CD Road from km 365.033 to km 396.800 Pkg.,618681.0,Ministry of Road Transport & Highways,Roads & Highways,"Multi-States
(Andhra Pradesh,
Odisha)",68.9
ELEVATED_RISK_ML,WARNING,ML risk score: 69/100,6L Aluru - Jakkuva Section of NH-130CD Road from km 365.033 to km 396.800 Pkg.,618681.0,Ministry of Road Transport & Highways,Roads & Highways,"Multi-States
(Andhra Pradesh,
Odisha)",68.9
TIME_OVERRUN,WARNING,Delayed by 29 months,6L Aluru - Jakkuva Section of NH-130CD Road from km 365.033 to km 396.800 Pkg.,618681.0,Ministry of Road Transport & Highways,Roads & Highways,"Multi-States
(Andhra Pradesh,
Odisha)",68.9
PF_GAP,WARNING,Physical-Financial gap of 48.6%,Bangalore Chennai Expressway Phase-III Package I Gudipala to Walajajhpet from,618477.0,Ministry of Road Transport & Highways,Roads & Highways,"Multi-States
(Andhra Pradesh,
Tamil Nadu)",60.9
ELEVATED_RISK_ML,WARNING,ML risk score: 61/100,Bangalore Chennai Expressway Phase-III Package I Gudipala to Walajajhpet from,618477.0,Ministry of Road Transport & Highways,Roads & Highways,"Multi-States
(Andhra Pradesh,
Tamil Nadu)",60.9
TIME_OVERRUN,WARNING,Delayed by 27 months,Bangalore Chennai Expressway Phase-III Package I Gudipala to Walajajhpet from,618477.0,Ministry of Road Transport & Highways,Roads & Highways,"Multi-States
(Andhra Pradesh,
Tamil Nadu)",60.9
MULTI_MONTH_STAGNATION,CRITICAL,No progress improvement over multiple months,Bangalore Chennai Expressway Phase-III Package I Gudipala to Walajajhpet from,618477.0,Ministry of Road Transport & Highways,Roads & Highways,"Multi-States
(Andhra Pradesh,
Tamil Nadu)",60.9
PF_GAP,WARNING,Physical-Financial gap of 42.7%,6L of Veera Kaveri Raja Puram to Pondavakkam from km 61.380 to km 96.040 of NH,618634.0,Ministry of Road Transport & Highways,Roads & Highways,"Multi-States
(Andhra Pradesh,
Tamil Nadu)",57.5
TIME_OVERRUN,WARNING,Delayed by 20 months,6L of Veera Kaveri Raja Puram to Pondavakkam from km 61.380 to km 96.040 of NH,618634.0,Ministry of Road Transport & Highways,Roads & Highways,"Multi-States
(Andhra Pradesh,
Tamil Nadu)",57.5
MULTI_MONTH_STAGNATION,CRITICAL,No progress improvement over multiple months,6L of Veera Kaveri Raja Puram to Pondavakkam from km 61.380 to km 96.040 of NH,618634.0,Ministry of Road Transport & Highways,Roads & Highways,"Multi-States
(Andhra Pradesh,
Tamil Nadu)",57.5
PF_GAP,WARNING,Physical-Financial gap of 42.0%,6L of Kumarajapet to Veera Kaveri Raja Puram from km 43.800 to km 61.380 of NH-,618772.0,Ministry of Road Transport & Highways,Roads & Highways,"Multi-States
(Andhra Pradesh,
Tamil Nadu)",67.6
ELEVATED_RISK_ML,WARNING,ML risk score: 68/100,6L of Kumarajapet to Veera Kaveri Raja Puram from km 43.800 to km 61.380 of NH-,618772.0,Ministry of Road Transport & Highways,Roads & Highways,"Multi-States
(Andhra Pradesh,
Tamil Nadu)",67.6
ELEVATED_RISK_ML,WARNING,ML risk score: 71/100,6 laning of Balance Work of Chennai - Tada from km. 21.40 to km. 54.40,619077.0,Ministry of Road Transport & Highways,Roads & Highways,"Multi-States
(Andhra Pradesh,
Tamil Nadu)",70.6
TIME_OVERRUN,CRITICAL,Delayed by 77 months,6 laning of Balance Work of Chennai - Tada from km. 21.40 to km. 54.40,619077.0,Ministry of Road Transport & Highways,Roads & Highways,"Multi-States
(Andhra Pradesh,
Tamil Nadu)",70.6
MULTI_MONTH_STAGNATION,CRITICAL,No progress improvement over multiple months,6 laning of Balance Work of Chennai - Tada from km. 21.40 to km. 54.40,619077.0,Ministry of Road Transport & Highways,Roads & Highways,"Multi-States
(Andhra Pradesh,
Tamil Nadu)",70.6
COST_ESCALATION,WARNING,Cost escalated by 47.9% from original,Khammam-Devarapalle Pkg III [4L Access Controlled Greenfield from Chintagudem,618747.0,Ministry of Road Transport & Highways,Roads & Highways,"Multi-States
(Andhra Pradesh,
Telangana)",83.0
PF_GAP,WARNING,Physical-Financial gap of 20.5%,Khammam-Devarapalle Pkg III [4L Access Controlled Greenfield from Chintagudem,618747.0,Ministry of Road Transport & Highways,Roads & Highways,"Multi-States
(Andhra Pradesh,
Telangana)",83.0
HIGH_RISK_ML,CRITICAL,ML risk score: 83/100,Khammam-Devarapalle Pkg III [4L Access Controlled Greenfield from Chintagudem,618747.0,Ministry of Road Transport & Highways,Roads & Highways,"Multi-States
(Andhra Pradesh,
Telangana)",83.0
TIME_OVERRUN,WARNING,Delayed by 23 months,Khammam-Devarapalle Pkg III [4L Access Controlled Greenfield from Chintagudem,618747.0,Ministry of Road Transport & Highways,Roads & Highways,"Multi-States
(Andhra Pradesh,
Telangana)",83.0
MULTI_MONTH_STAGNATION,CRITICAL,No progress improvement over multiple months,Khammam-Devarapalle Pkg III [4L Access Controlled Greenfield from Chintagudem,618747.0,Ministry of Road Transport & Highways,Roads & Highways,"Multi-States
(Andhra Pradesh,
Telangana)",83.0
EXPENDITURE_LAG,CRITICAL,Only 20% budget spent but 75% time elapsed,4L Access Controlled Greenfield Highway section on NH-163G Khammam,619143.0,Ministry of Road Transport & Highways,Roads & Highways,"Multi-States
(Andhra Pradesh,
Telangana)",42.0
PF_GAP,WARNING,Physical-Financial gap of 26.7%,6L Access Controlled Greenfield Highway of Julekal village to Dinnedevarapadu,619212.0,Ministry of Road Transport & Highways,Roads & Highways,"Multi-States
(Andhra Pradesh,
Telangana)",67.5
ELEVATED_RISK_ML,WARNING,ML risk score: 68/100,6L Access Controlled Greenfield Highway of Julekal village to Dinnedevarapadu,619212.0,Ministry of Road Transport & Highways,Roads & Highways,"Multi-States
(Andhra Pradesh,
Telangana)",67.5
TIME_OVERRUN,WARNING,Delayed by 27 months,6L Access Controlled Greenfield Highway of Julekal village to Dinnedevarapadu,619212.0,Ministry of Road Transport & Highways,Roads & Highways,"Multi-States
(Andhra Pradesh,
Telangana)",67.5
PF_GAP,WARNING,Physical-Financial gap of 39.5%,Widening/Improvement to 4-Lane with Paved Shoulder from km 55000 Nagabang,618359.0,Ministry of Road Transport & Highways,Roads & Highways,"Multi-States
(Arunachal
Pradesh, Assam)",23.3
MULTI_MONTH_STAGNATION,CRITICAL,No progress improvement over multiple months,Widening/Improvement to 4-Lane with Paved Shoulder from km 55000 Nagabang,618359.0,Ministry of Road Transport & Highways,Roads & Highways,"Multi-States
(Arunachal
Pradesh, Assam)",23.3
EXPENDITURE_LAG,CRITICAL,Only 26% budget spent but 88% time elapsed,6L of Aurangabad to Bihar-Jharkhand border Chordaha section from km. 180.000 to,618531.0,Ministry of Road Transport & Highways,Roads & Highways,"Multi-States
(Bihar, Jharkhand)",25.1
ELEVATED_RISK_ML,WARNING,ML risk score: 73/100,Hariharganj to Parwa Mode section from km 23.284 to km 57.049 of NH-98,618951.0,Ministry of Road Transport & Highways,Roads & Highways,"Multi-States
(Bihar, Jharkhand)",73.3
TIME_OVERRUN,WARNING,Delayed by 30 months,Hariharganj to Parwa Mode section from km 23.284 to km 57.049 of NH-98,618951.0,Ministry of Road Transport & Highways,Roads & Highways,"Multi-States
(Bihar, Jharkhand)",73.3
MULTI_MONTH_STAGNATION,CRITICAL,No progress improvement over multiple months,Hariharganj to Parwa Mode section from km 23.284 to km 57.049 of NH-98,618951.0,Ministry of Road Transport & Highways,Roads & Highways,"Multi-States
(Bihar, Jharkhand)",73.3
TIME_OVERRUN,WARNING,Delayed by 36 months,4L of Sahibganj - Manihari Ganga Bridge including Manihari Bypass,618952.0,Ministry of Road Transport & Highways,Roads & Highways,"Multi-States
(Bihar, Jharkhand)",56.9
ELEVATED_RISK_ML,WARNING,ML risk score: 66/100,Six Laning of Bihar - Jharkhand Border Chordaha - Gorhar section of NH-2 from km,619078.0,Ministry of Road Transport & Highways,Roads & Highways,"Multi-States
(Bihar, Jharkhand)",66.1
TIME_OVERRUN,CRITICAL,Delayed by 61 months,Six Laning of Bihar - Jharkhand Border Chordaha - Gorhar section of NH-2 from km,619078.0,Ministry of Road Transport & Highways,Roads & Highways,"Multi-States
(Bihar, Jharkhand)",66.1
MULTI_MONTH_STAGNATION,CRITICAL,No progress improvement over multiple months,Six Laning of Bihar - Jharkhand Border Chordaha - Gorhar section of NH-2 from km,619078.0,Ministry of Road Transport & Highways,Roads & Highways,"Multi-States
(Bihar, Jharkhand)",66.1
PF_GAP,WARNING,Physical-Financial gap of 27.8%,4L of Munger Mirzachauki section from Km 157350 to Km 193931 Pkg-4,619307.0,Ministry of Road Transport & Highways,Roads & Highways,"Multi-States
(Bihar, Jharkhand)",67.3
ELEVATED_RISK_ML,WARNING,ML risk score: 67/100,4L of Munger Mirzachauki section from Km 157350 to Km 193931 Pkg-4,619307.0,Ministry of Road Transport & Highways,Roads & Highways,"Multi-States
(Bihar, Jharkhand)",67.3
TIME_OVERRUN,WARNING,Delayed by 24 months,4L of Munger Mirzachauki section from Km 157350 to Km 193931 Pkg-4,619307.0,Ministry of Road Transport & Highways,Roads & Highways,"Multi-States
(Bihar, Jharkhand)",67.3
TIME_OVERRUN,CRITICAL,Delayed by 149 months,Six Laning of Varanasi to Aurangabad from km. 786.00 to km. 978.40 of Old NH-2,618530.0,Ministry of Road Transport & Highways,Roads & Highways,"Multi-States
(Bihar, Uttar
Pradesh)",44.8
EXPENDITURE_LAG,CRITICAL,Only 36% budget spent but 92% time elapsed,6L Greenfield Varanasi-Ranchi-Kolkata Highway from junction with NH-19 & Varanasi,618728.0,Ministry of Road Transport & Highways,Roads & Highways,"Multi-States
(Bihar, Uttar
Pradesh)",58.0
TIME_OVERRUN,WARNING,Delayed by 14 months,Construction of Four Lane Highway from Ghazipur- Ballia-UP/Bihar State Border,619154.0,Ministry of Road Transport & Highways,Roads & Highways,"Multi-States
(Bihar, Uttar
Pradesh)",56.4
COST_ESCALATION,WARNING,Cost escalated by 38.9% from original,Vadodara Mumbai Expressway Talsari to Karvad Phase IB - Pkg X [Km 103.400 to,619064.0,Ministry of Road Transport & Highways,Roads & Highways,"Multi-States
(Dadra & Nagar
Haveli and Daman
& Diu, Gujarat,
Maharashtra)",85.7
PF_GAP,WARNING,Physical-Financial gap of -21.2%,Vadodara Mumbai Expressway Talsari to Karvad Phase IB - Pkg X [Km 103.400 to,619064.0,Ministry of Road Transport & Highways,Roads & Highways,"Multi-States
(Dadra & Nagar
Haveli and Daman
& Diu, Gujarat,
Maharashtra)",85.7
HIGH_RISK_ML,CRITICAL,ML risk score: 86/100,Vadodara Mumbai Expressway Talsari to Karvad Phase IB - Pkg X [Km 103.400 to,619064.0,Ministry of Road Transport & Highways,Roads & Highways,"Multi-States
(Dadra & Nagar
Haveli and Daman
& Diu, Gujarat,
Maharashtra)",85.7
TIME_OVERRUN,CRITICAL,Delayed by 45 months,Vadodara Mumbai Expressway Talsari to Karvad Phase IB - Pkg X [Km 103.400 to,619064.0,Ministry of Road Transport & Highways,Roads & Highways,"Multi-States
(Dadra & Nagar
Haveli and Daman
& Diu, Gujarat,
Maharashtra)",85.7
MULTI_MONTH_STAGNATION,CRITICAL,No progress improvement over multiple months,Vadodara Mumbai Expressway Talsari to Karvad Phase IB - Pkg X [Km 103.400 to,619064.0,Ministry of Road Transport & Highways,Roads & Highways,"Multi-States
(Dadra & Nagar
Haveli and Daman
& Diu, Gujarat,
Maharashtra)",85.7
PF_GAP,WARNING,Physical-Financial gap of 36.1%,Balance work of 2L PS from Km 30.800 to Km 70.800 and 2L with Rigid Carriageway,618942.0,Ministry of Road Transport & Highways,Roads & Highways,"Multi-States (Goa,
Karnataka)",48.8
TIME_OVERRUN,WARNING,Delayed by 34 months,Balance work of 2L PS from Km 30.800 to Km 70.800 and 2L with Rigid Carriageway,618942.0,Ministry of Road Transport & Highways,Roads & Highways,"Multi-States (Goa,
Karnataka)",48.8
TIME_OVERRUN,CRITICAL,Delayed by 51 months,Bal. Works of Fagne Km. 510.000 to Maharashtra/Gujarat Border Km. 650.794,618637.0,Ministry of Road Transport & Highways,Roads & Highways,"Multi-States
(Gujarat,
Maharashtra)",49.7
COST_ESCALATION,WARNING,Cost escalated by 31.0% from original,Delhi-Amritsar-Katra Expressway Phase-I Pkg-V from Junction with Ambala-Kaithal-,618486.0,Ministry of Road Transport & Highways,Roads & Highways,"Multi-States
(Haryana, Punjab)",77.1
ELEVATED_RISK_ML,WARNING,ML risk score: 77/100,Delhi-Amritsar-Katra Expressway Phase-I Pkg-V from Junction with Ambala-Kaithal-,618486.0,Ministry of Road Transport & Highways,Roads & Highways,"Multi-States
(Haryana, Punjab)",77.1
TIME_OVERRUN,WARNING,Delayed by 27 months,Delhi-Amritsar-Katra Expressway Phase-I Pkg-V from Junction with Ambala-Kaithal-,618486.0,Ministry of Road Transport & Highways,Roads & Highways,"Multi-States
(Haryana, Punjab)",77.1
MULTI_MONTH_STAGNATION,CRITICAL,No progress improvement over multiple months,Delhi-Amritsar-Katra Expressway Phase-I Pkg-V from Junction with Ambala-Kaithal-,618486.0,Ministry of Road Transport & Highways,Roads & Highways,"Multi-States
(Haryana, Punjab)",77.1
PF_GAP,WARNING,Physical-Financial gap of 25.8%,4L Ismailabad to Ambala Section of NH-152 Lot-4/Package-1,619093.0,Ministry of Road Transport & Highways,Roads & Highways,"Multi-States
(Haryana, Punjab)",40.7
TIME_OVERRUN,WARNING,Delayed by 14 months,4L Ismailabad to Ambala Section of NH-152 Lot-4/Package-1,619093.0,Ministry of Road Transport & Highways,Roads & Highways,"Multi-States
(Haryana, Punjab)",40.7
COST_ESCALATION,WARNING,Cost escalated by 16.0% from original,6L of Ambala-Chandigarh greenfield section from Km. 0.000 to Km. 25.000 with 4L,619134.0,Ministry of Road Transport & Highways,Roads & Highways,"Multi-States
(Haryana, Punjab)",61.4
ELEVATED_RISK_ML,WARNING,ML risk score: 61/100,6L of Ambala-Chandigarh greenfield section from Km. 0.000 to Km. 25.000 with 4L,619134.0,Ministry of Road Transport & Highways,Roads & Highways,"Multi-States
(Haryana, Punjab)",61.4
PF_GAP,WARNING,Physical-Financial gap of 28.2%,6L access Controlled Greenfield Highway from Adhoya Musalmana to Sadopur,619216.0,Ministry of Road Transport & Highways,Roads & Highways,"Multi-States
(Haryana, Punjab)",43.2
TIME_OVERRUN,WARNING,Delayed by 19 months,6L access Controlled Greenfield Highway from Adhoya Musalmana to Sadopur,619216.0,Ministry of Road Transport & Highways,Roads & Highways,"Multi-States
(Haryana, Punjab)",43.2
PF_GAP,WARNING,Physical-Financial gap of 40.0%,Additional Structures on 6LGurgaon-Jaipur Section of NH-48 between KM 42.700 to,618505.0,Ministry of Road Transport & Highways,Roads & Highways,"Multi-States
(Haryana,
Rajasthan)",49.8
TIME_OVERRUN,WARNING,Delayed by 26 months,Additional Structures on 6LGurgaon-Jaipur Section of NH-48 between KM 42.700 to,618505.0,Ministry of Road Transport & Highways,Roads & Highways,"Multi-States
(Haryana,
Rajasthan)",49.8
PF_GAP,WARNING,Physical-Financial gap of 28.2%,6L access Controlled Greenfield Highway from Ranipur Barsi to Adhoya Musalmana,618723.0,Ministry of Road Transport & Highways,Roads & Highways,"Multi-States
(Haryana, Uttar
Pradesh)",43.3
TIME_OVERRUN,WARNING,Delayed by 21 months,6L access Controlled Greenfield Highway from Ranipur Barsi to Adhoya Musalmana,618723.0,Ministry of Road Transport & Highways,Roads & Highways,"Multi-States
(Haryana, Uttar
Pradesh)",43.3
COST_ESCALATION,WARNING,Cost escalated by 19.3% from original,Construction of Greenfield Connectivity to Jewar International Airport from DND-,619068.0,Ministry of Road Transport & Highways,Roads & Highways,"Multi-States
(Haryana, Uttar
Pradesh)",66.8
ELEVATED_RISK_ML,WARNING,ML risk score: 67/100,Construction of Greenfield Connectivity to Jewar International Airport from DND-,619068.0,Ministry of Road Transport & Highways,Roads & Highways,"Multi-States
(Haryana, Uttar
Pradesh)",66.8
TIME_OVERRUN,WARNING,Delayed by 22 months,Construction of Greenfield Connectivity to Jewar International Airport from DND-,619068.0,Ministry of Road Transport & Highways,Roads & Highways,"Multi-States
(Haryana, Uttar
Pradesh)",66.8
COST_ESCALATION,WARNING,Cost escalated by 21.8% from original,Delhi-Amritsar-Katra Expressway Phase-II Pkg-XIV from Junction with Pathankot-,619066.0,Ministry of Road Transport & Highways,Roads & Highways,"Multi-States
(Jammu and
Kashmir, Punjab)",71.9
PF_GAP,WARNING,Physical-Financial gap of 28.9%,Delhi-Amritsar-Katra Expressway Phase-II Pkg-XIV from Junction with Pathankot-,619066.0,Ministry of Road Transport & Highways,Roads & Highways,"Multi-States
(Jammu and
Kashmir, Punjab)",71.9
ELEVATED_RISK_ML,WARNING,ML risk score: 72/100,Delhi-Amritsar-Katra Expressway Phase-II Pkg-XIV from Junction with Pathankot-,619066.0,Ministry of Road Transport & Highways,Roads & Highways,"Multi-States
(Jammu and
Kashmir, Punjab)",71.9
TIME_OVERRUN,WARNING,Delayed by 25 months,Delhi-Amritsar-Katra Expressway Phase-II Pkg-XIV from Junction with Pathankot-,619066.0,Ministry of Road Transport & Highways,Roads & Highways,"Multi-States
(Jammu and
Kashmir, Punjab)",71.9
ELEVATED_RISK_ML,WARNING,ML risk score: 70/100,Barwa Adda Km. 398.240 to Panagarh Km. 521.120,618533.0,Ministry of Road Transport & Highways,Roads & Highways,"Multi-States
(Jharkhand, West
Bengal)",70.5
TIME_OVERRUN,CRITICAL,Delayed by 119 months,Barwa Adda Km. 398.240 to Panagarh Km. 521.120,618533.0,Ministry of Road Transport & Highways,Roads & Highways,"Multi-States
(Jharkhand, West
Bengal)",70.5
MULTI_MONTH_STAGNATION,CRITICAL,No progress improvement over multiple months,Barwa Adda Km. 398.240 to Panagarh Km. 521.120,618533.0,Ministry of Road Transport & Highways,Roads & Highways,"Multi-States
(Jharkhand, West
Bengal)",70.5
ELEVATED_RISK_ML,WARNING,ML risk score: 68/100,2L PS of JH / WB Border km. 70.524 - Purulia km.84.400 & Purulia km. 94.30 -,618909.0,Ministry of Road Transport & Highways,Roads & Highways,"Multi-States
(Jharkhand, West
Bengal)",68.1
TIME_OVERRUN,CRITICAL,Delayed by 50 months,2L PS of JH / WB Border km. 70.524 - Purulia km.84.400 & Purulia km. 94.30 -,618909.0,Ministry of Road Transport & Highways,Roads & Highways,"Multi-States
(Jharkhand, West
Bengal)",68.1
MULTI_MONTH_STAGNATION,CRITICAL,No progress improvement over multiple months,2L PS of JH / WB Border km. 70.524 - Purulia km.84.400 & Purulia km. 94.30 -,618909.0,Ministry of Road Transport & Highways,Roads & Highways,"Multi-States
(Jharkhand, West
Bengal)",68.1
COST_ESCALATION,WARNING,Cost escalated by 35.4% from original,Six Laning of KT/KL Border Thalapaddy -Chengala from Km. 17.200 to Km. 57.20,619205.0,Ministry of Road Transport & Highways,Roads & Highways,"Multi-States
(Karnataka,
Kerala)",77.5
ELEVATED_RISK_ML,WARNING,ML risk score: 78/100,Six Laning of KT/KL Border Thalapaddy -Chengala from Km. 17.200 to Km. 57.20,619205.0,Ministry of Road Transport & Highways,Roads & Highways,"Multi-States
(Karnataka,
Kerala)",77.5
TIME_OVERRUN,WARNING,Delayed by 27 months,Six Laning of KT/KL Border Thalapaddy -Chengala from Km. 17.200 to Km. 57.20,619205.0,Ministry of Road Transport & Highways,Roads & Highways,"Multi-States
(Karnataka,
Kerala)",77.5
MULTI_MONTH_STAGNATION,CRITICAL,No progress improvement over multiple months,Six Laning of KT/KL Border Thalapaddy -Chengala from Km. 17.200 to Km. 57.20,619205.0,Ministry of Road Transport & Highways,Roads & Highways,"Multi-States
(Karnataka,
Kerala)",77.5
TIME_OVERRUN,WARNING,Delayed by 25 months,6L from Sankeshwar Bypass to MH-KNT Border from Km. 555.017 to Km. 592.853 of,618516.0,Ministry of Road Transport & Highways,Roads & Highways,"Multi-States
(Karnataka,
Maharashtra)",31.1
EXPENDITURE_LAG,CRITICAL,Only 23% budget spent but 96% time elapsed,Akkalkot MH/KN border New Greenfield corridor from Km 512.000 to Km 548.400 of,618636.0,Ministry of Road Transport & Highways,Roads & Highways,"Multi-States
(Karnataka,
Maharashtra)",62.9
PF_GAP,WARNING,Physical-Financial gap of 34.1%,Akkalkot MH/KN border New Greenfield corridor from Km 512.000 to Km 548.400 of,618636.0,Ministry of Road Transport & Highways,Roads & Highways,"Multi-States
(Karnataka,
Maharashtra)",62.9
ELEVATED_RISK_ML,WARNING,ML risk score: 63/100,Akkalkot MH/KN border New Greenfield corridor from Km 512.000 to Km 548.400 of,618636.0,Ministry of Road Transport & Highways,Roads & Highways,"Multi-States
(Karnataka,
Maharashtra)",62.9
PF_GAP,WARNING,Physical-Financial gap of 31.3%,Bangalore Ring Road STRR-NH-948A- Package-I of Phase-III from Belagondapalli TN,618519.0,Ministry of Road Transport & Highways,Roads & Highways,"Multi-States
(Karnataka, Tamil
Nadu)",44.9
TIME_OVERRUN,WARNING,Delayed by 19 months,Bangalore Ring Road STRR-NH-948A- Package-I of Phase-III from Belagondapalli TN,618519.0,Ministry of Road Transport & Highways,Roads & Highways,"Multi-States
(Karnataka, Tamil
Nadu)",44.9
TIME_OVERRUN,WARNING,Delayed by 27 months,Hosur to Dhamrapuri Pkg-1 [Neraluru - Thorapalli Agraharam],618581.0,Ministry of Road Transport & Highways,Roads & Highways,"Multi-States
(Karnataka, Tamil
Nadu)",47.9
MULTI_MONTH_STAGNATION,CRITICAL,No progress improvement over multiple months,Hosur to Dhamrapuri Pkg-1 [Neraluru - Thorapalli Agraharam],618581.0,Ministry of Road Transport & Highways,Roads & Highways,"Multi-States
(Karnataka, Tamil
Nadu)",47.9
PF_GAP,WARNING,Physical-Financial gap of 43.5%,6L of MH/KN Border Nimbal Village to KN/TS Border Singnodi Village from Km. 162.5,618631.0,Ministry of Road Transport & Highways,Roads & Highways,"Multi-States
(Karnataka,
Telangana)",55.4
TIME_OVERRUN,WARNING,Delayed by 15 months,6L of MH/KN Border Nimbal Village to KN/TS Border Singnodi Village from Km. 162.5,618631.0,Ministry of Road Transport & Highways,Roads & Highways,"Multi-States
(Karnataka,
Telangana)",55.4
MULTI_MONTH_STAGNATION,CRITICAL,No progress improvement over multiple months,6L of MH/KN Border Nimbal Village to KN/TS Border Singnodi Village from Km. 162.5,618631.0,Ministry of Road Transport & Highways,Roads & Highways,"Multi-States
(Karnataka,
Telangana)",55.4
PF_GAP,WARNING,Physical-Financial gap of 46.5%,6L Access Controlled Greenfield Highway of Nandinne village to Julekal village from,618632.0,Ministry of Road Transport & Highways,Roads & Highways,"Multi-States
(Karnataka,
Telangana)",63.5
ELEVATED_RISK_ML,WARNING,ML risk score: 64/100,6L Access Controlled Greenfield Highway of Nandinne village to Julekal village from,618632.0,Ministry of Road Transport & Highways,Roads & Highways,"Multi-States
(Karnataka,
Telangana)",63.5
TIME_OVERRUN,WARNING,Delayed by 19 months,6L Access Controlled Greenfield Highway of Nandinne village to Julekal village from,618632.0,Ministry of Road Transport & Highways,Roads & Highways,"Multi-States
(Karnataka,
Telangana)",63.5
COST_ESCALATION,WARNING,Cost escalated by 33.2% from original,Thalassery Mahe Bypass Km 170.600 to Km 189.200 of NH-17New NH-66 in Kerala,619097.0,Ministry of Road Transport & Highways,Roads & Highways,"Multi-States
(Kerala,
Puducherry)",83.2
PF_GAP,WARNING,Physical-Financial gap of -29.9%,Thalassery Mahe Bypass Km 170.600 to Km 189.200 of NH-17New NH-66 in Kerala,619097.0,Ministry of Road Transport & Highways,Roads & Highways,"Multi-States
(Kerala,
Puducherry)",83.2
HIGH_RISK_ML,CRITICAL,ML risk score: 83/100,Thalassery Mahe Bypass Km 170.600 to Km 189.200 of NH-17New NH-66 in Kerala,619097.0,Ministry of Road Transport & Highways,Roads & Highways,"Multi-States
(Kerala,
Puducherry)",83.2
TIME_OVERRUN,CRITICAL,Delayed by 75 months,Thalassery Mahe Bypass Km 170.600 to Km 189.200 of NH-17New NH-66 in Kerala,619097.0,Ministry of Road Transport & Highways,Roads & Highways,"Multi-States
(Kerala,
Puducherry)",83.2
MULTI_MONTH_STAGNATION,CRITICAL,No progress improvement over multiple months,Thalassery Mahe Bypass Km 170.600 to Km 189.200 of NH-17New NH-66 in Kerala,619097.0,Ministry of Road Transport & Highways,Roads & Highways,"Multi-States
(Kerala,
Puducherry)",83.2
PF_GAP,WARNING,Physical-Financial gap of 21.9%,4L Shahpur to Muktainagar from Km. 186.000 to km 216.278 of NH 753L Pkg II of,619101.0,Ministry of Road Transport & Highways,Roads & Highways,"Multi-States
(Madhya Pradesh,
Maharashtra)",49.6
MULTI_MONTH_STAGNATION,CRITICAL,No progress improvement over multiple months,4L Shahpur to Muktainagar from Km. 186.000 to km 216.278 of NH 753L Pkg II of,619101.0,Ministry of Road Transport & Highways,Roads & Highways,"Multi-States
(Madhya Pradesh,
Maharashtra)",49.6
COST_ESCALATION,WARNING,Cost escalated by 22.6% from original,4L of Bamni - Rajura - Warur - Devada upto M.S. Border of NH - 930D from km,618941.0,Ministry of Road Transport & Highways,Roads & Highways,"Multi-States
(Maharashtra,
Telangana)",60.6
ELEVATED_RISK_ML,WARNING,ML risk score: 61/100,4L of Bamni - Rajura - Warur - Devada upto M.S. Border of NH - 930D from km,618941.0,Ministry of Road Transport & Highways,Roads & Highways,"Multi-States
(Maharashtra,
Telangana)",60.6
PF_GAP,WARNING,Physical-Financial gap of 59.6%,Viluppuram Km.0.000 to Puducherry Km.29.000,618844.0,Ministry of Road Transport & Highways,Roads & Highways,"Multi-States
(Puducherry, Tamil
Nadu)",61.7
ELEVATED_RISK_ML,WARNING,ML risk score: 62/100,Viluppuram Km.0.000 to Puducherry Km.29.000,618844.0,Ministry of Road Transport & Highways,Roads & Highways,"Multi-States
(Puducherry, Tamil
Nadu)",61.7
TIME_OVERRUN,WARNING,Delayed by 34 months,Viluppuram Km.0.000 to Puducherry Km.29.000,618844.0,Ministry of Road Transport & Highways,Roads & Highways,"Multi-States
(Puducherry, Tamil
Nadu)",61.7
MULTI_MONTH_STAGNATION,CRITICAL,No progress improvement over multiple months,Viluppuram Km.0.000 to Puducherry Km.29.000,618844.0,Ministry of Road Transport & Highways,Roads & Highways,"Multi-States
(Puducherry, Tamil
Nadu)",61.7
EXPENDITURE_LAG,CRITICAL,Only 33% budget spent but 242% time elapsed,Puducherry Km.29.000 to Poondiyankuppam Km.67.000,618845.0,Ministry of Road Transport & Highways,Roads & Highways,"Multi-States
(Puducherry, Tamil
Nadu)",62.7
PF_GAP,WARNING,Physical-Financial gap of 69.8%,Puducherry Km.29.000 to Poondiyankuppam Km.67.000,618845.0,Ministry of Road Transport & Highways,Roads & Highways,"Multi-States
(Puducherry, Tamil
Nadu)",62.7
ELEVATED_RISK_ML,WARNING,ML risk score: 63/100,Puducherry Km.29.000 to Poondiyankuppam Km.67.000,618845.0,Ministry of Road Transport & Highways,Roads & Highways,"Multi-States
(Puducherry, Tamil
Nadu)",62.7
TIME_OVERRUN,WARNING,Delayed by 34 months,Puducherry Km.29.000 to Poondiyankuppam Km.67.000,618845.0,Ministry of Road Transport & Highways,Roads & Highways,"Multi-States
(Puducherry, Tamil
Nadu)",62.7
MULTI_MONTH_STAGNATION,CRITICAL,No progress improvement over multiple months,Puducherry Km.29.000 to Poondiyankuppam Km.67.000,618845.0,Ministry of Road Transport & Highways,Roads & Highways,"Multi-States
(Puducherry, Tamil
Nadu)",62.7
PF_GAP,WARNING,Physical-Financial gap of 30.6%,Sattanathapuram to Nagapattinam from Km 123.800 to Km 179.555,618847.0,Ministry of Road Transport & Highways,Roads & Highways,"Multi-States
(Puducherry, Tamil
Nadu)",51.4
TIME_OVERRUN,CRITICAL,Delayed by 50 months,Sattanathapuram to Nagapattinam from Km 123.800 to Km 179.555,618847.0,Ministry of Road Transport & Highways,Roads & Highways,"Multi-States
(Puducherry, Tamil
Nadu)",51.4
PF_GAP,WARNING,Physical-Financial gap of 35.5%,6L with access control provision Saharanpur bypass to Ganeshpur section from 13.89,618711.0,Ministry of Road Transport & Highways,Roads & Highways,"Multi-States (Uttar
Pradesh,
Uttarakhand)",52.0
TIME_OVERRUN,WARNING,Delayed by 21 months,6L with access control provision Saharanpur bypass to Ganeshpur section from 13.89,618711.0,Ministry of Road Transport & Highways,Roads & Highways,"Multi-States (Uttar
Pradesh,
Uttarakhand)",52.0
MULTI_MONTH_STAGNATION,CRITICAL,No progress improvement over multiple months,6L with access control provision Saharanpur bypass to Ganeshpur section from 13.89,618711.0,Ministry of Road Transport & Highways,Roads & Highways,"Multi-States (Uttar
Pradesh,
Uttarakhand)",52.0
EXPENDITURE_LAG,CRITICAL,Only 32% budget spent but 125% time elapsed,4-laning of Pilibhit - Sitarganj from Km. 32.500 to Km. 70.800 Pkg-2 of NH-30,618783.0,Ministry of Road Transport & Highways,Roads & Highways,"Multi-States (Uttar
Pradesh,
Uttarakhand)",44.9
TIME_OVERRUN,WARNING,Delayed by 19 months,4-laning of Pilibhit - Sitarganj from Km. 32.500 to Km. 70.800 Pkg-2 of NH-30,618783.0,Ministry of Road Transport & Highways,Roads & Highways,"Multi-States (Uttar
Pradesh,
Uttarakhand)",44.9
TIME_OVERRUN,WARNING,Delayed by 18 months,Improvement & Up-gradation of NH-734 Section of Moradabad-Thakurdwara Kashipur,618928.0,Ministry of Road Transport & Highways,Roads & Highways,"Multi-States (Uttar
Pradesh,
Uttarakhand)",42.3
COST_ESCALATION,WARNING,Cost escalated by 21.2% from original,4/6L of Spur to Haridwar Greenfield from Km. 0.000 to Km. 50.70,618969.0,Ministry of Road Transport & Highways,Roads & Highways,"Multi-States (Uttar
Pradesh,
Uttarakhand)",68.3
PF_GAP,WARNING,Physical-Financial gap of 21.4%,4/6L of Spur to Haridwar Greenfield from Km. 0.000 to Km. 50.70,618969.0,Ministry of Road Transport & Highways,Roads & Highways,"Multi-States (Uttar
Pradesh,
Uttarakhand)",68.3
ELEVATED_RISK_ML,WARNING,ML risk score: 68/100,4/6L of Spur to Haridwar Greenfield from Km. 0.000 to Km. 50.70,618969.0,Ministry of Road Transport & Highways,Roads & Highways,"Multi-States (Uttar
Pradesh,
Uttarakhand)",68.3
TIME_OVERRUN,WARNING,Delayed by 19 months,4/6L of Spur to Haridwar Greenfield from Km. 0.000 to Km. 50.70,618969.0,Ministry of Road Transport & Highways,Roads & Highways,"Multi-States (Uttar
Pradesh,
Uttarakhand)",68.3
TIME_OVERRUN,CRITICAL,Delayed by 73 months,4L of Haridwar-Nagina section from km. 0.00 to km. 71.614 of NH-74,619217.0,Ministry of Road Transport & Highways,Roads & Highways,"Multi-States (Uttar
Pradesh,
Uttarakhand)",42.5
EXPENDITURE_LAG,CRITICAL,Only 0% budget spent but 113% time elapsed,Widening of existing Single lane / Intermediate lane road to 2 lane from Km 101 to Km,617886.0,Ministry of Road Transport & Highways,Roads & Highways,Nagaland,60.6
PF_GAP,WARNING,Physical-Financial gap of 44.5%,Widening of existing Single lane / Intermediate lane road to 2 lane from Km 101 to Km,617886.0,Ministry of Road Transport & Highways,Roads & Highways,Nagaland,60.6
ELEVATED_RISK_ML,WARNING,ML risk score: 61/100,Widening of existing Single lane / Intermediate lane road to 2 lane from Km 101 to Km,617886.0,Ministry of Road Transport & Highways,Roads & Highways,Nagaland,60.6
MULTI_MONTH_STAGNATION,CRITICAL,No progress improvement over multiple months,Widening of existing Single lane / Intermediate lane road to 2 lane from Km 101 to Km,617886.0,Ministry of Road Transport & Highways,Roads & Highways,Nagaland,60.6
PF_GAP,WARNING,Physical-Financial gap of 47.8%,Widening to Existing single lane /intermediate lane to 2 lane from Km185.00 to Km,618072.0,Ministry of Road Transport & Highways,Roads & Highways,Nagaland,58.7
TIME_OVERRUN,WARNING,Delayed by 20 months,Widening to Existing single lane /intermediate lane to 2 lane from Km185.00 to Km,618072.0,Ministry of Road Transport & Highways,Roads & Highways,Nagaland,58.7
MULTI_MONTH_STAGNATION,CRITICAL,No progress improvement over multiple months,Widening to Existing single lane /intermediate lane to 2 lane from Km185.00 to Km,618072.0,Ministry of Road Transport & Highways,Roads & Highways,Nagaland,58.7
TIME_OVERRUN,CRITICAL,Delayed by 56 months,Construction of 2-lane with Paved shoulder of Kohima- Bypass Road Connecting NH-,618290.0,Ministry of Road Transport & Highways,Roads & Highways,Nagaland,44.3
COST_ESCALATION,CRITICAL,Cost escalated by 114.1% from original,Construction of 2-lane with Paved shoulder of Kohima-Bypass Road connecting NH-,618291.0,Ministry of Road Transport & Highways,Roads & Highways,Nagaland,83.6
EXPENDITURE_LAG,CRITICAL,Only 37% budget spent but 163% time elapsed,Construction of 2-lane with Paved shoulder of Kohima-Bypass Road connecting NH-,618291.0,Ministry of Road Transport & Highways,Roads & Highways,Nagaland,83.6
PF_GAP,WARNING,Physical-Financial gap of -40.7%,Construction of 2-lane with Paved shoulder of Kohima-Bypass Road connecting NH-,618291.0,Ministry of Road Transport & Highways,Roads & Highways,Nagaland,83.6
HIGH_RISK_ML,CRITICAL,ML risk score: 84/100,Construction of 2-lane with Paved shoulder of Kohima-Bypass Road connecting NH-,618291.0,Ministry of Road Transport & Highways,Roads & Highways,Nagaland,83.6
TIME_OVERRUN,WARNING,Delayed by 18 months,Construction of 2-lane with Paved shoulder of Kohima-Bypass Road connecting NH-,618291.0,Ministry of Road Transport & Highways,Roads & Highways,Nagaland,83.6
TIME_OVERRUN,CRITICAL,Delayed by 60 months,Construction of 2-Lane with paved shoulder of Kohima-Bypass Road connecting New,618292.0,Ministry of Road Transport & Highways,Roads & Highways,Nagaland,50.3
MULTI_MONTH_STAGNATION,CRITICAL,No progress improvement over multiple months,Construction of 2-Lane with paved shoulder of Kohima-Bypass Road connecting New,618292.0,Ministry of Road Transport & Highways,Roads & Highways,Nagaland,50.3
COST_ESCALATION,CRITICAL,Cost escalated by 51.1% from original,Construction of 2-Lane with paved shoulder of Kohima-Bypass Road connecting NH-,618293.0,Ministry of Road Transport & Highways,Roads & Highways,Nagaland,55.2
EXPENDITURE_LAG,CRITICAL,Only 34% budget spent but 94% time elapsed,Construction of 2-Lane with paved shoulder of Kohima-Bypass Road connecting NH-,618293.0,Ministry of Road Transport & Highways,Roads & Highways,Nagaland,55.2
PROGRESS_STAGNATION,CRITICAL,Only 27% progress with 94% time elapsed,Construction of 2-Lane with paved shoulder of Kohima-Bypass Road connecting NH-,618293.0,Ministry of Road Transport & Highways,Roads & Highways,Nagaland,55.2
PF_GAP,WARNING,Physical-Financial gap of -24.8%,Construction of 2-Lane with paved shoulder of Kohima-Bypass Road connecting NH-,618293.0,Ministry of Road Transport & Highways,Roads & Highways,Nagaland,55.2
EXPENDITURE_LAG,CRITICAL,Only 0% budget spent but 133% time elapsed,Construction of 2-lane with hard shoulder of Kohima - Jessami road on NH-29 Old NH-,618297.0,Ministry of Road Transport & Highways,Roads & Highways,Nagaland,55.0
PF_GAP,WARNING,Physical-Financial gap of 43.1%,Construction of 2-lane with hard shoulder of Kohima - Jessami road on NH-29 Old NH-,618297.0,Ministry of Road Transport & Highways,Roads & Highways,Nagaland,55.0
COST_ESCALATION,WARNING,Cost escalated by 41.2% from original,4-Laning of Balance work of Dimapur-Kohima Road from design km 152.490 to km,618328.0,Ministry of Road Transport & Highways,Roads & Highways,Nagaland,67.8
ELEVATED_RISK_ML,WARNING,ML risk score: 68/100,4-Laning of Balance work of Dimapur-Kohima Road from design km 152.490 to km,618328.0,Ministry of Road Transport & Highways,Roads & Highways,Nagaland,67.8
EXPENDITURE_LAG,CRITICAL,Only 0% budget spent but 123% time elapsed,Widening to 2 Lane with Hard shoulder of Akegwo-Avangkhu section of NH-202K for,618364.0,Ministry of Road Transport & Highways,Roads & Highways,Nagaland,40.5
PF_GAP,WARNING,Physical-Financial gap of 87.0%,Widening to 2 Lane with Hard shoulder of Akegwo-Avangkhu section of NH-202K for,618364.0,Ministry of Road Transport & Highways,Roads & Highways,Nagaland,40.5
MULTI_MONTH_STAGNATION,CRITICAL,No progress improvement over multiple months,Widening to 2 Lane with Hard shoulder of Akegwo-Avangkhu section of NH-202K for,618364.0,Ministry of Road Transport & Highways,Roads & Highways,Nagaland,40.5
EXPENDITURE_LAG,CRITICAL,Only 0% budget spent but 123% time elapsed,Widening to 2 Lane with Hard shoulder of Akegwo-Avangkhu section of NH-202K for,618365.0,Ministry of Road Transport & Highways,Roads & Highways,Nagaland,40.4
PF_GAP,WARNING,Physical-Financial gap of 85.7%,Widening to 2 Lane with Hard shoulder of Akegwo-Avangkhu section of NH-202K for,618365.0,Ministry of Road Transport & Highways,Roads & Highways,Nagaland,40.4
MULTI_MONTH_STAGNATION,CRITICAL,No progress improvement over multiple months,Widening to 2 Lane with Hard shoulder of Akegwo-Avangkhu section of NH-202K for,618365.0,Ministry of Road Transport & Highways,Roads & Highways,Nagaland,40.4
EXPENDITURE_LAG,CRITICAL,Only 0% budget spent but 123% time elapsed,Widening to 2 Lane with Hard shoulder of Akegwo-Avangkhu section of NH-202K for,618366.0,Ministry of Road Transport & Highways,Roads & Highways,Nagaland,43.3
PF_GAP,WARNING,Physical-Financial gap of 58.5%,Widening to 2 Lane with Hard shoulder of Akegwo-Avangkhu section of NH-202K for,618366.0,Ministry of Road Transport & Highways,Roads & Highways,Nagaland,43.3
MULTI_MONTH_STAGNATION,CRITICAL,No progress improvement over multiple months,Widening to 2 Lane with Hard shoulder of Akegwo-Avangkhu section of NH-202K for,618366.0,Ministry of Road Transport & Highways,Roads & Highways,Nagaland,43.3
PF_GAP,WARNING,Physical-Financial gap of 32.8%,Construction of 2 laning with Hard shoulder of Peren-Dimapur section on NH 129A,618413.0,Ministry of Road Transport & Highways,Roads & Highways,Nagaland,66.9
ELEVATED_RISK_ML,WARNING,ML risk score: 67/100,Construction of 2 laning with Hard shoulder of Peren-Dimapur section on NH 129A,618413.0,Ministry of Road Transport & Highways,Roads & Highways,Nagaland,66.9
TIME_OVERRUN,WARNING,Delayed by 14 months,Construction of 2 laning with Hard shoulder of Peren-Dimapur section on NH 129A,618413.0,Ministry of Road Transport & Highways,Roads & Highways,Nagaland,66.9
PF_GAP,WARNING,Physical-Financial gap of 43.9%,Construction of Balance work for 2-lane with hard shoulder of Peren- Dimapur section,618414.0,Ministry of Road Transport & Highways,Roads & Highways,Nagaland,38.3
MULTI_MONTH_STAGNATION,CRITICAL,No progress improvement over multiple months,Construction of Balance work for 2-lane with hard shoulder of Peren- Dimapur section,618414.0,Ministry of Road Transport & Highways,Roads & Highways,Nagaland,38.3
PF_GAP,WARNING,Physical-Financial gap of 37.1%,Construction of 2-lane with hard shoulders of Merangkong-Tamlu-Mon road Wakching,618422.0,Ministry of Road Transport & Highways,Roads & Highways,Nagaland,51.5
MULTI_MONTH_STAGNATION,CRITICAL,No progress improvement over multiple months,Construction of 2-lane with hard shoulders of Merangkong-Tamlu-Mon road Wakching,618422.0,Ministry of Road Transport & Highways,Roads & Highways,Nagaland,51.5
MULTI_MONTH_STAGNATION,CRITICAL,No progress improvement over multiple months,Construction of 2-Lane with hard shoulders of Merangkong-Tamlu-Mon MTM Road,618423.0,Ministry of Road Transport & Highways,Roads & Highways,Nagaland,46.4
PF_GAP,WARNING,Physical-Financial gap of 33.5%,Construction of 2-Lane with hard shoulders of Merangkong-Tamlu-Mon Road on EPC,619059.0,Ministry of Road Transport & Highways,Roads & Highways,Nagaland,46.5
TIME_OVERRUN,WARNING,Delayed by 15 months,Construction of 2-Lane with hard shoulders of Merangkong-Tamlu-Mon Road on EPC,619059.0,Ministry of Road Transport & Highways,Roads & Highways,Nagaland,46.5
MULTI_MONTH_STAGNATION,CRITICAL,No progress improvement over multiple months,New construction of Major Bridge with Approaches from Km 0.000 to 1.200 Madhopur,617898.0,Ministry of Road Transport & Highways,Roads & Highways,Odisha,33.2
MULTI_MONTH_STAGNATION,CRITICAL,No progress improvement over multiple months,Widening and Strengthening to 4LPS/2LPS from km 0.000 to 35.800 Kuakhia -,617899.0,Ministry of Road Transport & Highways,Roads & Highways,Odisha,50.8
EXPENDITURE_LAG,CRITICAL,Only 7% budget spent but 88% time elapsed,construction or By-pass road on NH-26 for Nabrangpur Town,617902.0,Ministry of Road Transport & Highways,Roads & Highways,Odisha,28.3
PF_GAP,WARNING,Physical-Financial gap of 31.4%,construction or By-pass road on NH-26 for Nabrangpur Town,617902.0,Ministry of Road Transport & Highways,Roads & Highways,Odisha,28.3
EXPENDITURE_LAG,CRITICAL,Only 3% budget spent but 137% time elapsed,Construction of Bypass road to Balangir town from km 72/400 Desing km 0/0 to km,617904.0,Ministry of Road Transport & Highways,Roads & Highways,Odisha,63.4
PF_GAP,WARNING,Physical-Financial gap of 52.2%,Construction of Bypass road to Balangir town from km 72/400 Desing km 0/0 to km,617904.0,Ministry of Road Transport & Highways,Roads & Highways,Odisha,63.4
ELEVATED_RISK_ML,WARNING,ML risk score: 63/100,Construction of Bypass road to Balangir town from km 72/400 Desing km 0/0 to km,617904.0,Ministry of Road Transport & Highways,Roads & Highways,Odisha,63.4
TIME_OVERRUN,WARNING,Delayed by 14 months,Construction of Bypass road to Balangir town from km 72/400 Desing km 0/0 to km,617904.0,Ministry of Road Transport & Highways,Roads & Highways,Odisha,63.4
MULTI_MONTH_STAGNATION,CRITICAL,No progress improvement over multiple months,Construction of Bypass road to Balangir town from km 72/400 Desing km 0/0 to km,617904.0,Ministry of Road Transport & Highways,Roads & Highways,Odisha,63.4
EXPENDITURE_LAG,CRITICAL,Only 27% budget spent but 167% time elapsed,Construction of 4 lane ROB with approaches in lieu of LC No. RV-172 at km 176.00 of,617905.0,Ministry of Road Transport & Highways,Roads & Highways,Odisha,53.3
PF_GAP,WARNING,Physical-Financial gap of 50.7%,Construction of 4 lane ROB with approaches in lieu of LC No. RV-172 at km 176.00 of,617905.0,Ministry of Road Transport & Highways,Roads & Highways,Odisha,53.3
TIME_OVERRUN,WARNING,Delayed by 24 months,Construction of 4 lane ROB with approaches in lieu of LC No. RV-172 at km 176.00 of,617905.0,Ministry of Road Transport & Highways,Roads & Highways,Odisha,53.3
MULTI_MONTH_STAGNATION,CRITICAL,No progress improvement over multiple months,Widening and Strengthening to 2LPS including LA from km 318.970 to 353.450,617920.0,Ministry of Road Transport & Highways,Roads & Highways,Odisha,33.8
EXPENDITURE_LAG,CRITICAL,Only 26% budget spent but 163% time elapsed,Widening and strengthening to 2LPS including LA of Kandarpur-Balikuda from km,617921.0,Ministry of Road Transport & Highways,Roads & Highways,Odisha,51.3
PF_GAP,WARNING,Physical-Financial gap of 39.7%,Widening and strengthening to 2LPS including LA of Kandarpur-Balikuda from km,617921.0,Ministry of Road Transport & Highways,Roads & Highways,Odisha,51.3
TIME_OVERRUN,WARNING,Delayed by 17 months,Widening and strengthening to 2LPS including LA of Kandarpur-Balikuda from km,617921.0,Ministry of Road Transport & Highways,Roads & Highways,Odisha,51.3
EXPENDITURE_LAG,CRITICAL,Only 21% budget spent but 222% time elapsed,Construction of Bypass to Khordha town from Km 294/000 to 300/300 on NH-57,617925.0,Ministry of Road Transport & Highways,Roads & Highways,Odisha,55.8
PF_GAP,WARNING,Physical-Financial gap of 70.6%,Construction of Bypass to Khordha town from Km 294/000 to 300/300 on NH-57,617925.0,Ministry of Road Transport & Highways,Roads & Highways,Odisha,55.8
TIME_OVERRUN,WARNING,Delayed by 21 months,Construction of Bypass to Khordha town from Km 294/000 to 300/300 on NH-57,617925.0,Ministry of Road Transport & Highways,Roads & Highways,Odisha,55.8
EXPENDITURE_LAG,CRITICAL,Only 30% budget spent but 120% time elapsed,Construction of Bypass on NH-59 from Km 336/350 to 349/910 13.56 km near,617930.0,Ministry of Road Transport & Highways,Roads & Highways,Odisha,55.3
PF_GAP,WARNING,Physical-Financial gap of 39.8%,Construction of Bypass on NH-59 from Km 336/350 to 349/910 13.56 km near,617930.0,Ministry of Road Transport & Highways,Roads & Highways,Odisha,55.3
MULTI_MONTH_STAGNATION,CRITICAL,No progress improvement over multiple months,Construction of Bypass on NH-59 from Km 336/350 to 349/910 13.56 km near,617930.0,Ministry of Road Transport & Highways,Roads & Highways,Odisha,55.3
EXPENDITURE_LAG,CRITICAL,Only 16% budget spent but 216% time elapsed,Construction of four lane ROB and its approaches in lieu of existing Level Crossing,618003.0,Ministry of Road Transport & Highways,Roads & Highways,Odisha,54.8
PF_GAP,WARNING,Physical-Financial gap of 73.7%,Construction of four lane ROB and its approaches in lieu of existing Level Crossing,618003.0,Ministry of Road Transport & Highways,Roads & Highways,Odisha,54.8
TIME_OVERRUN,WARNING,Delayed by 21 months,Construction of four lane ROB and its approaches in lieu of existing Level Crossing,618003.0,Ministry of Road Transport & Highways,Roads & Highways,Odisha,54.8
EXPENDITURE_LAG,CRITICAL,Only 25% budget spent but 129% time elapsed,"Widening & strengthenlng to 2LPS from km 0,000 to 40.000 Dhaugaon- Podamari",618012.0,Ministry of Road Transport & Highways,Roads & Highways,Odisha,57.3
PF_GAP,WARNING,Physical-Financial gap of 35.1%,"Widening & strengthenlng to 2LPS from km 0,000 to 40.000 Dhaugaon- Podamari",618012.0,Ministry of Road Transport & Highways,Roads & Highways,Odisha,57.3
MULTI_MONTH_STAGNATION,CRITICAL,No progress improvement over multiple months,"Widening & strengthenlng to 2LPS from km 0,000 to 40.000 Dhaugaon- Podamari",618012.0,Ministry of Road Transport & Highways,Roads & Highways,Odisha,57.3
EXPENDITURE_LAG,CRITICAL,Only 0% budget spent but 95% time elapsed,Construction of Dharmagarh Bypass on NH-130C including land acquisition in the,618079.0,Ministry of Road Transport & Highways,Roads & Highways,Odisha,36.3
PROGRESS_STAGNATION,CRITICAL,Only 15% progress with 95% time elapsed,Construction of Dharmagarh Bypass on NH-130C including land acquisition in the,618079.0,Ministry of Road Transport & Highways,Roads & Highways,Odisha,36.3
MULTI_MONTH_STAGNATION,CRITICAL,No progress improvement over multiple months,Construction of Dharmagarh Bypass on NH-130C including land acquisition in the,618079.0,Ministry of Road Transport & Highways,Roads & Highways,Odisha,36.3
EXPENDITURE_LAG,CRITICAL,Only 4% budget spent but 96% time elapsed,Widening to 2 lane with paved shoulded of Jareikela Jharkhand/Odisha Border -,618122.0,Ministry of Road Transport & Highways,Roads & Highways,Odisha,30.7
PF_GAP,WARNING,Physical-Financial gap of 29.7%,Widening to 2 lane with paved shoulded of Jareikela Jharkhand/Odisha Border -,618122.0,Ministry of Road Transport & Highways,Roads & Highways,Odisha,30.7
COST_ESCALATION,CRITICAL,Cost escalated by 65.1% from original,Bhadrak KM 136.500 to Baleshwar KM 199.141,618523.0,Ministry of Road Transport & Highways,Roads & Highways,Odisha,81.5
HIGH_RISK_ML,CRITICAL,ML risk score: 82/100,Bhadrak KM 136.500 to Baleshwar KM 199.141,618523.0,Ministry of Road Transport & Highways,Roads & Highways,Odisha,81.5
TIME_OVERRUN,CRITICAL,Delayed by 62 months,Bhadrak KM 136.500 to Baleshwar KM 199.141,618523.0,Ministry of Road Transport & Highways,Roads & Highways,Odisha,81.5
MULTI_MONTH_STAGNATION,CRITICAL,No progress improvement over multiple months,Bhadrak KM 136.500 to Baleshwar KM 199.141,618523.0,Ministry of Road Transport & Highways,Roads & Highways,Odisha,81.5
PF_GAP,WARNING,Physical-Financial gap of 25.6%,Construction of 6-lane flyover at Ainthapali junction and a 2-lane ROB LHS on NH-53,618591.0,Ministry of Road Transport & Highways,Roads & Highways,Odisha,18.7
EXPENDITURE_LAG,CRITICAL,Only 23% budget spent but 123% time elapsed,"Balance work of 8 nos. of Elephant Underpasses EUPs, 1 no. of Vehicular Underpass",618592.0,Ministry of Road Transport & Highways,Roads & Highways,Odisha,44.4
PROGRESS_STAGNATION,CRITICAL,Only 25% progress with 123% time elapsed,"Balance work of 8 nos. of Elephant Underpasses EUPs, 1 no. of Vehicular Underpass",618592.0,Ministry of Road Transport & Highways,Roads & Highways,Odisha,44.4
TIME_OVERRUN,WARNING,Delayed by 17 months,"Balance work of 8 nos. of Elephant Underpasses EUPs, 1 no. of Vehicular Underpass",618592.0,Ministry of Road Transport & Highways,Roads & Highways,Odisha,44.4
COST_ESCALATION,WARNING,Cost escalated by 24.6% from original,6L Greenfield Kaliagura Baunsaguar Section of NH-130-CD Road from km 249000 to,618677.0,Ministry of Road Transport & Highways,Roads & Highways,Odisha,73.6
PF_GAP,WARNING,Physical-Financial gap of 31.1%,6L Greenfield Kaliagura Baunsaguar Section of NH-130-CD Road from km 249000 to,618677.0,Ministry of Road Transport & Highways,Roads & Highways,Odisha,73.6
ELEVATED_RISK_ML,WARNING,ML risk score: 74/100,6L Greenfield Kaliagura Baunsaguar Section of NH-130-CD Road from km 249000 to,618677.0,Ministry of Road Transport & Highways,Roads & Highways,Odisha,73.6
TIME_OVERRUN,WARNING,Delayed by 30 months,6L Greenfield Kaliagura Baunsaguar Section of NH-130-CD Road from km 249000 to,618677.0,Ministry of Road Transport & Highways,Roads & Highways,Odisha,73.6
COST_ESCALATION,WARNING,Cost escalated by 29.2% from original,6L Greenfield Baunsaguar - Baraja Section of NH-130-CD Road from km 293000 to,618678.0,Ministry of Road Transport & Highways,Roads & Highways,Odisha,79.4
PF_GAP,WARNING,Physical-Financial gap of 20.5%,6L Greenfield Baunsaguar - Baraja Section of NH-130-CD Road from km 293000 to,618678.0,Ministry of Road Transport & Highways,Roads & Highways,Odisha,79.4
ELEVATED_RISK_ML,WARNING,ML risk score: 79/100,6L Greenfield Baunsaguar - Baraja Section of NH-130-CD Road from km 293000 to,618678.0,Ministry of Road Transport & Highways,Roads & Highways,Odisha,79.4
TIME_OVERRUN,WARNING,Delayed by 27 months,6L Greenfield Baunsaguar - Baraja Section of NH-130-CD Road from km 293000 to,618678.0,Ministry of Road Transport & Highways,Roads & Highways,Odisha,79.4
MULTI_MONTH_STAGNATION,CRITICAL,No progress improvement over multiple months,6L Greenfield Baunsaguar - Baraja Section of NH-130-CD Road from km 293000 to,618678.0,Ministry of Road Transport & Highways,Roads & Highways,Odisha,79.4
COST_ESCALATION,WARNING,Cost escalated by 28.1% from original,6L Greenfield Kandili - Aluru Section of NH-130-CD Road from km 342500 to km,618680.0,Ministry of Road Transport & Highways,Roads & Highways,Odisha,71.9
PF_GAP,WARNING,Physical-Financial gap of 26.9%,6L Greenfield Kandili - Aluru Section of NH-130-CD Road from km 342500 to km,618680.0,Ministry of Road Transport & Highways,Roads & Highways,Odisha,71.9
ELEVATED_RISK_ML,WARNING,ML risk score: 72/100,6L Greenfield Kandili - Aluru Section of NH-130-CD Road from km 342500 to km,618680.0,Ministry of Road Transport & Highways,Roads & Highways,Odisha,71.9
TIME_OVERRUN,WARNING,Delayed by 22 months,6L Greenfield Kandili - Aluru Section of NH-130-CD Road from km 342500 to km,618680.0,Ministry of Road Transport & Highways,Roads & Highways,Odisha,71.9
PF_GAP,WARNING,Physical-Financial gap of 29.6%,6L Flyover including RE Wall approaches with Flexible Pavement in the Elephant,618704.0,Ministry of Road Transport & Highways,Roads & Highways,Odisha,15.9
MULTI_MONTH_STAGNATION,CRITICAL,No progress improvement over multiple months,6L Flyover including RE Wall approaches with Flexible Pavement in the Elephant,618704.0,Ministry of Road Transport & Highways,Roads & Highways,Odisha,15.9
PF_GAP,WARNING,Physical-Financial gap of 46.1%,Rehabilitation and Up gradation from 4 to 8 laning of Chandikhole Paradip Section of,618820.0,Ministry of Road Transport & Highways,Roads & Highways,Odisha,62.3
ELEVATED_RISK_ML,WARNING,ML risk score: 62/100,Rehabilitation and Up gradation from 4 to 8 laning of Chandikhole Paradip Section of,618820.0,Ministry of Road Transport & Highways,Roads & Highways,Odisha,62.3
TIME_OVERRUN,WARNING,Delayed by 15 months,Rehabilitation and Up gradation from 4 to 8 laning of Chandikhole Paradip Section of,618820.0,Ministry of Road Transport & Highways,Roads & Highways,Odisha,62.3
PF_GAP,WARNING,Physical-Financial gap of 52.1%,Rehabilitation and Up gradation from 4 to 8 laning of Chandikhole Paradip Section of,618821.0,Ministry of Road Transport & Highways,Roads & Highways,Odisha,66.1
ELEVATED_RISK_ML,WARNING,ML risk score: 66/100,Rehabilitation and Up gradation from 4 to 8 laning of Chandikhole Paradip Section of,618821.0,Ministry of Road Transport & Highways,Roads & Highways,Odisha,66.1
PF_GAP,WARNING,Physical-Financial gap of 53.9%,Rehabilitation and Up gradation from 4 to 8 laning of Chandikhole Paradip Section of,618822.0,Ministry of Road Transport & Highways,Roads & Highways,Odisha,49.1
TIME_OVERRUN,WARNING,Delayed by 13 months,Rehabilitation and Up gradation from 4 to 8 laning of Chandikhole Paradip Section of,618822.0,Ministry of Road Transport & Highways,Roads & Highways,Odisha,49.1
TIME_OVERRUN,WARNING,Delayed by 32 months,3L Major Bridge over River Brahmani at Km. 401.250 Duburi - Chandikhole Section of,618908.0,Ministry of Road Transport & Highways,Roads & Highways,Odisha,49.1
MULTI_MONTH_STAGNATION,CRITICAL,No progress improvement over multiple months,3L Major Bridge over River Brahmani at Km. 401.250 Duburi - Chandikhole Section of,618908.0,Ministry of Road Transport & Highways,Roads & Highways,Odisha,49.1
COST_ESCALATION,WARNING,Cost escalated by 24.7% from original,6L of Badakumari - Karki Section from Km 179.000 to km 226.500 of NH-130-CD,619109.0,Ministry of Road Transport & Highways,Roads & Highways,Odisha,82.8
PF_GAP,WARNING,Physical-Financial gap of 34.9%,6L of Badakumari - Karki Section from Km 179.000 to km 226.500 of NH-130-CD,619109.0,Ministry of Road Transport & Highways,Roads & Highways,Odisha,82.8
HIGH_RISK_ML,CRITICAL,ML risk score: 83/100,6L of Badakumari - Karki Section from Km 179.000 to km 226.500 of NH-130-CD,619109.0,Ministry of Road Transport & Highways,Roads & Highways,Odisha,82.8
TIME_OVERRUN,WARNING,Delayed by 28 months,6L of Badakumari - Karki Section from Km 179.000 to km 226.500 of NH-130-CD,619109.0,Ministry of Road Transport & Highways,Roads & Highways,Odisha,82.8
MULTI_MONTH_STAGNATION,CRITICAL,No progress improvement over multiple months,6L of Badakumari - Karki Section from Km 179.000 to km 226.500 of NH-130-CD,619109.0,Ministry of Road Transport & Highways,Roads & Highways,Odisha,82.8
ELEVATED_RISK_ML,WARNING,ML risk score: 69/100,Four Laning of Angul to Sambalpur from Km.112.000 to Km.265.000,619118.0,Ministry of Road Transport & Highways,Roads & Highways,Odisha,68.6
TIME_OVERRUN,CRITICAL,Delayed by 84 months,Four Laning of Angul to Sambalpur from Km.112.000 to Km.265.000,619118.0,Ministry of Road Transport & Highways,Roads & Highways,Odisha,68.6
MULTI_MONTH_STAGNATION,CRITICAL,No progress improvement over multiple months,Four Laning of Angul to Sambalpur from Km.112.000 to Km.265.000,619118.0,Ministry of Road Transport & Highways,Roads & Highways,Odisha,68.6
COST_ESCALATION,WARNING,Cost escalated by 17.9% from original,Cuttack-Angul Section of NH-42 New NH-55 from km 0.400 to km 60.200 Pkg-I in the,619119.0,Ministry of Road Transport & Highways,Roads & Highways,Odisha,76.0
ELEVATED_RISK_ML,WARNING,ML risk score: 76/100,Cuttack-Angul Section of NH-42 New NH-55 from km 0.400 to km 60.200 Pkg-I in the,619119.0,Ministry of Road Transport & Highways,Roads & Highways,Odisha,76.0
TIME_OVERRUN,CRITICAL,Delayed by 74 months,Cuttack-Angul Section of NH-42 New NH-55 from km 0.400 to km 60.200 Pkg-I in the,619119.0,Ministry of Road Transport & Highways,Roads & Highways,Odisha,76.0
MULTI_MONTH_STAGNATION,CRITICAL,No progress improvement over multiple months,Cuttack-Angul Section of NH-42 New NH-55 from km 0.400 to km 60.200 Pkg-I in the,619119.0,Ministry of Road Transport & Highways,Roads & Highways,Odisha,76.0
ELEVATED_RISK_ML,WARNING,ML risk score: 70/100,4 Laning of Talcher to end of Kamakhyanagar Bypass km 8.844 - km 15.725 of NH-,619157.0,Ministry of Road Transport & Highways,Roads & Highways,Odisha,69.6
TIME_OVERRUN,CRITICAL,Delayed by 62 months,4 Laning of Talcher to end of Kamakhyanagar Bypass km 8.844 - km 15.725 of NH-,619157.0,Ministry of Road Transport & Highways,Roads & Highways,Odisha,69.6
MULTI_MONTH_STAGNATION,CRITICAL,No progress improvement over multiple months,4 Laning of Talcher to end of Kamakhyanagar Bypass km 8.844 - km 15.725 of NH-,619157.0,Ministry of Road Transport & Highways,Roads & Highways,Odisha,69.6
COST_ESCALATION,WARNING,Cost escalated by 15.0% from original,4 Laning of Duburi Chandikhole from km 388.376 to km 428.074 Pkg-III,619158.0,Ministry of Road Transport & Highways,Roads & Highways,Odisha,73.4
ELEVATED_RISK_ML,WARNING,ML risk score: 73/100,4 Laning of Duburi Chandikhole from km 388.376 to km 428.074 Pkg-III,619158.0,Ministry of Road Transport & Highways,Roads & Highways,Odisha,73.4
TIME_OVERRUN,CRITICAL,Delayed by 50 months,4 Laning of Duburi Chandikhole from km 388.376 to km 428.074 Pkg-III,619158.0,Ministry of Road Transport & Highways,Roads & Highways,Odisha,73.4
MULTI_MONTH_STAGNATION,CRITICAL,No progress improvement over multiple months,4 Laning of Duburi Chandikhole from km 388.376 to km 428.074 Pkg-III,619158.0,Ministry of Road Transport & Highways,Roads & Highways,Odisha,73.4
EXPENDITURE_LAG,CRITICAL,Only 19% budget spent but 96% time elapsed,Rehabilitation and Up gradation from 4 to 8 laning of Chandikhole Paradip Section of,619181.0,Ministry of Road Transport & Highways,Roads & Highways,Odisha,64.0
ELEVATED_RISK_ML,WARNING,ML risk score: 64/100,Rehabilitation and Up gradation from 4 to 8 laning of Chandikhole Paradip Section of,619181.0,Ministry of Road Transport & Highways,Roads & Highways,Odisha,64.0
TIME_OVERRUN,WARNING,Delayed by 14 months,Rehabilitation and Up gradation from 4 to 8 laning of Chandikhole Paradip Section of,619181.0,Ministry of Road Transport & Highways,Roads & Highways,Odisha,64.0
COST_ESCALATION,WARNING,Cost escalated by 35.3% from original,6L of Hatibena - Badakumari Section from Km 146.50 to km 179.00 of NH-130-CD,619213.0,Ministry of Road Transport & Highways,Roads & Highways,Odisha,76.9
ELEVATED_RISK_ML,WARNING,ML risk score: 77/100,6L of Hatibena - Badakumari Section from Km 146.50 to km 179.00 of NH-130-CD,619213.0,Ministry of Road Transport & Highways,Roads & Highways,Odisha,76.9
TIME_OVERRUN,WARNING,Delayed by 29 months,6L of Hatibena - Badakumari Section from Km 146.50 to km 179.00 of NH-130-CD,619213.0,Ministry of Road Transport & Highways,Roads & Highways,Odisha,76.9
MULTI_MONTH_STAGNATION,CRITICAL,No progress improvement over multiple months,6L of Hatibena - Badakumari Section from Km 146.50 to km 179.00 of NH-130-CD,619213.0,Ministry of Road Transport & Highways,Roads & Highways,Odisha,76.9
COST_ESCALATION,WARNING,Cost escalated by 17.9% from original,Cuttack-Angul Section of NH-42 New NH-55 from Km.60.200 to Km. 112.000 Pkg-II in,619215.0,Ministry of Road Transport & Highways,Roads & Highways,Odisha,75.1
ELEVATED_RISK_ML,WARNING,ML risk score: 75/100,Cuttack-Angul Section of NH-42 New NH-55 from Km.60.200 to Km. 112.000 Pkg-II in,619215.0,Ministry of Road Transport & Highways,Roads & Highways,Odisha,75.1
TIME_OVERRUN,CRITICAL,Delayed by 72 months,Cuttack-Angul Section of NH-42 New NH-55 from Km.60.200 to Km. 112.000 Pkg-II in,619215.0,Ministry of Road Transport & Highways,Roads & Highways,Odisha,75.1
MULTI_MONTH_STAGNATION,CRITICAL,No progress improvement over multiple months,Cuttack-Angul Section of NH-42 New NH-55 from Km.60.200 to Km. 112.000 Pkg-II in,619215.0,Ministry of Road Transport & Highways,Roads & Highways,Odisha,75.1
EXPENDITURE_LAG,CRITICAL,Only 0% budget spent but 89% time elapsed,Development to 4-lane with paved shoulder for the road section Talwandi Sabo-,618010.0,Ministry of Road Transport & Highways,Roads & Highways,Punjab,40.4
PF_GAP,WARNING,Physical-Financial gap of 45.0%,Development to 4-lane with paved shoulder for the road section Talwandi Sabo-,618010.0,Ministry of Road Transport & Highways,Roads & Highways,Punjab,40.4
MULTI_MONTH_STAGNATION,CRITICAL,No progress improvement over multiple months,Development to 4-lane with paved shoulder for the road section Talwandi Sabo-,618010.0,Ministry of Road Transport & Highways,Roads & Highways,Punjab,40.4
EXPENDITURE_LAG,CRITICAL,Only 0% budget spent but 195% time elapsed,Up-gradation to two lane with paved shoulder configuration of NH-354 Section Arifkes-,618024.0,Ministry of Road Transport & Highways,Roads & Highways,Punjab,62.9
PF_GAP,WARNING,Physical-Financial gap of 83.0%,Up-gradation to two lane with paved shoulder configuration of NH-354 Section Arifkes-,618024.0,Ministry of Road Transport & Highways,Roads & Highways,Punjab,62.9
ELEVATED_RISK_ML,WARNING,ML risk score: 63/100,Up-gradation to two lane with paved shoulder configuration of NH-354 Section Arifkes-,618024.0,Ministry of Road Transport & Highways,Roads & Highways,Punjab,62.9
TIME_OVERRUN,WARNING,Delayed by 17 months,Up-gradation to two lane with paved shoulder configuration of NH-354 Section Arifkes-,618024.0,Ministry of Road Transport & Highways,Roads & Highways,Punjab,62.9
MULTI_MONTH_STAGNATION,CRITICAL,No progress improvement over multiple months,Up-gradation to two lane with paved shoulder configuration of NH-354 Section Arifkes-,618024.0,Ministry of Road Transport & Highways,Roads & Highways,Punjab,62.9
COST_ESCALATION,WARNING,Cost escalated by 30.0% from original,Delhi-Amritsar-Katra Expressway Phase-I Pkg-IX from Junction with Ludhiana-Moga,618489.0,Ministry of Road Transport & Highways,Roads & Highways,Punjab,81.7
PF_GAP,WARNING,Physical-Financial gap of -31.2%,Delhi-Amritsar-Katra Expressway Phase-I Pkg-IX from Junction with Ludhiana-Moga,618489.0,Ministry of Road Transport & Highways,Roads & Highways,Punjab,81.7
HIGH_RISK_ML,CRITICAL,ML risk score: 82/100,Delhi-Amritsar-Katra Expressway Phase-I Pkg-IX from Junction with Ludhiana-Moga,618489.0,Ministry of Road Transport & Highways,Roads & Highways,Punjab,81.7
TIME_OVERRUN,WARNING,Delayed by 32 months,Delhi-Amritsar-Katra Expressway Phase-I Pkg-IX from Junction with Ludhiana-Moga,618489.0,Ministry of Road Transport & Highways,Roads & Highways,Punjab,81.7
MULTI_MONTH_STAGNATION,CRITICAL,No progress improvement over multiple months,Delhi-Amritsar-Katra Expressway Phase-I Pkg-IX from Junction with Ludhiana-Moga,618489.0,Ministry of Road Transport & Highways,Roads & Highways,Punjab,81.7
MULTI_MONTH_STAGNATION,CRITICAL,No progress improvement over multiple months,Delhi-Amritsar-Katra Expressway Phase-I Pkg-XII from Junction with Amritsar-Mehta-,618492.0,Ministry of Road Transport & Highways,Roads & Highways,Punjab,50.9
TIME_OVERRUN,WARNING,Delayed by 23 months,Delhi-Amritsar-Katra Expressway Phase-I Spur-I from Jn. with Kapurthala - Sultanpur,618493.0,Ministry of Road Transport & Highways,Roads & Highways,Punjab,40.5
COST_ESCALATION,WARNING,Cost escalated by 23.5% from original,Development of 6L Greenfield Jalandhar Bypass starting from Kahlwan NH-03 ending,618552.0,Ministry of Road Transport & Highways,Roads & Highways,Punjab,69.6
ELEVATED_RISK_ML,WARNING,ML risk score: 70/100,Development of 6L Greenfield Jalandhar Bypass starting from Kahlwan NH-03 ending,618552.0,Ministry of Road Transport & Highways,Roads & Highways,Punjab,69.6
TIME_OVERRUN,WARNING,Delayed by 29 months,Development of 6L Greenfield Jalandhar Bypass starting from Kahlwan NH-03 ending,618552.0,Ministry of Road Transport & Highways,Roads & Highways,Punjab,69.6
COST_ESCALATION,CRITICAL,Cost escalated by 67.1% from original,6L of Jodhpur Romana Bathinda - Mandi Dabwali Punjab Haryana Border section of,618610.0,Ministry of Road Transport & Highways,Roads & Highways,Punjab,77.3
ELEVATED_RISK_ML,WARNING,ML risk score: 77/100,6L of Jodhpur Romana Bathinda - Mandi Dabwali Punjab Haryana Border section of,618610.0,Ministry of Road Transport & Highways,Roads & Highways,Punjab,77.3
MULTI_MONTH_STAGNATION,CRITICAL,No progress improvement over multiple months,6L of Jodhpur Romana Bathinda - Mandi Dabwali Punjab Haryana Border section of,618610.0,Ministry of Road Transport & Highways,Roads & Highways,Punjab,77.3
COST_ESCALATION,WARNING,Cost escalated by 26.0% from original,6L Amritsar-Bathinda Greenfield section from village Tiba on NE-5A to Jn. with Moga,618617.0,Ministry of Road Transport & Highways,Roads & Highways,Punjab,67.8
ELEVATED_RISK_ML,WARNING,ML risk score: 68/100,6L Amritsar-Bathinda Greenfield section from village Tiba on NE-5A to Jn. with Moga,618617.0,Ministry of Road Transport & Highways,Roads & Highways,Punjab,67.8
TIME_OVERRUN,CRITICAL,Delayed by 37 months,6L Amritsar-Bathinda Greenfield section from village Tiba on NE-5A to Jn. with Moga,618617.0,Ministry of Road Transport & Highways,Roads & Highways,Punjab,67.8
COST_ESCALATION,WARNING,Cost escalated by 31.9% from original,6L Amritsar-Bathinda Greenfield section from Jn. with Bhagta Bhai Ka-Bhadaur Road,618618.0,Ministry of Road Transport & Highways,Roads & Highways,Punjab,62.0
ELEVATED_RISK_ML,WARNING,ML risk score: 62/100,6L Amritsar-Bathinda Greenfield section from Jn. with Bhagta Bhai Ka-Bhadaur Road,618618.0,Ministry of Road Transport & Highways,Roads & Highways,Punjab,62.0
TIME_OVERRUN,WARNING,Delayed by 13 months,6L Amritsar-Bathinda Greenfield section from Jn. with Bhagta Bhai Ka-Bhadaur Road,618618.0,Ministry of Road Transport & Highways,Roads & Highways,Punjab,62.0
ELEVATED_RISK_ML,WARNING,ML risk score: 68/100,6L Access Controlled Ludhiana-Bathinda Greenfield highway from Jn. with Amritsar-,618647.0,Ministry of Road Transport & Highways,Roads & Highways,Punjab,68.0
TIME_OVERRUN,WARNING,Delayed by 13 months,6L Access Controlled Ludhiana-Bathinda Greenfield highway from Jn. with Amritsar-,618647.0,Ministry of Road Transport & Highways,Roads & Highways,Punjab,68.0
MULTI_MONTH_STAGNATION,CRITICAL,No progress improvement over multiple months,6L Access Controlled Ludhiana-Bathinda Greenfield highway from Jn. with Amritsar-,618647.0,Ministry of Road Transport & Highways,Roads & Highways,Punjab,68.0
COST_ESCALATION,WARNING,Cost escalated by 22.4% from original,Moga - Bagha Purana - Bajakhana from km. 0.00 to km. 43.32,618764.0,Ministry of Road Transport & Highways,Roads & Highways,Punjab,72.5
ELEVATED_RISK_ML,WARNING,ML risk score: 72/100,Moga - Bagha Purana - Bajakhana from km. 0.00 to km. 43.32,618764.0,Ministry of Road Transport & Highways,Roads & Highways,Punjab,72.5
TIME_OVERRUN,WARNING,Delayed by 24 months,Moga - Bagha Purana - Bajakhana from km. 0.00 to km. 43.32,618764.0,Ministry of Road Transport & Highways,Roads & Highways,Punjab,72.5
MULTI_MONTH_STAGNATION,CRITICAL,No progress improvement over multiple months,Moga - Bagha Purana - Bajakhana from km. 0.00 to km. 43.32,618764.0,Ministry of Road Transport & Highways,Roads & Highways,Punjab,72.5
TIME_OVERRUN,WARNING,Delayed by 16 months,4L of Greenfield section from Sirhind to Mohali,618776.0,Ministry of Road Transport & Highways,Roads & Highways,Punjab,57.7
COST_ESCALATION,WARNING,Cost escalated by 20.9% from original,4/6L Greenfield LudhianaRupnagar highway from Jn. with NE-5 village near to,618785.0,Ministry of Road Transport & Highways,Roads & Highways,Punjab,63.3
ELEVATED_RISK_ML,WARNING,ML risk score: 63/100,4/6L Greenfield LudhianaRupnagar highway from Jn. with NE-5 village near to,618785.0,Ministry of Road Transport & Highways,Roads & Highways,Punjab,63.3
TIME_OVERRUN,WARNING,Delayed by 22 months,4/6L Greenfield LudhianaRupnagar highway from Jn. with NE-5 village near to,618785.0,Ministry of Road Transport & Highways,Roads & Highways,Punjab,63.3
COST_ESCALATION,WARNING,Cost escalated by 25.7% from original,4L of Phagwara - Hoshiarpur,618786.0,Ministry of Road Transport & Highways,Roads & Highways,Punjab,69.9
EXPENDITURE_LAG,CRITICAL,Only 37% budget spent but 75% time elapsed,4L of Phagwara - Hoshiarpur,618786.0,Ministry of Road Transport & Highways,Roads & Highways,Punjab,69.9
PF_GAP,WARNING,Physical-Financial gap of -26.5%,4L of Phagwara - Hoshiarpur,618786.0,Ministry of Road Transport & Highways,Roads & Highways,Punjab,69.9
ELEVATED_RISK_ML,WARNING,ML risk score: 70/100,4L of Phagwara - Hoshiarpur,618786.0,Ministry of Road Transport & Highways,Roads & Highways,Punjab,69.9
COST_ESCALATION,WARNING,Cost escalated by 18.7% from original,4L of Fazilka to Abohar section of NH-07 including construction of Greenfield Abohar,618793.0,Ministry of Road Transport & Highways,Roads & Highways,Punjab,60.4
ELEVATED_RISK_ML,WARNING,ML risk score: 60/100,4L of Fazilka to Abohar section of NH-07 including construction of Greenfield Abohar,618793.0,Ministry of Road Transport & Highways,Roads & Highways,Punjab,60.4
TIME_OVERRUN,WARNING,Delayed by 16 months,4L of Fazilka to Abohar section of NH-07 including construction of Greenfield Abohar,618793.0,Ministry of Road Transport & Highways,Roads & Highways,Punjab,60.4
PF_GAP,WARNING,Physical-Financial gap of 20.7%,Amritsarairport Junction - Ramdas from km. 100.835 to km. 139.813 Pkg - IV,618794.0,Ministry of Road Transport & Highways,Roads & Highways,Punjab,52.5
TIME_OVERRUN,WARNING,Delayed by 36 months,Amritsarairport Junction - Ramdas from km. 100.835 to km. 139.813 Pkg - IV,618794.0,Ministry of Road Transport & Highways,Roads & Highways,Punjab,52.5
MULTI_MONTH_STAGNATION,CRITICAL,No progress improvement over multiple months,Amritsarairport Junction - Ramdas from km. 100.835 to km. 139.813 Pkg - IV,618794.0,Ministry of Road Transport & Highways,Roads & Highways,Punjab,52.5
TIME_OVERRUN,WARNING,Delayed by 28 months,Amritsar Bypass Pkg III from km. 71.496 to km. 105.158,618795.0,Ministry of Road Transport & Highways,Roads & Highways,Punjab,35.8
COST_ESCALATION,WARNING,Cost escalated by 19.5% from original,4L of Beas-Mehta-Batala-Dera Baba Nanak from intersection with Jalandhar-Amritsar,618809.0,Ministry of Road Transport & Highways,Roads & Highways,Punjab,65.3
ELEVATED_RISK_ML,WARNING,ML risk score: 65/100,4L of Beas-Mehta-Batala-Dera Baba Nanak from intersection with Jalandhar-Amritsar,618809.0,Ministry of Road Transport & Highways,Roads & Highways,Punjab,65.3
TIME_OVERRUN,WARNING,Delayed by 23 months,4L of Beas-Mehta-Batala-Dera Baba Nanak from intersection with Jalandhar-Amritsar,618809.0,Ministry of Road Transport & Highways,Roads & Highways,Punjab,65.3
TIME_OVERRUN,WARNING,Delayed by 21 months,4L of existing Beas Baba Bakala - Dera Baba Nanak Section from start of Batala,618810.0,Ministry of Road Transport & Highways,Roads & Highways,Punjab,35.8
COST_ESCALATION,CRITICAL,Cost escalated by 68.3% from original,4L of Amritsar-Ghoman - Tanda - Una Section from Km 8.270 to Km 54.000 of NH-,618906.0,Ministry of Road Transport & Highways,Roads & Highways,Punjab,77.5
PF_GAP,WARNING,Physical-Financial gap of -21.2%,4L of Amritsar-Ghoman - Tanda - Una Section from Km 8.270 to Km 54.000 of NH-,618906.0,Ministry of Road Transport & Highways,Roads & Highways,Punjab,77.5
ELEVATED_RISK_ML,WARNING,ML risk score: 78/100,4L of Amritsar-Ghoman - Tanda - Una Section from Km 8.270 to Km 54.000 of NH-,618906.0,Ministry of Road Transport & Highways,Roads & Highways,Punjab,77.5
TIME_OVERRUN,WARNING,Delayed by 33 months,4L of Amritsar-Ghoman - Tanda - Una Section from Km 8.270 to Km 54.000 of NH-,618906.0,Ministry of Road Transport & Highways,Roads & Highways,Punjab,77.5
COST_ESCALATION,WARNING,Cost escalated by 20.6% from original,6L Amritsar-Bathinda Greenfield section from Jn. with Moga Jalandhar road NH-703,619099.0,Ministry of Road Transport & Highways,Roads & Highways,Punjab,59.9
PF_GAP,WARNING,Physical-Financial gap of -20.2%,6L Access Controlled Ludhiana-Bathinda Greenfield highway from Jn. with Moga-,619105.0,Ministry of Road Transport & Highways,Roads & Highways,Punjab,30.3
COST_ESCALATION,WARNING,Cost escalated by 18.9% from original,Delhi-Amritsar-Katra Expressway Phase-I Spur-III from Junction with Amritsar-,619200.0,Ministry of Road Transport & Highways,Roads & Highways,Punjab,78.5
PF_GAP,WARNING,Physical-Financial gap of -49.2%,Delhi-Amritsar-Katra Expressway Phase-I Spur-III from Junction with Amritsar-,619200.0,Ministry of Road Transport & Highways,Roads & Highways,Punjab,78.5
ELEVATED_RISK_ML,WARNING,ML risk score: 78/100,Delhi-Amritsar-Katra Expressway Phase-I Spur-III from Junction with Amritsar-,619200.0,Ministry of Road Transport & Highways,Roads & Highways,Punjab,78.5
TIME_OVERRUN,WARNING,Delayed by 36 months,Delhi-Amritsar-Katra Expressway Phase-I Spur-III from Junction with Amritsar-,619200.0,Ministry of Road Transport & Highways,Roads & Highways,Punjab,78.5
EXPENDITURE_LAG,CRITICAL,Only 39% budget spent but 187% time elapsed,4/6L Greenfield Ludhiana Rupnagar highway from Jn. with NE-5 village near to,619318.0,Ministry of Road Transport & Highways,Roads & Highways,Punjab,62.0
PROGRESS_STAGNATION,CRITICAL,Only 15% progress with 187% time elapsed,4/6L Greenfield Ludhiana Rupnagar highway from Jn. with NE-5 village near to,619318.0,Ministry of Road Transport & Highways,Roads & Highways,Punjab,62.0
PF_GAP,WARNING,Physical-Financial gap of -23.7%,4/6L Greenfield Ludhiana Rupnagar highway from Jn. with NE-5 village near to,619318.0,Ministry of Road Transport & Highways,Roads & Highways,Punjab,62.0
ELEVATED_RISK_ML,WARNING,ML risk score: 62/100,4/6L Greenfield Ludhiana Rupnagar highway from Jn. with NE-5 village near to,619318.0,Ministry of Road Transport & Highways,Roads & Highways,Punjab,62.0
TIME_OVERRUN,WARNING,Delayed by 36 months,4/6L Greenfield Ludhiana Rupnagar highway from Jn. with NE-5 village near to,619318.0,Ministry of Road Transport & Highways,Roads & Highways,Punjab,62.0
MULTI_MONTH_STAGNATION,CRITICAL,No progress improvement over multiple months,4/6L Greenfield Ludhiana Rupnagar highway from Jn. with NE-5 village near to,619318.0,Ministry of Road Transport & Highways,Roads & Highways,Punjab,62.0
EXPENDITURE_LAG,CRITICAL,Only 28% budget spent but 187% time elapsed,Widening of Pachpadra-Bagundi Section to 4 Lane from Km 73/60 to 95/70 of NH-25,617901.0,Ministry of Road Transport & Highways,Roads & Highways,Rajasthan,60.9
PF_GAP,WARNING,Physical-Financial gap of 70.2%,Widening of Pachpadra-Bagundi Section to 4 Lane from Km 73/60 to 95/70 of NH-25,617901.0,Ministry of Road Transport & Highways,Roads & Highways,Rajasthan,60.9
ELEVATED_RISK_ML,WARNING,ML risk score: 61/100,Widening of Pachpadra-Bagundi Section to 4 Lane from Km 73/60 to 95/70 of NH-25,617901.0,Ministry of Road Transport & Highways,Roads & Highways,Rajasthan,60.9
TIME_OVERRUN,WARNING,Delayed by 19 months,Widening of Pachpadra-Bagundi Section to 4 Lane from Km 73/60 to 95/70 of NH-25,617901.0,Ministry of Road Transport & Highways,Roads & Highways,Rajasthan,60.9
MULTI_MONTH_STAGNATION,CRITICAL,No progress improvement over multiple months,Widening of Pachpadra-Bagundi Section to 4 Lane from Km 73/60 to 95/70 of NH-25,617901.0,Ministry of Road Transport & Highways,Roads & Highways,Rajasthan,60.9
EXPENDITURE_LAG,CRITICAL,Only 21% budget spent but 217% time elapsed,Construction of 2 lane with paved shoulder for the work of Development of remaining,618011.0,Ministry of Road Transport & Highways,Roads & Highways,Rajasthan,55.1
PF_GAP,WARNING,Physical-Financial gap of 71.9%,Construction of 2 lane with paved shoulder for the work of Development of remaining,618011.0,Ministry of Road Transport & Highways,Roads & Highways,Rajasthan,55.1
TIME_OVERRUN,WARNING,Delayed by 29 months,Construction of 2 lane with paved shoulder for the work of Development of remaining,618011.0,Ministry of Road Transport & Highways,Roads & Highways,Rajasthan,55.1
EXPENDITURE_LAG,CRITICAL,Only 0% budget spent but 96% time elapsed,Upgradation to Two-lane with paved shoulder of Hanumangarh to Kenchiyan section,618069.0,Ministry of Road Transport & Highways,Roads & Highways,Rajasthan,32.0
PF_GAP,WARNING,Physical-Financial gap of 72.0%,Upgradation to Two-lane with paved shoulder of Hanumangarh to Kenchiyan section,618069.0,Ministry of Road Transport & Highways,Roads & Highways,Rajasthan,32.0
EXPENDITURE_LAG,CRITICAL,Only 10% budget spent but 123% time elapsed,Upgradation to 2-Lane with Paved Shoulder from Design Km 36300 to Design,618117.0,Ministry of Road Transport & Highways,Roads & Highways,Rajasthan,54.5
PROGRESS_STAGNATION,CRITICAL,Only 23% progress with 123% time elapsed,Upgradation to 2-Lane with Paved Shoulder from Design Km 36300 to Design,618117.0,Ministry of Road Transport & Highways,Roads & Highways,Rajasthan,54.5
MULTI_MONTH_STAGNATION,CRITICAL,No progress improvement over multiple months,Upgradation to 2-Lane with Paved Shoulder from Design Km 36300 to Design,618117.0,Ministry of Road Transport & Highways,Roads & Highways,Rajasthan,54.5
EXPENDITURE_LAG,CRITICAL,Only 2% budget spent but 195% time elapsed,Construction of 2 lane with Paved Shoulder for Northern Bypass Phase-II of Kota city,618200.0,Ministry of Road Transport & Highways,Roads & Highways,Rajasthan,57.1
PF_GAP,WARNING,Physical-Financial gap of 48.4%,Construction of 2 lane with Paved Shoulder for Northern Bypass Phase-II of Kota city,618200.0,Ministry of Road Transport & Highways,Roads & Highways,Rajasthan,57.1
TIME_OVERRUN,WARNING,Delayed by 19 months,Construction of 2 lane with Paved Shoulder for Northern Bypass Phase-II of Kota city,618200.0,Ministry of Road Transport & Highways,Roads & Highways,Rajasthan,57.1
EXPENDITURE_LAG,CRITICAL,Only 36% budget spent but 83% time elapsed,Balance work of Rehabilitation and Up-gradation to 4-Lane configuration of Ras-,618235.0,Ministry of Road Transport & Highways,Roads & Highways,Rajasthan,17.6
PF_GAP,WARNING,Physical-Financial gap of 20.6%,Balance work of Rehabilitation and Up-gradation to 4-Lane configuration of Ras-,618235.0,Ministry of Road Transport & Highways,Roads & Highways,Rajasthan,17.6
TIME_OVERRUN,CRITICAL,Delayed by 40 months,Delhi-Vadodara Greenfield Alignment NH-148N Pkg-10 Ch. 292.950 to Ch. 319.400,618457.0,Ministry of Road Transport & Highways,Roads & Highways,Rajasthan,49.9
MULTI_MONTH_STAGNATION,CRITICAL,No progress improvement over multiple months,Delhi-Vadodara Greenfield Alignment NH-148N Pkg-10 Ch. 292.950 to Ch. 319.400,618457.0,Ministry of Road Transport & Highways,Roads & Highways,Rajasthan,49.9
TIME_OVERRUN,WARNING,Delayed by 31 months,Delhi-Vadodara Greenfield Alignment NH-148N Pkg-15 Ch. 419.000 to Ch.427.300,618458.0,Ministry of Road Transport & Highways,Roads & Highways,Rajasthan,41.7
ELEVATED_RISK_ML,WARNING,ML risk score: 65/100,Sangariya near Chautala-Rasisar near Bikaner section of NH-754K Phase-I AJ/SR-,618611.0,Ministry of Road Transport & Highways,Roads & Highways,Rajasthan,65.1
TIME_OVERRUN,CRITICAL,Delayed by 38 months,Sangariya near Chautala-Rasisar near Bikaner section of NH-754K Phase-I AJ/SR-,618611.0,Ministry of Road Transport & Highways,Roads & Highways,Rajasthan,65.1
MULTI_MONTH_STAGNATION,CRITICAL,No progress improvement over multiple months,Sangariya near Chautala-Rasisar near Bikaner section of NH-754K Phase-I AJ/SR-,618611.0,Ministry of Road Transport & Highways,Roads & Highways,Rajasthan,65.1
TIME_OVERRUN,WARNING,Delayed by 36 months,Deogarh near Dhandhaniya-Rajasthan/Gujarat Border Phase-I AJ/DRGB-Package-6,618612.0,Ministry of Road Transport & Highways,Roads & Highways,Rajasthan,50.6
MULTI_MONTH_STAGNATION,CRITICAL,No progress improvement over multiple months,Deogarh near Dhandhaniya-Rajasthan/Gujarat Border Phase-I AJ/DRGB-Package-6,618612.0,Ministry of Road Transport & Highways,Roads & Highways,Rajasthan,50.6
TIME_OVERRUN,CRITICAL,Delayed by 37 months,Deogarh near Dhandhaniya-Rajasthan/Gujarat Border Phase-I AJ/DRGB-Package-7,618613.0,Ministry of Road Transport & Highways,Roads & Highways,Rajasthan,49.7
MULTI_MONTH_STAGNATION,CRITICAL,No progress improvement over multiple months,Deogarh near Dhandhaniya-Rajasthan/Gujarat Border Phase-I AJ/DRGB-Package-7,618613.0,Ministry of Road Transport & Highways,Roads & Highways,Rajasthan,49.7
TIME_OVERRUN,WARNING,Delayed by 15 months,6L access controlled Highway from Km 40080 to Km 86513 Mator to Barodameo,618757.0,Ministry of Road Transport & Highways,Roads & Highways,Rajasthan,47.7
MULTI_MONTH_STAGNATION,CRITICAL,No progress improvement over multiple months,6L access controlled Highway from Km 40080 to Km 86513 Mator to Barodameo,618757.0,Ministry of Road Transport & Highways,Roads & Highways,Rajasthan,47.7
ELEVATED_RISK_ML,WARNING,ML risk score: 69/100,Tanot -Ramgarh-Bhadasar-Jaisalmer NH-68 and BhadasarMokal-Sarkaritala up to,618796.0,Ministry of Road Transport & Highways,Roads & Highways,Rajasthan,68.6
TIME_OVERRUN,CRITICAL,Delayed by 64 months,Tanot -Ramgarh-Bhadasar-Jaisalmer NH-68 and BhadasarMokal-Sarkaritala up to,618796.0,Ministry of Road Transport & Highways,Roads & Highways,Rajasthan,68.6
MULTI_MONTH_STAGNATION,CRITICAL,No progress improvement over multiple months,Tanot -Ramgarh-Bhadasar-Jaisalmer NH-68 and BhadasarMokal-Sarkaritala up to,618796.0,Ministry of Road Transport & Highways,Roads & Highways,Rajasthan,68.6
PF_GAP,WARNING,Physical-Financial gap of 37.0%,4L of Karwar Km. 281.980 of NH-62 Nagaur road to Dangiyavas of Jodhpur Ring,618838.0,Ministry of Road Transport & Highways,Roads & Highways,Rajasthan,45.2
TIME_OVERRUN,WARNING,Delayed by 24 months,4L of Karwar Km. 281.980 of NH-62 Nagaur road to Dangiyavas of Jodhpur Ring,618838.0,Ministry of Road Transport & Highways,Roads & Highways,Rajasthan,45.2
PF_GAP,WARNING,Physical-Financial gap of 34.8%,Construction of Four lane Elevated Structure at Raniwada Circle in Sanchore City on,618853.0,Ministry of Road Transport & Highways,Roads & Highways,Rajasthan,36.1
PF_GAP,WARNING,Physical-Financial gap of 39.2%,Construction of two lane with paved shoulder Gangtok Bypass Road from Ranipool to,618071.0,Ministry of Road Transport & Highways,Roads & Highways,Sikkim,48.8
TIME_OVERRUN,WARNING,Delayed by 31 months,Construction of two lane with paved shoulder Gangtok Bypass Road from Ranipool to,618071.0,Ministry of Road Transport & Highways,Roads & Highways,Sikkim,48.8
COST_ESCALATION,WARNING,Cost escalated by 43.8% from original,Construction/Up gradation of Existing road to 2 Lane with Paved Shoulder including,618426.0,Ministry of Road Transport & Highways,Roads & Highways,Sikkim,81.2
EXPENDITURE_LAG,CRITICAL,Only 33% budget spent but 245% time elapsed,Construction/Up gradation of Existing road to 2 Lane with Paved Shoulder including,618426.0,Ministry of Road Transport & Highways,Roads & Highways,Sikkim,81.2
PF_GAP,WARNING,Physical-Financial gap of 38.9%,Construction/Up gradation of Existing road to 2 Lane with Paved Shoulder including,618426.0,Ministry of Road Transport & Highways,Roads & Highways,Sikkim,81.2
HIGH_RISK_ML,CRITICAL,ML risk score: 81/100,Construction/Up gradation of Existing road to 2 Lane with Paved Shoulder including,618426.0,Ministry of Road Transport & Highways,Roads & Highways,Sikkim,81.2
TIME_OVERRUN,WARNING,Delayed by 29 months,Construction/Up gradation of Existing road to 2 Lane with Paved Shoulder including,618426.0,Ministry of Road Transport & Highways,Roads & Highways,Sikkim,81.2
COST_ESCALATION,WARNING,Cost escalated by 43.8% from original,Realignment of NH-717A from Design Ch.0.00 Km 77.800 of NH-10 to Design Ch.2.00,618428.0,Ministry of Road Transport & Highways,Roads & Highways,Sikkim,83.9
EXPENDITURE_LAG,CRITICAL,Only 19% budget spent but 271% time elapsed,Realignment of NH-717A from Design Ch.0.00 Km 77.800 of NH-10 to Design Ch.2.00,618428.0,Ministry of Road Transport & Highways,Roads & Highways,Sikkim,83.9
PF_GAP,WARNING,Physical-Financial gap of 73.3%,Realignment of NH-717A from Design Ch.0.00 Km 77.800 of NH-10 to Design Ch.2.00,618428.0,Ministry of Road Transport & Highways,Roads & Highways,Sikkim,83.9
HIGH_RISK_ML,CRITICAL,ML risk score: 84/100,Realignment of NH-717A from Design Ch.0.00 Km 77.800 of NH-10 to Design Ch.2.00,618428.0,Ministry of Road Transport & Highways,Roads & Highways,Sikkim,83.9
TIME_OVERRUN,CRITICAL,Delayed by 37 months,Realignment of NH-717A from Design Ch.0.00 Km 77.800 of NH-10 to Design Ch.2.00,618428.0,Ministry of Road Transport & Highways,Roads & Highways,Sikkim,83.9
TIME_OVERRUN,WARNING,Delayed by 28 months,Construction & Upgradation of existing road to 2-lane with paved shoulder from New,618446.0,Ministry of Road Transport & Highways,Roads & Highways,Sikkim,35.9
PF_GAP,WARNING,Physical-Financial gap of 23.8%,Construction of 2-Laning with Paved Shoulder of New Greenfield Alignment From,618447.0,Ministry of Road Transport & Highways,Roads & Highways,Sikkim,51.7
TIME_OVERRUN,CRITICAL,Delayed by 39 months,Construction of 2-Laning with Paved Shoulder of New Greenfield Alignment From,618447.0,Ministry of Road Transport & Highways,Roads & Highways,Sikkim,51.7
MULTI_MONTH_STAGNATION,CRITICAL,No progress improvement over multiple months,Construction of 2-Laning with Paved Shoulder of New Greenfield Alignment From,618447.0,Ministry of Road Transport & Highways,Roads & Highways,Sikkim,51.7
TIME_OVERRUN,CRITICAL,Delayed by 41 months,Construction of 2-Laning with Paved Shoulder of New Greenfield Alignment From,618448.0,Ministry of Road Transport & Highways,Roads & Highways,Sikkim,49.4
MULTI_MONTH_STAGNATION,CRITICAL,No progress improvement over multiple months,Construction of 2-Laning with Paved Shoulder of New Greenfield Alignment From,618448.0,Ministry of Road Transport & Highways,Roads & Highways,Sikkim,49.4
PF_GAP,WARNING,Physical-Financial gap of -22.2%,Construction & Upgradation of existing road to 2-lane with paved shoulder from,618449.0,Ministry of Road Transport & Highways,Roads & Highways,Sikkim,65.4
ELEVATED_RISK_ML,WARNING,ML risk score: 65/100,Construction & Upgradation of existing road to 2-lane with paved shoulder from,618449.0,Ministry of Road Transport & Highways,Roads & Highways,Sikkim,65.4
TIME_OVERRUN,CRITICAL,Delayed by 41 months,Construction & Upgradation of existing road to 2-lane with paved shoulder from,618449.0,Ministry of Road Transport & Highways,Roads & Highways,Sikkim,65.4
PF_GAP,WARNING,Physical-Financial gap of -21.5%,Rehabilitation & Upgradation of existing road to 2-lane with paved shoulder including,618450.0,Ministry of Road Transport & Highways,Roads & Highways,Sikkim,54.4
TIME_OVERRUN,CRITICAL,Delayed by 55 months,Rehabilitation & Upgradation of existing road to 2-lane with paved shoulder including,618450.0,Ministry of Road Transport & Highways,Roads & Highways,Sikkim,54.4
MULTI_MONTH_STAGNATION,CRITICAL,No progress improvement over multiple months,Rehabilitation & Upgradation of existing road to 2-lane with paved shoulder including,618450.0,Ministry of Road Transport & Highways,Roads & Highways,Sikkim,54.4
PF_GAP,WARNING,Physical-Financial gap of 41.0%,Construction of Bypass to Madurai Achambathu Viratipathu in between km 6/850,617962.0,Ministry of Road Transport & Highways,Roads & Highways,Tamil Nadu,40.3
PF_GAP,WARNING,Physical-Financial gap of 39.5%,Bangalore Chennai Expressway Phase-III Package II Walajahpet to Arakkonam from,618478.0,Ministry of Road Transport & Highways,Roads & Highways,Tamil Nadu,58.2
TIME_OVERRUN,WARNING,Delayed by 25 months,Bangalore Chennai Expressway Phase-III Package II Walajahpet to Arakkonam from,618478.0,Ministry of Road Transport & Highways,Roads & Highways,Tamil Nadu,58.2
MULTI_MONTH_STAGNATION,CRITICAL,No progress improvement over multiple months,Bangalore Chennai Expressway Phase-III Package II Walajahpet to Arakkonam from,618478.0,Ministry of Road Transport & Highways,Roads & Highways,Tamil Nadu,58.2
EXPENDITURE_LAG,CRITICAL,Only 24% budget spent but 213% time elapsed,Bangalore Chennai Expressway Phase-III Package III Arakkonam to Kancheepuram,618479.0,Ministry of Road Transport & Highways,Roads & Highways,Tamil Nadu,60.0
PF_GAP,WARNING,Physical-Financial gap of 29.9%,Bangalore Chennai Expressway Phase-III Package III Arakkonam to Kancheepuram,618479.0,Ministry of Road Transport & Highways,Roads & Highways,Tamil Nadu,60.0
ELEVATED_RISK_ML,WARNING,ML risk score: 60/100,Bangalore Chennai Expressway Phase-III Package III Arakkonam to Kancheepuram,618479.0,Ministry of Road Transport & Highways,Roads & Highways,Tamil Nadu,60.0
TIME_OVERRUN,CRITICAL,Delayed by 41 months,Bangalore Chennai Expressway Phase-III Package III Arakkonam to Kancheepuram,618479.0,Ministry of Road Transport & Highways,Roads & Highways,Tamil Nadu,60.0
MULTI_MONTH_STAGNATION,CRITICAL,No progress improvement over multiple months,Bangalore Chennai Expressway Phase-III Package III Arakkonam to Kancheepuram,618479.0,Ministry of Road Transport & Highways,Roads & Highways,Tamil Nadu,60.0
EXPENDITURE_LAG,CRITICAL,Only 34% budget spent but 172% time elapsed,Construction of Trumpet Interchange Connecting Bangalore Chennai Expressway,618480.0,Ministry of Road Transport & Highways,Roads & Highways,Tamil Nadu,58.5
TIME_OVERRUN,WARNING,Delayed by 14 months,Construction of Trumpet Interchange Connecting Bangalore Chennai Expressway,618480.0,Ministry of Road Transport & Highways,Roads & Highways,Tamil Nadu,58.5
EXPENDITURE_LAG,CRITICAL,Only 27% budget spent but 208% time elapsed,4L Bangalore-Chennai Expressway from Km. 230.000 to Km. 261.705 of,618481.0,Ministry of Road Transport & Highways,Roads & Highways,Tamil Nadu,55.1
PF_GAP,WARNING,Physical-Financial gap of 62.6%,4L Bangalore-Chennai Expressway from Km. 230.000 to Km. 261.705 of,618481.0,Ministry of Road Transport & Highways,Roads & Highways,Tamil Nadu,55.1
TIME_OVERRUN,WARNING,Delayed by 27 months,4L Bangalore-Chennai Expressway from Km. 230.000 to Km. 261.705 of,618481.0,Ministry of Road Transport & Highways,Roads & Highways,Tamil Nadu,55.1
TIME_OVERRUN,CRITICAL,Delayed by 66 months,Karaipettai to Walajapet from Km 71.015 to 107.091,618521.0,Ministry of Road Transport & Highways,Roads & Highways,Tamil Nadu,52.5
MULTI_MONTH_STAGNATION,CRITICAL,No progress improvement over multiple months,Karaipettai to Walajapet from Km 71.015 to 107.091,618521.0,Ministry of Road Transport & Highways,Roads & Highways,Tamil Nadu,52.5
EXPENDITURE_LAG,CRITICAL,Only 33% budget spent but 95% time elapsed,Balance Works for six laning of Sriperumbudur to karaipettai section of NH-4 New NH-,618522.0,Ministry of Road Transport & Highways,Roads & Highways,Tamil Nadu,38.2
PF_GAP,WARNING,Physical-Financial gap of 24.5%,Improving the Alignment of Thoppur Ghat Section from Km 158.500 to Km 165.100 in,618561.0,Ministry of Road Transport & Highways,Roads & Highways,Tamil Nadu,13.3
TIME_OVERRUN,CRITICAL,Delayed by 53 months,4L of Madurai Ring Road Phase 1 [Vadipatti-Thamrapatti] from km 0.00 - km 29.960,618563.0,Ministry of Road Transport & Highways,Roads & Highways,Tamil Nadu,41.5
TIME_OVERRUN,WARNING,Delayed by 16 months,4L of left-over works including additional structures from Kerala/Tamil Nadu border to,618608.0,Ministry of Road Transport & Highways,Roads & Highways,Tamil Nadu,39.5
EXPENDITURE_LAG,CRITICAL,Only 30% budget spent but 183% time elapsed,6L of Pondavakkam to Kannigaipair from km 96.040 to km 116.100 of NH 716B Pkg-,618635.0,Ministry of Road Transport & Highways,Roads & Highways,Tamil Nadu,47.1
TIME_OVERRUN,WARNING,Delayed by 35 months,6L of Pondavakkam to Kannigaipair from km 96.040 to km 116.100 of NH 716B Pkg-,618635.0,Ministry of Road Transport & Highways,Roads & Highways,Tamil Nadu,47.1
PF_GAP,WARNING,Physical-Financial gap of 32.3%,4L of Thirumangalam to Vadugapatti section from km 0.000 to km 36.000 of NH-744,618744.0,Ministry of Road Transport & Highways,Roads & Highways,Tamil Nadu,50.8
TIME_OVERRUN,WARNING,Delayed by 18 months,4L of Thirumangalam to Vadugapatti section from km 0.000 to km 36.000 of NH-744,618744.0,Ministry of Road Transport & Highways,Roads & Highways,Tamil Nadu,50.8
MULTI_MONTH_STAGNATION,CRITICAL,No progress improvement over multiple months,4L of Thirumangalam to Vadugapatti section from km 0.000 to km 36.000 of NH-744,618744.0,Ministry of Road Transport & Highways,Roads & Highways,Tamil Nadu,50.8
TIME_OVERRUN,CRITICAL,Delayed by 53 months,Melur - Pilayarpatti - Karaikudi from km 99.920 of NH 38 to km 12.9 of NH 383 Ext.,618756.0,Ministry of Road Transport & Highways,Roads & Highways,Tamil Nadu,42.7
EXPENDITURE_LAG,CRITICAL,Only 15% budget spent but 113% time elapsed,Construction of New Double Tier 4L Elevated Corridor from Chennai Port to,618800.0,Ministry of Road Transport & Highways,Roads & Highways,Tamil Nadu,52.2
PROGRESS_STAGNATION,CRITICAL,Only 18% progress with 113% time elapsed,Construction of New Double Tier 4L Elevated Corridor from Chennai Port to,618800.0,Ministry of Road Transport & Highways,Roads & Highways,Tamil Nadu,52.2
TIME_OVERRUN,WARNING,Delayed by 34 months,Construction of New Double Tier 4L Elevated Corridor from Chennai Port to,618800.0,Ministry of Road Transport & Highways,Roads & Highways,Tamil Nadu,52.2
MULTI_MONTH_STAGNATION,CRITICAL,No progress improvement over multiple months,Construction of New Double Tier 4L Elevated Corridor from Chennai Port to,618800.0,Ministry of Road Transport & Highways,Roads & Highways,Tamil Nadu,52.2
EXPENDITURE_LAG,CRITICAL,Only 20% budget spent but 113% time elapsed,Construction of New Double Tier 4-lane Elevated Corridor from Chennai Port to,618801.0,Ministry of Road Transport & Highways,Roads & Highways,Tamil Nadu,52.6
PROGRESS_STAGNATION,CRITICAL,Only 23% progress with 113% time elapsed,Construction of New Double Tier 4-lane Elevated Corridor from Chennai Port to,618801.0,Ministry of Road Transport & Highways,Roads & Highways,Tamil Nadu,52.6
TIME_OVERRUN,WARNING,Delayed by 34 months,Construction of New Double Tier 4-lane Elevated Corridor from Chennai Port to,618801.0,Ministry of Road Transport & Highways,Roads & Highways,Tamil Nadu,52.6
MULTI_MONTH_STAGNATION,CRITICAL,No progress improvement over multiple months,Construction of New Double Tier 4-lane Elevated Corridor from Chennai Port to,618801.0,Ministry of Road Transport & Highways,Roads & Highways,Tamil Nadu,52.6
PF_GAP,WARNING,Physical-Financial gap of 52.6%,Poondiyankuppam Km.67.000 to Sattanathapuram Km.123.800,618846.0,Ministry of Road Transport & Highways,Roads & Highways,Tamil Nadu,61.3
ELEVATED_RISK_ML,WARNING,ML risk score: 61/100,Poondiyankuppam Km.67.000 to Sattanathapuram Km.123.800,618846.0,Ministry of Road Transport & Highways,Roads & Highways,Tamil Nadu,61.3
TIME_OVERRUN,WARNING,Delayed by 32 months,Poondiyankuppam Km.67.000 to Sattanathapuram Km.123.800,618846.0,Ministry of Road Transport & Highways,Roads & Highways,Tamil Nadu,61.3
MULTI_MONTH_STAGNATION,CRITICAL,No progress improvement over multiple months,Poondiyankuppam Km.67.000 to Sattanathapuram Km.123.800,618846.0,Ministry of Road Transport & Highways,Roads & Highways,Tamil Nadu,61.3
PF_GAP,WARNING,Physical-Financial gap of 37.7%,4L of Madathukulam - Pollachi from km. 74.38 to km. 116.95 of old NH-209 New NH-,618894.0,Ministry of Road Transport & Highways,Roads & Highways,Tamil Nadu,53.2
TIME_OVERRUN,CRITICAL,Delayed by 45 months,4L of Madathukulam - Pollachi from km. 74.38 to km. 116.95 of old NH-209 New NH-,618894.0,Ministry of Road Transport & Highways,Roads & Highways,Tamil Nadu,53.2
PF_GAP,WARNING,Physical-Financial gap of 44.3%,Kamalapuram to Oddanchatram from km. 0.00 to km. 35.822,618895.0,Ministry of Road Transport & Highways,Roads & Highways,Tamil Nadu,53.9
TIME_OVERRUN,CRITICAL,Delayed by 44 months,Kamalapuram to Oddanchatram from km. 0.00 to km. 35.822,618895.0,Ministry of Road Transport & Highways,Roads & Highways,Tamil Nadu,53.9
PF_GAP,WARNING,Physical-Financial gap of 25.8%,Kallagam km.38.700 to Meensurutti Km.98.433 of NH-227 in Tamil Nadu,618899.0,Ministry of Road Transport & Highways,Roads & Highways,Tamil Nadu,57.3
TIME_OVERRUN,CRITICAL,Delayed by 64 months,Kallagam km.38.700 to Meensurutti Km.98.433 of NH-227 in Tamil Nadu,618899.0,Ministry of Road Transport & Highways,Roads & Highways,Tamil Nadu,57.3
MULTI_MONTH_STAGNATION,CRITICAL,No progress improvement over multiple months,Kallagam km.38.700 to Meensurutti Km.98.433 of NH-227 in Tamil Nadu,618899.0,Ministry of Road Transport & Highways,Roads & Highways,Tamil Nadu,57.3
EXPENDITURE_LAG,CRITICAL,Only 7% budget spent but 113% time elapsed,Construction of New Double Tier 4L Elevated Corridor from Chennai Port to,619045.0,Ministry of Road Transport & Highways,Roads & Highways,Tamil Nadu,53.8
PROGRESS_STAGNATION,CRITICAL,Only 9% progress with 113% time elapsed,Construction of New Double Tier 4L Elevated Corridor from Chennai Port to,619045.0,Ministry of Road Transport & Highways,Roads & Highways,Tamil Nadu,53.8
TIME_OVERRUN,WARNING,Delayed by 34 months,Construction of New Double Tier 4L Elevated Corridor from Chennai Port to,619045.0,Ministry of Road Transport & Highways,Roads & Highways,Tamil Nadu,53.8
MULTI_MONTH_STAGNATION,CRITICAL,No progress improvement over multiple months,Construction of New Double Tier 4L Elevated Corridor from Chennai Port to,619045.0,Ministry of Road Transport & Highways,Roads & Highways,Tamil Nadu,53.8
PF_GAP,WARNING,Physical-Financial gap of 57.7%,6-laning of Krishnagiri Km.0.000 to Walajahpet Km.148.300 section on NH-46 under,619074.0,Ministry of Road Transport & Highways,Roads & Highways,Tamil Nadu,60.1
ELEVATED_RISK_ML,WARNING,ML risk score: 60/100,6-laning of Krishnagiri Km.0.000 to Walajahpet Km.148.300 section on NH-46 under,619074.0,Ministry of Road Transport & Highways,Roads & Highways,Tamil Nadu,60.1
TIME_OVERRUN,CRITICAL,Delayed by 152 months,6-laning of Krishnagiri Km.0.000 to Walajahpet Km.148.300 section on NH-46 under,619074.0,Ministry of Road Transport & Highways,Roads & Highways,Tamil Nadu,60.1
MULTI_MONTH_STAGNATION,CRITICAL,No progress improvement over multiple months,6-laning of Krishnagiri Km.0.000 to Walajahpet Km.148.300 section on NH-46 under,619074.0,Ministry of Road Transport & Highways,Roads & Highways,Tamil Nadu,60.1
EXPENDITURE_LAG,CRITICAL,Only 3% budget spent but 641% time elapsed,Chengapalli km 102.035 to Neelambur Km144.680 and Madukkarai Km 170.880 to,619086.0,Ministry of Road Transport & Highways,Roads & Highways,Tamil Nadu,64.7
PF_GAP,WARNING,Physical-Financial gap of 99.4%,Chengapalli km 102.035 to Neelambur Km144.680 and Madukkarai Km 170.880 to,619086.0,Ministry of Road Transport & Highways,Roads & Highways,Tamil Nadu,64.7
ELEVATED_RISK_ML,WARNING,ML risk score: 65/100,Chengapalli km 102.035 to Neelambur Km144.680 and Madukkarai Km 170.880 to,619086.0,Ministry of Road Transport & Highways,Roads & Highways,Tamil Nadu,64.7
TIME_OVERRUN,CRITICAL,Delayed by 163 months,Chengapalli km 102.035 to Neelambur Km144.680 and Madukkarai Km 170.880 to,619086.0,Ministry of Road Transport & Highways,Roads & Highways,Tamil Nadu,64.7
MULTI_MONTH_STAGNATION,CRITICAL,No progress improvement over multiple months,Chengapalli km 102.035 to Neelambur Km144.680 and Madukkarai Km 170.880 to,619086.0,Ministry of Road Transport & Highways,Roads & Highways,Tamil Nadu,64.7
ELEVATED_RISK_ML,WARNING,ML risk score: 71/100,Thorapalli - Agraharam - Jittandahalli Section from km 23.350 to km 60.100 [Hosur to,619094.0,Ministry of Road Transport & Highways,Roads & Highways,Tamil Nadu,71.0
TIME_OVERRUN,WARNING,Delayed by 36 months,Thorapalli - Agraharam - Jittandahalli Section from km 23.350 to km 60.100 [Hosur to,619094.0,Ministry of Road Transport & Highways,Roads & Highways,Tamil Nadu,71.0
MULTI_MONTH_STAGNATION,CRITICAL,No progress improvement over multiple months,Thorapalli - Agraharam - Jittandahalli Section from km 23.350 to km 60.100 [Hosur to,619094.0,Ministry of Road Transport & Highways,Roads & Highways,Tamil Nadu,71.0
ELEVATED_RISK_ML,WARNING,ML risk score: 72/100,Mahabalipuram - Pondicherry Pkg-I [Mamallapuram to Mugaiyur],619129.0,Ministry of Road Transport & Highways,Roads & Highways,Tamil Nadu,72.1
TIME_OVERRUN,WARNING,Delayed by 32 months,Mahabalipuram - Pondicherry Pkg-I [Mamallapuram to Mugaiyur],619129.0,Ministry of Road Transport & Highways,Roads & Highways,Tamil Nadu,72.1
MULTI_MONTH_STAGNATION,CRITICAL,No progress improvement over multiple months,Mahabalipuram - Pondicherry Pkg-I [Mamallapuram to Mugaiyur],619129.0,Ministry of Road Transport & Highways,Roads & Highways,Tamil Nadu,72.1
COST_ESCALATION,WARNING,Cost escalated by 31.1% from original,Mahabalipuram - Pondicherry Pkg-II [Mugaiyur to Marakkanam],619130.0,Ministry of Road Transport & Highways,Roads & Highways,Tamil Nadu,78.1
ELEVATED_RISK_ML,WARNING,ML risk score: 78/100,Mahabalipuram - Pondicherry Pkg-II [Mugaiyur to Marakkanam],619130.0,Ministry of Road Transport & Highways,Roads & Highways,Tamil Nadu,78.1
TIME_OVERRUN,WARNING,Delayed by 15 months,Mahabalipuram - Pondicherry Pkg-II [Mugaiyur to Marakkanam],619130.0,Ministry of Road Transport & Highways,Roads & Highways,Tamil Nadu,78.1
MULTI_MONTH_STAGNATION,CRITICAL,No progress improvement over multiple months,Mahabalipuram - Pondicherry Pkg-II [Mugaiyur to Marakkanam],619130.0,Ministry of Road Transport & Highways,Roads & Highways,Tamil Nadu,78.1
PF_GAP,WARNING,Physical-Financial gap of 23.1%,Four Laning of Chettikulam to Natham section of NH-785,619131.0,Ministry of Road Transport & Highways,Roads & Highways,Tamil Nadu,54.2
TIME_OVERRUN,CRITICAL,Delayed by 67 months,Four Laning of Chettikulam to Natham section of NH-785,619131.0,Ministry of Road Transport & Highways,Roads & Highways,Tamil Nadu,54.2
MULTI_MONTH_STAGNATION,CRITICAL,No progress improvement over multiple months,Four Laning of Chettikulam to Natham section of NH-785,619131.0,Ministry of Road Transport & Highways,Roads & Highways,Tamil Nadu,54.2
EXPENDITURE_LAG,CRITICAL,Only 15% budget spent but 113% time elapsed,Construction of New Double Tier 4L Elevated Corridor from Chennai Port to,619139.0,Ministry of Road Transport & Highways,Roads & Highways,Tamil Nadu,52.2
PROGRESS_STAGNATION,CRITICAL,Only 17% progress with 113% time elapsed,Construction of New Double Tier 4L Elevated Corridor from Chennai Port to,619139.0,Ministry of Road Transport & Highways,Roads & Highways,Tamil Nadu,52.2
TIME_OVERRUN,WARNING,Delayed by 34 months,Construction of New Double Tier 4L Elevated Corridor from Chennai Port to,619139.0,Ministry of Road Transport & Highways,Roads & Highways,Tamil Nadu,52.2
MULTI_MONTH_STAGNATION,CRITICAL,No progress improvement over multiple months,Construction of New Double Tier 4L Elevated Corridor from Chennai Port to,619139.0,Ministry of Road Transport & Highways,Roads & Highways,Tamil Nadu,52.2
MULTI_MONTH_STAGNATION,CRITICAL,No progress improvement over multiple months,4 Laning of Paramakudi to Ramanathapuram Section of NH-87 Old NH-49,619156.0,Ministry of Road Transport & Highways,Roads & Highways,Tamil Nadu,17.3
EXPENDITURE_LAG,CRITICAL,Only 15% budget spent but 88% time elapsed,Access Controlled Highway of 4 Lane with Paved Shoulders from Tiruvallur Design,619161.0,Ministry of Road Transport & Highways,Roads & Highways,Tamil Nadu,45.8
PF_GAP,WARNING,Physical-Financial gap of 33.1%,Access Controlled Highway of 4 Lane with Paved Shoulders from Tiruvallur Design,619161.0,Ministry of Road Transport & Highways,Roads & Highways,Tamil Nadu,45.8
COST_ESCALATION,WARNING,Cost escalated by 49.5% from original,Balance works of four lane from km 43.950 Thiruvallur Bypass to km 61.470,619222.0,Ministry of Road Transport & Highways,Roads & Highways,Tamil Nadu,83.1
PF_GAP,WARNING,Physical-Financial gap of -29.2%,Balance works of four lane from km 43.950 Thiruvallur Bypass to km 61.470,619222.0,Ministry of Road Transport & Highways,Roads & Highways,Tamil Nadu,83.1
HIGH_RISK_ML,CRITICAL,ML risk score: 83/100,Balance works of four lane from km 43.950 Thiruvallur Bypass to km 61.470,619222.0,Ministry of Road Transport & Highways,Roads & Highways,Tamil Nadu,83.1
TIME_OVERRUN,WARNING,Delayed by 23 months,Balance works of four lane from km 43.950 Thiruvallur Bypass to km 61.470,619222.0,Ministry of Road Transport & Highways,Roads & Highways,Tamil Nadu,83.1
MULTI_MONTH_STAGNATION,CRITICAL,No progress improvement over multiple months,Balance works of four lane from km 43.950 Thiruvallur Bypass to km 61.470,619222.0,Ministry of Road Transport & Highways,Roads & Highways,Tamil Nadu,83.1
PF_GAP,WARNING,Physical-Financial gap of -77.0%,6-laning of km 9.900 to km 19/948 Aramgarh to Shamshabad Section of Hyderabad-,617913.0,Ministry of Road Transport & Highways,Roads & Highways,Telangana,77.1
ELEVATED_RISK_ML,WARNING,ML risk score: 77/100,6-laning of km 9.900 to km 19/948 Aramgarh to Shamshabad Section of Hyderabad-,617913.0,Ministry of Road Transport & Highways,Roads & Highways,Telangana,77.1
TIME_OVERRUN,CRITICAL,Delayed by 73 months,6-laning of km 9.900 to km 19/948 Aramgarh to Shamshabad Section of Hyderabad-,617913.0,Ministry of Road Transport & Highways,Roads & Highways,Telangana,77.1
MULTI_MONTH_STAGNATION,CRITICAL,No progress improvement over multiple months,6-laning of km 9.900 to km 19/948 Aramgarh to Shamshabad Section of Hyderabad-,617913.0,Ministry of Road Transport & Highways,Roads & Highways,Telangana,77.1
EXPENDITURE_LAG,CRITICAL,Only 0% budget spent but 475% time elapsed,Widening to two/four lane with paved shoulder from Km.180.600 to Km.223.000 of,617936.0,Ministry of Road Transport & Highways,Roads & Highways,Telangana,52.3
PF_GAP,WARNING,Physical-Financial gap of 100.0%,Widening to two/four lane with paved shoulder from Km.180.600 to Km.223.000 of,617936.0,Ministry of Road Transport & Highways,Roads & Highways,Telangana,52.3
MULTI_MONTH_STAGNATION,CRITICAL,No progress improvement over multiple months,Widening to two/four lane with paved shoulder from Km.180.600 to Km.223.000 of,617936.0,Ministry of Road Transport & Highways,Roads & Highways,Telangana,52.3
EXPENDITURE_LAG,CRITICAL,Only 0% budget spent but 108% time elapsed,6-Laning of Pune-Hyderabad Section of NH-65 from Km 493/0 to Km 524/0 from,617939.0,Ministry of Road Transport & Highways,Roads & Highways,Telangana,54.9
PF_GAP,WARNING,Physical-Financial gap of 45.9%,6-Laning of Pune-Hyderabad Section of NH-65 from Km 493/0 to Km 524/0 from,617939.0,Ministry of Road Transport & Highways,Roads & Highways,Telangana,54.9
PF_GAP,WARNING,Physical-Financial gap of 30.2%,Rehabilitation and Upgradation of LB-Nagar to Malkapur section to 6-Lane main,617940.0,Ministry of Road Transport & Highways,Roads & Highways,Telangana,47.4
TIME_OVERRUN,WARNING,Delayed by 29 months,Rehabilitation and Upgradation of LB-Nagar to Malkapur section to 6-Lane main,617940.0,Ministry of Road Transport & Highways,Roads & Highways,Telangana,47.4
EXPENDITURE_LAG,CRITICAL,Only 4% budget spent but 408% time elapsed,Construction of six lane elevated corridor from km 7.950 Uppal to km 14.200 of NH-,617980.0,Ministry of Road Transport & Highways,Roads & Highways,Telangana,58.4
PF_GAP,WARNING,Physical-Financial gap of 50.4%,Construction of six lane elevated corridor from km 7.950 Uppal to km 14.200 of NH-,617980.0,Ministry of Road Transport & Highways,Roads & Highways,Telangana,58.4
TIME_OVERRUN,CRITICAL,Delayed by 89 months,Construction of six lane elevated corridor from km 7.950 Uppal to km 14.200 of NH-,617980.0,Ministry of Road Transport & Highways,Roads & Highways,Telangana,58.4
PF_GAP,WARNING,Physical-Financial gap of 30.8%,Widening & Strengthening of Existing 2LPS to 4 lane PS from Km 150000 to Km,617983.0,Ministry of Road Transport & Highways,Roads & Highways,Telangana,46.3
TIME_OVERRUN,WARNING,Delayed by 25 months,Widening & Strengthening of Existing 2LPS to 4 lane PS from Km 150000 to Km,617983.0,Ministry of Road Transport & Highways,Roads & Highways,Telangana,46.3
TIME_OVERRUN,CRITICAL,Delayed by 73 months,Rehabilitation and upgradation of NH-167 from design km 113.900 to 154.479,617994.0,Ministry of Road Transport & Highways,Roads & Highways,Telangana,48.6
MULTI_MONTH_STAGNATION,CRITICAL,No progress improvement over multiple months,Rehabilitation and upgradation of NH-167 from design km 113.900 to 154.479,617994.0,Ministry of Road Transport & Highways,Roads & Highways,Telangana,48.6
PF_GAP,WARNING,Physical-Financial gap of 40.8%,Widening to Two Lane with Paved Shoulders from Km 67.000 to Km 114.425 of,617995.0,Ministry of Road Transport & Highways,Roads & Highways,Telangana,60.9
ELEVATED_RISK_ML,WARNING,ML risk score: 61/100,Widening to Two Lane with Paved Shoulders from Km 67.000 to Km 114.425 of,617995.0,Ministry of Road Transport & Highways,Roads & Highways,Telangana,60.9
TIME_OVERRUN,CRITICAL,Delayed by 91 months,Widening to Two Lane with Paved Shoulders from Km 67.000 to Km 114.425 of,617995.0,Ministry of Road Transport & Highways,Roads & Highways,Telangana,60.9
MULTI_MONTH_STAGNATION,CRITICAL,No progress improvement over multiple months,Widening to Two Lane with Paved Shoulders from Km 67.000 to Km 114.425 of,617995.0,Ministry of Road Transport & Highways,Roads & Highways,Telangana,60.9
COST_ESCALATION,WARNING,Cost escalated by 22.8% from original,"Construction of 4-lane flyover at Amberpet-X road, Hyderabad on NH-202 in the State",618001.0,Ministry of Road Transport & Highways,Roads & Highways,Telangana,75.7
ELEVATED_RISK_ML,WARNING,ML risk score: 76/100,"Construction of 4-lane flyover at Amberpet-X road, Hyderabad on NH-202 in the State",618001.0,Ministry of Road Transport & Highways,Roads & Highways,Telangana,75.7
TIME_OVERRUN,WARNING,Delayed by 36 months,"Construction of 4-lane flyover at Amberpet-X road, Hyderabad on NH-202 in the State",618001.0,Ministry of Road Transport & Highways,Roads & Highways,Telangana,75.7
MULTI_MONTH_STAGNATION,CRITICAL,No progress improvement over multiple months,"Construction of 4-lane flyover at Amberpet-X road, Hyderabad on NH-202 in the State",618001.0,Ministry of Road Transport & Highways,Roads & Highways,Telangana,75.7
PF_GAP,WARNING,Physical-Financial gap of 22.4%,Rehabiitation and upgradation from km 121/000 to 154/000 Nakrekal to Mallampally,618025.0,Ministry of Road Transport & Highways,Roads & Highways,Telangana,55.1
TIME_OVERRUN,CRITICAL,Delayed by 81 months,Rehabiitation and upgradation from km 121/000 to 154/000 Nakrekal to Mallampally,618025.0,Ministry of Road Transport & Highways,Roads & Highways,Telangana,55.1
MULTI_MONTH_STAGNATION,CRITICAL,No progress improvement over multiple months,Rehabiitation and upgradation from km 121/000 to 154/000 Nakrekal to Mallampally,618025.0,Ministry of Road Transport & Highways,Roads & Highways,Telangana,55.1
EXPENDITURE_LAG,CRITICAL,Only 30% budget spent but 129% time elapsed,Widening to two lane with paved shoulders from Km 0/000 to Km 45/946 of Nizampet-,618091.0,Ministry of Road Transport & Highways,Roads & Highways,Telangana,44.8
TIME_OVERRUN,WARNING,Delayed by 13 months,Widening to two lane with paved shoulders from Km 0/000 to Km 45/946 of Nizampet-,618091.0,Ministry of Road Transport & Highways,Roads & Highways,Telangana,44.8
PF_GAP,WARNING,Physical-Financial gap of 20.1%,Widening to two lane with paved shoulders from Km 0/000 to Km 79/300 of,618104.0,Ministry of Road Transport & Highways,Roads & Highways,Telangana,40.6
TIME_OVERRUN,WARNING,Delayed by 13 months,Widening to two lane with paved shoulders from Km 0/000 to Km 79/300 of,618104.0,Ministry of Road Transport & Highways,Roads & Highways,Telangana,40.6
EXPENDITURE_LAG,CRITICAL,Only 20% budget spent but 146% time elapsed,Widening and strengthening to 4 lane / 2-lane with paved shoulders of Mahabubnagar,618105.0,Ministry of Road Transport & Highways,Roads & Highways,Telangana,49.4
PF_GAP,WARNING,Physical-Financial gap of 26.8%,Widening and strengthening to 4 lane / 2-lane with paved shoulders of Mahabubnagar,618105.0,Ministry of Road Transport & Highways,Roads & Highways,Telangana,49.4
TIME_OVERRUN,WARNING,Delayed by 13 months,Widening and strengthening to 4 lane / 2-lane with paved shoulders of Mahabubnagar,618105.0,Ministry of Road Transport & Highways,Roads & Highways,Telangana,49.4
PF_GAP,WARNING,Physical-Financial gap of 47.4%,Widening and Strengthening to 2/4 lane with paved shoulders of Mahabubnagar,618106.0,Ministry of Road Transport & Highways,Roads & Highways,Telangana,20.9
MULTI_MONTH_STAGNATION,CRITICAL,No progress improvement over multiple months,Widening and Strengthening to 2/4 lane with paved shoulders of Mahabubnagar,618106.0,Ministry of Road Transport & Highways,Roads & Highways,Telangana,20.9
EXPENDITURE_LAG,CRITICAL,Only 31% budget spent but 117% time elapsed,Widening to 2 lane with paved shoulders from 0.00 to 32.970 ofAdilabadto Bela,618130.0,Ministry of Road Transport & Highways,Roads & Highways,Telangana,47.8
PF_GAP,WARNING,Physical-Financial gap of 48.6%,Widening to 2 lane with paved shoulders from 0.00 to 32.970 ofAdilabadto Bela,618130.0,Ministry of Road Transport & Highways,Roads & Highways,Telangana,47.8
EXPENDITURE_LAG,CRITICAL,Only 4% budget spent but 83% time elapsed,Widening to two/four lane with paved shoulders from Km.34.250 to Km.71.830 of NH-,618140.0,Ministry of Road Transport & Highways,Roads & Highways,Telangana,25.9
PROGRESS_STAGNATION,CRITICAL,Only 13% progress with 83% time elapsed,Widening to two/four lane with paved shoulders from Km.34.250 to Km.71.830 of NH-,618140.0,Ministry of Road Transport & Highways,Roads & Highways,Telangana,25.9
PF_GAP,WARNING,Physical-Financial gap of 34.2%,Widening and Improvement of existing carriage way to 2 lane with paved shoulders,618141.0,Ministry of Road Transport & Highways,Roads & Highways,Telangana,56.6
TIME_OVERRUN,WARNING,Delayed by 24 months,Widening and Improvement of existing carriage way to 2 lane with paved shoulders,618141.0,Ministry of Road Transport & Highways,Roads & Highways,Telangana,56.6
MULTI_MONTH_STAGNATION,CRITICAL,No progress improvement over multiple months,Widening and Improvement of existing carriage way to 2 lane with paved shoulders,618141.0,Ministry of Road Transport & Highways,Roads & Highways,Telangana,56.6
PF_GAP,WARNING,Physical-Financial gap of 27.5%,Widening to Two lane with paved shoulders from 106/830 to 158/496 of Yellareddy-,618182.0,Ministry of Road Transport & Highways,Roads & Highways,Telangana,42.2
EXPENDITURE_LAG,CRITICAL,Only 37% budget spent but 104% time elapsed,Widening to 2 lane with paved shoulders from Km 62/920 to km 106/830 of Medak -,618183.0,Ministry of Road Transport & Highways,Roads & Highways,Telangana,23.4
PF_GAP,WARNING,Physical-Financial gap of 34.0%,Widening to 2 lane with paved shoulders from Km 62/920 to km 106/830 of Medak -,618183.0,Ministry of Road Transport & Highways,Roads & Highways,Telangana,23.4
PF_GAP,WARNING,Physical-Financial gap of 35.7%,Rehabilitation and Up-gradation of Valigonda to Thorrur Section to Two Lane with,618186.0,Ministry of Road Transport & Highways,Roads & Highways,Telangana,55.4
TIME_OVERRUN,WARNING,Delayed by 21 months,Rehabilitation and Up-gradation of Valigonda to Thorrur Section to Two Lane with,618186.0,Ministry of Road Transport & Highways,Roads & Highways,Telangana,55.4
MULTI_MONTH_STAGNATION,CRITICAL,No progress improvement over multiple months,Rehabilitation and Up-gradation of Valigonda to Thorrur Section to Two Lane with,618186.0,Ministry of Road Transport & Highways,Roads & Highways,Telangana,55.4
PF_GAP,WARNING,Physical-Financial gap of 36.0%,Widening to two lane with paved shoulders of 'Bodhan Basar Bhainsa ' section from,618190.0,Ministry of Road Transport & Highways,Roads & Highways,Telangana,53.6
TIME_OVERRUN,WARNING,Delayed by 17 months,Widening to two lane with paved shoulders of 'Bodhan Basar Bhainsa ' section from,618190.0,Ministry of Road Transport & Highways,Roads & Highways,Telangana,53.6
MULTI_MONTH_STAGNATION,CRITICAL,No progress improvement over multiple months,Widening to two lane with paved shoulders of 'Bodhan Basar Bhainsa ' section from,618190.0,Ministry of Road Transport & Highways,Roads & Highways,Telangana,53.6
EXPENDITURE_LAG,CRITICAL,Only 0% budget spent but 214% time elapsed,Widening to 2 lane with Paved Shoulders of Siddipet-Elkathurthy section from Km,618196.0,Ministry of Road Transport & Highways,Roads & Highways,Telangana,64.1
PF_GAP,WARNING,Physical-Financial gap of 85.0%,Widening to 2 lane with Paved Shoulders of Siddipet-Elkathurthy section from Km,618196.0,Ministry of Road Transport & Highways,Roads & Highways,Telangana,64.1
ELEVATED_RISK_ML,WARNING,ML risk score: 64/100,Widening to 2 lane with Paved Shoulders of Siddipet-Elkathurthy section from Km,618196.0,Ministry of Road Transport & Highways,Roads & Highways,Telangana,64.1
TIME_OVERRUN,WARNING,Delayed by 27 months,Widening to 2 lane with Paved Shoulders of Siddipet-Elkathurthy section from Km,618196.0,Ministry of Road Transport & Highways,Roads & Highways,Telangana,64.1
MULTI_MONTH_STAGNATION,CRITICAL,No progress improvement over multiple months,Widening to 2 lane with Paved Shoulders of Siddipet-Elkathurthy section from Km,618196.0,Ministry of Road Transport & Highways,Roads & Highways,Telangana,64.1
PF_GAP,WARNING,Physical-Financial gap of 30.6%,Widening to 2 lane with Paved Shoulders of Medak - Siddipet section from Km 0/0 to,618197.0,Ministry of Road Transport & Highways,Roads & Highways,Telangana,55.5
TIME_OVERRUN,WARNING,Delayed by 23 months,Widening to 2 lane with Paved Shoulders of Medak - Siddipet section from Km 0/0 to,618197.0,Ministry of Road Transport & Highways,Roads & Highways,Telangana,55.5
MULTI_MONTH_STAGNATION,CRITICAL,No progress improvement over multiple months,Widening to 2 lane with Paved Shoulders of Medak - Siddipet section from Km 0/0 to,618197.0,Ministry of Road Transport & Highways,Roads & Highways,Telangana,55.5
COST_ESCALATION,CRITICAL,Cost escalated by 67.7% from original,Khammam-Devarapalle Pkg I [4L Access Controlled Greenfield from Thallampadu,618746.0,Ministry of Road Transport & Highways,Roads & Highways,Telangana,73.0
ELEVATED_RISK_ML,WARNING,ML risk score: 73/100,Khammam-Devarapalle Pkg I [4L Access Controlled Greenfield from Thallampadu,618746.0,Ministry of Road Transport & Highways,Roads & Highways,Telangana,73.0
TIME_OVERRUN,WARNING,Delayed by 24 months,Khammam-Devarapalle Pkg I [4L Access Controlled Greenfield from Thallampadu,618746.0,Ministry of Road Transport & Highways,Roads & Highways,Telangana,73.0
COST_ESCALATION,WARNING,Cost escalated by 15.8% from original,4L of Karimnagar-Warangal section from km 49.500 to km 117.820 of NH-563,618765.0,Ministry of Road Transport & Highways,Roads & Highways,Telangana,76.6
PF_GAP,WARNING,Physical-Financial gap of 33.1%,4L of Karimnagar-Warangal section from km 49.500 to km 117.820 of NH-563,618765.0,Ministry of Road Transport & Highways,Roads & Highways,Telangana,76.6
ELEVATED_RISK_ML,WARNING,ML risk score: 77/100,4L of Karimnagar-Warangal section from km 49.500 to km 117.820 of NH-563,618765.0,Ministry of Road Transport & Highways,Roads & Highways,Telangana,76.6
TIME_OVERRUN,WARNING,Delayed by 13 months,4L of Karimnagar-Warangal section from km 49.500 to km 117.820 of NH-563,618765.0,Ministry of Road Transport & Highways,Roads & Highways,Telangana,76.6
MULTI_MONTH_STAGNATION,CRITICAL,No progress improvement over multiple months,4L of Karimnagar-Warangal section from km 49.500 to km 117.820 of NH-563,618765.0,Ministry of Road Transport & Highways,Roads & Highways,Telangana,76.6
EXPENDITURE_LAG,CRITICAL,Only 15% budget spent but 88% time elapsed,4L Access Controlled Greenfield Section Mancherial Warangal from Narva village at,618813.0,Ministry of Road Transport & Highways,Roads & Highways,Telangana,43.8
PROGRESS_STAGNATION,CRITICAL,Only 11% progress with 88% time elapsed,4L Access Controlled Greenfield Section Mancherial Warangal from Narva village at,618813.0,Ministry of Road Transport & Highways,Roads & Highways,Telangana,43.8
MULTI_MONTH_STAGNATION,CRITICAL,No progress improvement over multiple months,4L Access Controlled Greenfield Highway section on NH163G Warangal-Khammam,618814.0,Ministry of Road Transport & Highways,Roads & Highways,Telangana,54.6
EXPENDITURE_LAG,CRITICAL,Only 38% budget spent but 121% time elapsed,4L Access Controlled Greenfield Highway section on NH-163G Warangal-Khammam,618815.0,Ministry of Road Transport & Highways,Roads & Highways,Telangana,47.5
PF_GAP,WARNING,Physical-Financial gap of 40.3%,4L Access Controlled Greenfield Highway section on NH-163G Warangal-Khammam,618815.0,Ministry of Road Transport & Highways,Roads & Highways,Telangana,47.5
EXPENDITURE_LAG,CRITICAL,Only 27% budget spent but 75% time elapsed,4L Access Controlled Greenfield Highway section on NH-163G Khammam Vijayawada,618817.0,Ministry of Road Transport & Highways,Roads & Highways,Telangana,40.1
COST_ESCALATION,WARNING,Cost escalated by 27.1% from original,Hyderabad - Maneguda,618944.0,Ministry of Road Transport & Highways,Roads & Highways,Telangana,69.1
EXPENDITURE_LAG,CRITICAL,Only 35% budget spent but 92% time elapsed,Hyderabad - Maneguda,618944.0,Ministry of Road Transport & Highways,Roads & Highways,Telangana,69.1
PROGRESS_STAGNATION,CRITICAL,Only 24% progress with 92% time elapsed,Hyderabad - Maneguda,618944.0,Ministry of Road Transport & Highways,Roads & Highways,Telangana,69.1
PF_GAP,WARNING,Physical-Financial gap of -20.8%,Hyderabad - Maneguda,618944.0,Ministry of Road Transport & Highways,Roads & Highways,Telangana,69.1
ELEVATED_RISK_ML,WARNING,ML risk score: 69/100,Hyderabad - Maneguda,618944.0,Ministry of Road Transport & Highways,Roads & Highways,Telangana,69.1
COST_ESCALATION,WARNING,Cost escalated by 39.8% from original,4L of Kodad Design Km 0.00/Existing Km 185.00 of NH-65 to Khammam Design Km,618945.0,Ministry of Road Transport & Highways,Roads & Highways,Telangana,82.1
PF_GAP,WARNING,Physical-Financial gap of 24.1%,4L of Kodad Design Km 0.00/Existing Km 185.00 of NH-65 to Khammam Design Km,618945.0,Ministry of Road Transport & Highways,Roads & Highways,Telangana,82.1
HIGH_RISK_ML,CRITICAL,ML risk score: 82/100,4L of Kodad Design Km 0.00/Existing Km 185.00 of NH-65 to Khammam Design Km,618945.0,Ministry of Road Transport & Highways,Roads & Highways,Telangana,82.1
TIME_OVERRUN,WARNING,Delayed by 27 months,4L of Kodad Design Km 0.00/Existing Km 185.00 of NH-65 to Khammam Design Km,618945.0,Ministry of Road Transport & Highways,Roads & Highways,Telangana,82.1
MULTI_MONTH_STAGNATION,CRITICAL,No progress improvement over multiple months,4L of Kodad Design Km 0.00/Existing Km 185.00 of NH-65 to Khammam Design Km,618945.0,Ministry of Road Transport & Highways,Roads & Highways,Telangana,82.1
MULTI_MONTH_STAGNATION,CRITICAL,No progress improvement over multiple months,Upgradation to Two Lane with Paved Shoulders from Km 0.000 to Km 41.920 Green,619009.0,Ministry of Road Transport & Highways,Roads & Highways,Telangana,23.2
COST_ESCALATION,CRITICAL,Cost escalated by 59.4% from original,Khammam-Devarapalle Pkg II [4L Access Controlled Greenfield from Somavaram,619128.0,Ministry of Road Transport & Highways,Roads & Highways,Telangana,81.4
HIGH_RISK_ML,CRITICAL,ML risk score: 81/100,Khammam-Devarapalle Pkg II [4L Access Controlled Greenfield from Somavaram,619128.0,Ministry of Road Transport & Highways,Roads & Highways,Telangana,81.4
TIME_OVERRUN,WARNING,Delayed by 23 months,Khammam-Devarapalle Pkg II [4L Access Controlled Greenfield from Somavaram,619128.0,Ministry of Road Transport & Highways,Roads & Highways,Telangana,81.4
MULTI_MONTH_STAGNATION,CRITICAL,No progress improvement over multiple months,Khammam-Devarapalle Pkg II [4L Access Controlled Greenfield from Somavaram,619128.0,Ministry of Road Transport & Highways,Roads & Highways,Telangana,81.4
PF_GAP,WARNING,Physical-Financial gap of 95.3%,Thanamcherla-Jamandlapally 2LPS,619165.0,Ministry of Road Transport & Highways,Roads & Highways,Telangana,54.6
TIME_OVERRUN,CRITICAL,Delayed by 46 months,Thanamcherla-Jamandlapally 2LPS,619165.0,Ministry of Road Transport & Highways,Roads & Highways,Telangana,54.6
MULTI_MONTH_STAGNATION,CRITICAL,No progress improvement over multiple months,Thanamcherla-Jamandlapally 2LPS,619165.0,Ministry of Road Transport & Highways,Roads & Highways,Telangana,54.6
PF_GAP,WARNING,Physical-Financial gap of -44.2%,Rehabilitation and upgradation of NH-221 from km 121/0 to 165/0 Rudrampur to,619193.0,Ministry of Road Transport & Highways,Roads & Highways,Telangana,81.9
HIGH_RISK_ML,CRITICAL,ML risk score: 82/100,Rehabilitation and upgradation of NH-221 from km 121/0 to 165/0 Rudrampur to,619193.0,Ministry of Road Transport & Highways,Roads & Highways,Telangana,81.9
TIME_OVERRUN,CRITICAL,Delayed by 114 months,Rehabilitation and upgradation of NH-221 from km 121/0 to 165/0 Rudrampur to,619193.0,Ministry of Road Transport & Highways,Roads & Highways,Telangana,81.9
MULTI_MONTH_STAGNATION,CRITICAL,No progress improvement over multiple months,Rehabilitation and upgradation of NH-221 from km 121/0 to 165/0 Rudrampur to,619193.0,Ministry of Road Transport & Highways,Roads & Highways,Telangana,81.9
PF_GAP,WARNING,Physical-Financial gap of 55.6%,Construction of 4 lane Bypass to Nalgonda Town lrorn Km 000 Existing Ch. 181590 to,619253.0,Ministry of Road Transport & Highways,Roads & Highways,Telangana,28.1
MULTI_MONTH_STAGNATION,CRITICAL,No progress improvement over multiple months,Rehabilitation and up-gradation of road from km 16.077 to km 43.935 total length,618307.0,Ministry of Road Transport & Highways,Roads & Highways,Tripura,51.7
EXPENDITURE_LAG,CRITICAL,Only 14% budget spent but 88% time elapsed,Improvement and Widening to 2-lane with paved shoulder of road from design Km,618367.0,Ministry of Road Transport & Highways,Roads & Highways,Tripura,52.6
PROGRESS_STAGNATION,CRITICAL,Only 10% progress with 88% time elapsed,Improvement and Widening to 2-lane with paved shoulder of road from design Km,618367.0,Ministry of Road Transport & Highways,Roads & Highways,Tripura,52.6
MULTI_MONTH_STAGNATION,CRITICAL,No progress improvement over multiple months,Improvement and Widening to 2-lane with paved shoulder of road from design Km,618367.0,Ministry of Road Transport & Highways,Roads & Highways,Tripura,52.6
EXPENDITURE_LAG,CRITICAL,Only 27% budget spent but 100% time elapsed,Improvement and Widening to 2-lane with paved shoulder of road from design Km,618368.0,Ministry of Road Transport & Highways,Roads & Highways,Tripura,52.0
PROGRESS_STAGNATION,CRITICAL,Only 15% progress with 100% time elapsed,Improvement and Widening to 2-lane with paved shoulder of road from design Km,618368.0,Ministry of Road Transport & Highways,Roads & Highways,Tripura,52.0
MULTI_MONTH_STAGNATION,CRITICAL,No progress improvement over multiple months,Improvement and Widening to 2-lane with paved shoulder of road from design Km,618368.0,Ministry of Road Transport & Highways,Roads & Highways,Tripura,52.0
EXPENDITURE_LAG,CRITICAL,Only 38% budget spent but 134% time elapsed,Rehabilitation and up-gradation of road from design km 25.250 to km 36.460 Total,618385.0,Ministry of Road Transport & Highways,Roads & Highways,Tripura,23.1
PF_GAP,WARNING,Physical-Financial gap of 23.7%,Melaghar-Srimantapur section on NH-08 Spur from Km 23 to Km 34.500 11.5 Km and,618411.0,Ministry of Road Transport & Highways,Roads & Highways,Tripura,47.3
TIME_OVERRUN,WARNING,Delayed by 23 months,Melaghar-Srimantapur section on NH-08 Spur from Km 23 to Km 34.500 11.5 Km and,618411.0,Ministry of Road Transport & Highways,Roads & Highways,Tripura,47.3
EXPENDITURE_LAG,CRITICAL,Only 23% budget spent but 83% time elapsed,"Construction of 4-Lane with paved shoulder Agartala bypass Western side, length",618417.0,Ministry of Road Transport & Highways,Roads & Highways,Tripura,33.6
PROGRESS_STAGNATION,CRITICAL,Only 9% progress with 83% time elapsed,"Construction of 4-Lane with paved shoulder Agartala bypass Western side, length",618417.0,Ministry of Road Transport & Highways,Roads & Highways,Tripura,33.6
MULTI_MONTH_STAGNATION,CRITICAL,No progress improvement over multiple months,"Construction of 4-Lane with paved shoulder Agartala bypass Western side, length",618417.0,Ministry of Road Transport & Highways,Roads & Highways,Tripura,33.6
COST_ESCALATION,WARNING,Cost escalated by 18.8% from original,Rehabilitation and upgradation to four lane road from km 70.500 to km 78.600 of NH-,617963.0,Ministry of Road Transport & Highways,Roads & Highways,Uttar Pradesh,44.0
EXPENDITURE_LAG,CRITICAL,Only 21% budget spent but 83% time elapsed,Rehabilitation and upgradation to four lane road from km 70.500 to km 78.600 of NH-,617963.0,Ministry of Road Transport & Highways,Roads & Highways,Uttar Pradesh,44.0
EXPENDITURE_LAG,CRITICAL,Only 14% budget spent but 92% time elapsed,Widening to Four Lane rigid pavement configuration from Km 90.00 to Km 100.800 on,617964.0,Ministry of Road Transport & Highways,Roads & Highways,Uttar Pradesh,27.0
EXPENDITURE_LAG,CRITICAL,Only 0% budget spent but 395% time elapsed,Balance work of Construction of Ring Road for Raebareli City on eastern side of NH-,618009.0,Ministry of Road Transport & Highways,Roads & Highways,Uttar Pradesh,82.0
PF_GAP,WARNING,Physical-Financial gap of 95.0%,Balance work of Construction of Ring Road for Raebareli City on eastern side of NH-,618009.0,Ministry of Road Transport & Highways,Roads & Highways,Uttar Pradesh,82.0
HIGH_RISK_ML,CRITICAL,ML risk score: 82/100,Balance work of Construction of Ring Road for Raebareli City on eastern side of NH-,618009.0,Ministry of Road Transport & Highways,Roads & Highways,Uttar Pradesh,82.0
TIME_OVERRUN,CRITICAL,Delayed by 56 months,Balance work of Construction of Ring Road for Raebareli City on eastern side of NH-,618009.0,Ministry of Road Transport & Highways,Roads & Highways,Uttar Pradesh,82.0
MULTI_MONTH_STAGNATION,CRITICAL,No progress improvement over multiple months,Balance work of Construction of Ring Road for Raebareli City on eastern side of NH-,618009.0,Ministry of Road Transport & Highways,Roads & Highways,Uttar Pradesh,82.0
EXPENDITURE_LAG,CRITICAL,Only 25% budget spent but 139% time elapsed,Construction of Balrampur bypass with 2L flexible pavement configuration from,618054.0,Ministry of Road Transport & Highways,Roads & Highways,Uttar Pradesh,48.6
PF_GAP,WARNING,Physical-Financial gap of 31.1%,Construction of Balrampur bypass with 2L flexible pavement configuration from,618054.0,Ministry of Road Transport & Highways,Roads & Highways,Uttar Pradesh,48.6
EXPENDITURE_LAG,CRITICAL,Only 30% budget spent but 188% time elapsed,Construction of Pratapgarh Bypass Extension connecting NH-31 to NH-330 on EPC,618055.0,Ministry of Road Transport & Highways,Roads & Highways,Uttar Pradesh,53.5
PF_GAP,WARNING,Physical-Financial gap of 48.3%,Construction of Pratapgarh Bypass Extension connecting NH-31 to NH-330 on EPC,618055.0,Ministry of Road Transport & Highways,Roads & Highways,Uttar Pradesh,53.5
TIME_OVERRUN,WARNING,Delayed by 15 months,Construction of Pratapgarh Bypass Extension connecting NH-31 to NH-330 on EPC,618055.0,Ministry of Road Transport & Highways,Roads & Highways,Uttar Pradesh,53.5
EXPENDITURE_LAG,CRITICAL,Only 25% budget spent but 166% time elapsed,Improvement and Up-gradation to two Lane with Paved Shoulder Configuration from,618056.0,Ministry of Road Transport & Highways,Roads & Highways,Uttar Pradesh,51.4
PF_GAP,WARNING,Physical-Financial gap of 38.3%,Improvement and Up-gradation to two Lane with Paved Shoulder Configuration from,618056.0,Ministry of Road Transport & Highways,Roads & Highways,Uttar Pradesh,51.4
TIME_OVERRUN,WARNING,Delayed by 15 months,Improvement and Up-gradation to two Lane with Paved Shoulder Configuration from,618056.0,Ministry of Road Transport & Highways,Roads & Highways,Uttar Pradesh,51.4
EXPENDITURE_LAG,CRITICAL,Only 17% budget spent but 189% time elapsed,Construction of Shohratgarh Bypass on NH-730 under EPC mode in the State of Uttar,618057.0,Ministry of Road Transport & Highways,Roads & Highways,Uttar Pradesh,53.4
PF_GAP,WARNING,Physical-Financial gap of 37.4%,Construction of Shohratgarh Bypass on NH-730 under EPC mode in the State of Uttar,618057.0,Ministry of Road Transport & Highways,Roads & Highways,Uttar Pradesh,53.4
TIME_OVERRUN,WARNING,Delayed by 19 months,Construction of Shohratgarh Bypass on NH-730 under EPC mode in the State of Uttar,618057.0,Ministry of Road Transport & Highways,Roads & Highways,Uttar Pradesh,53.4
COST_ESCALATION,WARNING,Cost escalated by 31.0% from original,Widening & Strenghteningof section from Bharthana chowk to Kodarkoot km.0.00 to,618063.0,Ministry of Road Transport & Highways,Roads & Highways,Uttar Pradesh,80.1
EXPENDITURE_LAG,CRITICAL,Only 34% budget spent but 233% time elapsed,Widening & Strenghteningof section from Bharthana chowk to Kodarkoot km.0.00 to,618063.0,Ministry of Road Transport & Highways,Roads & Highways,Uttar Pradesh,80.1
PF_GAP,WARNING,Physical-Financial gap of 50.0%,Widening & Strenghteningof section from Bharthana chowk to Kodarkoot km.0.00 to,618063.0,Ministry of Road Transport & Highways,Roads & Highways,Uttar Pradesh,80.1
HIGH_RISK_ML,CRITICAL,ML risk score: 80/100,Widening & Strenghteningof section from Bharthana chowk to Kodarkoot km.0.00 to,618063.0,Ministry of Road Transport & Highways,Roads & Highways,Uttar Pradesh,80.1
TIME_OVERRUN,WARNING,Delayed by 27 months,Widening & Strenghteningof section from Bharthana chowk to Kodarkoot km.0.00 to,618063.0,Ministry of Road Transport & Highways,Roads & Highways,Uttar Pradesh,80.1
EXPENDITURE_LAG,CRITICAL,Only 14% budget spent but 79% time elapsed,Construction of Amethi bypass Part-II at km.30.050 of NH-931 under EPC mode in the,618066.0,Ministry of Road Transport & Highways,Roads & Highways,Uttar Pradesh,25.8
PF_GAP,WARNING,Physical-Financial gap of 34.4%,Construction of Amethi bypass Part-II at km.30.050 of NH-931 under EPC mode in the,618066.0,Ministry of Road Transport & Highways,Roads & Highways,Uttar Pradesh,25.8
EXPENDITURE_LAG,CRITICAL,Only 27% budget spent but 129% time elapsed,Construction of two lane with paved shoulder from existing Km.0.000 to Km.55.610,618075.0,Ministry of Road Transport & Highways,Roads & Highways,Uttar Pradesh,51.2
PF_GAP,WARNING,Physical-Financial gap of 52.0%,Construction of two lane with paved shoulder from existing Km.0.000 to Km.55.610,618075.0,Ministry of Road Transport & Highways,Roads & Highways,Uttar Pradesh,51.2
TIME_OVERRUN,WARNING,Delayed by 13 months,Construction of two lane with paved shoulder from existing Km.0.000 to Km.55.610,618075.0,Ministry of Road Transport & Highways,Roads & Highways,Uttar Pradesh,51.2
EXPENDITURE_LAG,CRITICAL,Only 22% budget spent but 129% time elapsed,Construction of Mariahu Bypass with four lane paved shoulder configuration Km.,618081.0,Ministry of Road Transport & Highways,Roads & Highways,Uttar Pradesh,49.6
PF_GAP,WARNING,Physical-Financial gap of 36.4%,Construction of Mariahu Bypass with four lane paved shoulder configuration Km.,618081.0,Ministry of Road Transport & Highways,Roads & Highways,Uttar Pradesh,49.6
EXPENDITURE_LAG,CRITICAL,Only 0% budget spent but 256% time elapsed,Widening & Upgradation to four lane configuration from Km.34.900 Bhadohi to,618082.0,Ministry of Road Transport & Highways,Roads & Highways,Uttar Pradesh,56.9
PF_GAP,WARNING,Physical-Financial gap of 95.0%,Widening & Upgradation to four lane configuration from Km.34.900 Bhadohi to,618082.0,Ministry of Road Transport & Highways,Roads & Highways,Uttar Pradesh,56.9
TIME_OVERRUN,WARNING,Delayed by 28 months,Widening & Upgradation to four lane configuration from Km.34.900 Bhadohi to,618082.0,Ministry of Road Transport & Highways,Roads & Highways,Uttar Pradesh,56.9
PF_GAP,WARNING,Physical-Financial gap of 60.8%,Improvement and upgradation to two lane with paved shoulder configuration from,618111.0,Ministry of Road Transport & Highways,Roads & Highways,Uttar Pradesh,51.5
TIME_OVERRUN,WARNING,Delayed by 14 months,Improvement and upgradation to two lane with paved shoulder configuration from,618111.0,Ministry of Road Transport & Highways,Roads & Highways,Uttar Pradesh,51.5
EXPENDITURE_LAG,CRITICAL,Only 1% budget spent but 89% time elapsed,"Improvement and up-gradation of NH-227B 84 Kosi Parikrama Marg Package I, from",618112.0,Ministry of Road Transport & Highways,Roads & Highways,Uttar Pradesh,47.2
PROGRESS_STAGNATION,CRITICAL,Only 8% progress with 89% time elapsed,"Improvement and up-gradation of NH-227B 84 Kosi Parikrama Marg Package I, from",618112.0,Ministry of Road Transport & Highways,Roads & Highways,Uttar Pradesh,47.2
EXPENDITURE_LAG,CRITICAL,Only 14% budget spent but 89% time elapsed,"Improvement and up-gradation of NH-227B 84 Kosi Parikrama Marg Package III, from",618113.0,Ministry of Road Transport & Highways,Roads & Highways,Uttar Pradesh,45.9
PF_GAP,WARNING,Physical-Financial gap of 37.1%,"Improvement and up-gradation of NH-227B 84 Kosi Parikrama Marg Package III, from",618113.0,Ministry of Road Transport & Highways,Roads & Highways,Uttar Pradesh,45.9
PF_GAP,WARNING,Physical-Financial gap of 30.2%,lmprovement and Up-gradation from Km. 73.300 Bikapur to Km.140.960 Patranga of,618116.0,Ministry of Road Transport & Highways,Roads & Highways,Uttar Pradesh,18.7
EXPENDITURE_LAG,CRITICAL,Only 26% budget spent but 172% time elapsed,Rehabilitation and upgradation from km 51.600 to km 75.700 of NH-321G Nuhkhas to,618124.0,Ministry of Road Transport & Highways,Roads & Highways,Uttar Pradesh,53.5
PF_GAP,WARNING,Physical-Financial gap of 47.1%,Rehabilitation and upgradation from km 51.600 to km 75.700 of NH-321G Nuhkhas to,618124.0,Ministry of Road Transport & Highways,Roads & Highways,Uttar Pradesh,53.5
TIME_OVERRUN,WARNING,Delayed by 15 months,Rehabilitation and upgradation from km 51.600 to km 75.700 of NH-321G Nuhkhas to,618124.0,Ministry of Road Transport & Highways,Roads & Highways,Uttar Pradesh,53.5
EXPENDITURE_LAG,CRITICAL,Only 28% budget spent but 150% time elapsed,Rehabilitation and Up-gradation from km. 0000 to km.40390 of NH-730S,618163.0,Ministry of Road Transport & Highways,Roads & Highways,Uttar Pradesh,50.3
PF_GAP,WARNING,Physical-Financial gap of 38.8%,Rehabilitation and Up-gradation from km. 0000 to km.40390 of NH-730S,618163.0,Ministry of Road Transport & Highways,Roads & Highways,Uttar Pradesh,50.3
EXPENDITURE_LAG,CRITICAL,Only 0% budget spent but 113% time elapsed,Construction of four lane highway with paved shoulder from Km.74.700 to Km.112.950,618164.0,Ministry of Road Transport & Highways,Roads & Highways,Uttar Pradesh,67.7
PF_GAP,WARNING,Physical-Financial gap of 100.0%,Construction of four lane highway with paved shoulder from Km.74.700 to Km.112.950,618164.0,Ministry of Road Transport & Highways,Roads & Highways,Uttar Pradesh,67.7
ELEVATED_RISK_ML,WARNING,ML risk score: 68/100,Construction of four lane highway with paved shoulder from Km.74.700 to Km.112.950,618164.0,Ministry of Road Transport & Highways,Roads & Highways,Uttar Pradesh,67.7
EXPENDITURE_LAG,CRITICAL,Only 0% budget spent but 146% time elapsed,Construction of 4-lane green field highway from Km. 35.000 to Km. 49.155 of NH-,618166.0,Ministry of Road Transport & Highways,Roads & Highways,Uttar Pradesh,54.4
PF_GAP,WARNING,Physical-Financial gap of 100.0%,Construction of 4-lane green field highway from Km. 35.000 to Km. 49.155 of NH-,618166.0,Ministry of Road Transport & Highways,Roads & Highways,Uttar Pradesh,54.4
EXPENDITURE_LAG,CRITICAL,Only 14% budget spent but 133% time elapsed,Widening to four lane with paved shoulder from Design Km.49.200 to Km.89.285 of,618168.0,Ministry of Road Transport & Highways,Roads & Highways,Uttar Pradesh,61.8
PF_GAP,WARNING,Physical-Financial gap of 41.4%,Widening to four lane with paved shoulder from Design Km.49.200 to Km.89.285 of,618168.0,Ministry of Road Transport & Highways,Roads & Highways,Uttar Pradesh,61.8
ELEVATED_RISK_ML,WARNING,ML risk score: 62/100,Widening to four lane with paved shoulder from Design Km.49.200 to Km.89.285 of,618168.0,Ministry of Road Transport & Highways,Roads & Highways,Uttar Pradesh,61.8
MULTI_MONTH_STAGNATION,CRITICAL,No progress improvement over multiple months,Widening to four lane with paved shoulder from Design Km.49.200 to Km.89.285 of,618168.0,Ministry of Road Transport & Highways,Roads & Highways,Uttar Pradesh,61.8
PF_GAP,WARNING,Physical-Financial gap of 55.7%,Construction of Two Lane with paved shoulder highway from Design Ch.0.000 to,618169.0,Ministry of Road Transport & Highways,Roads & Highways,Uttar Pradesh,48.8
EXPENDITURE_LAG,CRITICAL,Only 0% budget spent but 186% time elapsed,Construction of 6-lane bridge on Ganga on NH-96 and its approaches in Phaphamau,618233.0,Ministry of Road Transport & Highways,Roads & Highways,Uttar Pradesh,55.7
PF_GAP,WARNING,Physical-Financial gap of 91.0%,Construction of 6-lane bridge on Ganga on NH-96 and its approaches in Phaphamau,618233.0,Ministry of Road Transport & Highways,Roads & Highways,Uttar Pradesh,55.7
TIME_OVERRUN,WARNING,Delayed by 31 months,Construction of 6-lane bridge on Ganga on NH-96 and its approaches in Phaphamau,618233.0,Ministry of Road Transport & Highways,Roads & Highways,Uttar Pradesh,55.7
EXPENDITURE_LAG,CRITICAL,Only 0% budget spent but 267% time elapsed,Rehabilitation and upgradation to 2-lane with paved sholuders configuration of Bewar-,618240.0,Ministry of Road Transport & Highways,Roads & Highways,Uttar Pradesh,58.4
PF_GAP,WARNING,Physical-Financial gap of 100.0%,Rehabilitation and upgradation to 2-lane with paved sholuders configuration of Bewar-,618240.0,Ministry of Road Transport & Highways,Roads & Highways,Uttar Pradesh,58.4
TIME_OVERRUN,WARNING,Delayed by 29 months,Rehabilitation and upgradation to 2-lane with paved sholuders configuration of Bewar-,618240.0,Ministry of Road Transport & Highways,Roads & Highways,Uttar Pradesh,58.4
PF_GAP,WARNING,Physical-Financial gap of 36.7%,Construction of Basti Ring Road Phase-I with 4L configuration for Basti City in the,618243.0,Ministry of Road Transport & Highways,Roads & Highways,Uttar Pradesh,35.5
PF_GAP,WARNING,Physical-Financial gap of 55.0%,Construction of Raebareli Ring Road Phase-2 with four Lane configuration for,618244.0,Ministry of Road Transport & Highways,Roads & Highways,Uttar Pradesh,31.7
PF_GAP,WARNING,Physical-Financial gap of 22.0%,Widening to 4 lane from km. 139.00 to km 179.20 of NH-135A Pkg-III Jaunpur,618248.0,Ministry of Road Transport & Highways,Roads & Highways,Uttar Pradesh,21.2
EXPENDITURE_LAG,CRITICAL,Only 0% budget spent but 75% time elapsed,Widening to 4 lane from km. 108.50 to km 139.00 of NH-135A Pkg-II Jaunpur,618249.0,Ministry of Road Transport & Highways,Roads & Highways,Uttar Pradesh,31.1
PF_GAP,WARNING,Physical-Financial gap of 40.0%,Widening to 4 lane from km. 108.50 to km 139.00 of NH-135A Pkg-II Jaunpur,618249.0,Ministry of Road Transport & Highways,Roads & Highways,Uttar Pradesh,31.1
COST_ESCALATION,WARNING,Cost escalated by 38.0% from original,Improvement and Up-gradation to two Lane with Paved Shoulder/Four Lane,618252.0,Ministry of Road Transport & Highways,Roads & Highways,Uttar Pradesh,56.0
EXPENDITURE_LAG,CRITICAL,Only 0% budget spent but 73% time elapsed,Improvement and Up-gradation to two Lane with Paved Shoulder/Four Lane,618252.0,Ministry of Road Transport & Highways,Roads & Highways,Uttar Pradesh,56.0
PF_GAP,WARNING,Physical-Financial gap of 57.9%,Improvement and Up-gradation to two Lane with Paved Shoulder/Four Lane,618252.0,Ministry of Road Transport & Highways,Roads & Highways,Uttar Pradesh,56.0
PF_GAP,WARNING,Physical-Financial gap of 35.0%,Construction of Salempur bypass to 4LPS from km 64.000 of NH-727A Km 171.00 of,618260.0,Ministry of Road Transport & Highways,Roads & Highways,Uttar Pradesh,25.5
MULTI_MONTH_STAGNATION,CRITICAL,No progress improvement over multiple months,Construction of Deoria Bypass from existing Km. 27.140 to existing Km. 46.780,618262.0,Ministry of Road Transport & Highways,Roads & Highways,Uttar Pradesh,34.1
EXPENDITURE_LAG,CRITICAL,Only 22% budget spent but 111% time elapsed,Rehabilitation and Up-gradation to 2LPS from Km. 0.000 to Km. 7.800 and Km.,618263.0,Ministry of Road Transport & Highways,Roads & Highways,Uttar Pradesh,57.4
PF_GAP,WARNING,Physical-Financial gap of 58.9%,Rehabilitation and Up-gradation to 2LPS from Km. 0.000 to Km. 7.800 and Km.,618263.0,Ministry of Road Transport & Highways,Roads & Highways,Uttar Pradesh,57.4
MULTI_MONTH_STAGNATION,CRITICAL,No progress improvement over multiple months,Rehabilitation and Up-gradation to 2LPS from Km. 0.000 to Km. 7.800 and Km.,618263.0,Ministry of Road Transport & Highways,Roads & Highways,Uttar Pradesh,57.4
PF_GAP,WARNING,Physical-Financial gap of 30.2%,Widening and Strengthening to two Lane with Paved Shoulder/Four Lane with paved,618264.0,Ministry of Road Transport & Highways,Roads & Highways,Uttar Pradesh,17.8
EXPENDITURE_LAG,CRITICAL,Only 0% budget spent but 208% time elapsed,Rehabilitation and upgradation to 2-lane with paved sholuders configuration of,618265.0,Ministry of Road Transport & Highways,Roads & Highways,Uttar Pradesh,56.5
PF_GAP,WARNING,Physical-Financial gap of 91.9%,Rehabilitation and upgradation to 2-lane with paved sholuders configuration of,618265.0,Ministry of Road Transport & Highways,Roads & Highways,Uttar Pradesh,56.5
TIME_OVERRUN,WARNING,Delayed by 29 months,Rehabilitation and upgradation to 2-lane with paved sholuders configuration of,618265.0,Ministry of Road Transport & Highways,Roads & Highways,Uttar Pradesh,56.5
EXPENDITURE_LAG,CRITICAL,Only 0% budget spent but 192% time elapsed,Rehabilitation and upgradation to 2-lane with paved sholuders configuration of Bewar-,618266.0,Ministry of Road Transport & Highways,Roads & Highways,Uttar Pradesh,62.8
PF_GAP,WARNING,Physical-Financial gap of 99.0%,Rehabilitation and upgradation to 2-lane with paved sholuders configuration of Bewar-,618266.0,Ministry of Road Transport & Highways,Roads & Highways,Uttar Pradesh,62.8
ELEVATED_RISK_ML,WARNING,ML risk score: 63/100,Rehabilitation and upgradation to 2-lane with paved sholuders configuration of Bewar-,618266.0,Ministry of Road Transport & Highways,Roads & Highways,Uttar Pradesh,62.8
TIME_OVERRUN,WARNING,Delayed by 22 months,Rehabilitation and upgradation to 2-lane with paved sholuders configuration of Bewar-,618266.0,Ministry of Road Transport & Highways,Roads & Highways,Uttar Pradesh,62.8
MULTI_MONTH_STAGNATION,CRITICAL,No progress improvement over multiple months,Widening/Upgradation to four lane configuration of Shahjahanpur-Bisalpur section,618267.0,Ministry of Road Transport & Highways,Roads & Highways,Uttar Pradesh,23.2
EXPENDITURE_LAG,CRITICAL,Only 40% budget spent but 148% time elapsed,6L Elevated Kanpur - Lucknow Exeressway Pkg-1 from Km. 10980 to Km. 28500,618499.0,Ministry of Road Transport & Highways,Roads & Highways,Uttar Pradesh,51.0
PF_GAP,WARNING,Physical-Financial gap of 60.9%,6L Elevated Kanpur - Lucknow Exeressway Pkg-1 from Km. 10980 to Km. 28500,618499.0,Ministry of Road Transport & Highways,Roads & Highways,Uttar Pradesh,51.0
TIME_OVERRUN,WARNING,Delayed by 13 months,6L Elevated Kanpur - Lucknow Exeressway Pkg-1 from Km. 10980 to Km. 28500,618499.0,Ministry of Road Transport & Highways,Roads & Highways,Uttar Pradesh,51.0
PF_GAP,WARNING,Physical-Financial gap of 35.9%,Construction of 4L Connector from Delhi Meerut Expressway Km 50.000 of Pkg IV to,618500.0,Ministry of Road Transport & Highways,Roads & Highways,Uttar Pradesh,69.3
ELEVATED_RISK_ML,WARNING,ML risk score: 69/100,Construction of 4L Connector from Delhi Meerut Expressway Km 50.000 of Pkg IV to,618500.0,Ministry of Road Transport & Highways,Roads & Highways,Uttar Pradesh,69.3
TIME_OVERRUN,WARNING,Delayed by 29 months,Construction of 4L Connector from Delhi Meerut Expressway Km 50.000 of Pkg IV to,618500.0,Ministry of Road Transport & Highways,Roads & Highways,Uttar Pradesh,69.3
TIME_OVERRUN,CRITICAL,Delayed by 56 months,Varanasi Ring Road Pkg-II connecting Sandaha Village km 11.70 / NH-29 with,618529.0,Ministry of Road Transport & Highways,Roads & Highways,Uttar Pradesh,40.0
EXPENDITURE_LAG,CRITICAL,Only 22% budget spent but 70% time elapsed,Construction of Ring Road around Kanpur from Ch.68.650 to Ch.93.209 Jarkala to,618536.0,Ministry of Road Transport & Highways,Roads & Highways,Uttar Pradesh,21.7
PF_GAP,WARNING,Physical-Financial gap of 22.6%,Construction of Ring Road around Kanpur from Ch.68.650 to Ch.93.209 Jarkala to,618536.0,Ministry of Road Transport & Highways,Roads & Highways,Uttar Pradesh,21.7
EXPENDITURE_LAG,CRITICAL,Only 37% budget spent but 110% time elapsed,Construction of Ring Road around Kanpur from Km.000 to Km. 23.325 Chachendi,618537.0,Ministry of Road Transport & Highways,Roads & Highways,Uttar Pradesh,45.5
PF_GAP,WARNING,Physical-Financial gap of 34.8%,Construction of Ring Road around Kanpur from Km.000 to Km. 23.325 Chachendi,618537.0,Ministry of Road Transport & Highways,Roads & Highways,Uttar Pradesh,45.5
PF_GAP,WARNING,Physical-Financial gap of 26.7%,Construction of Ring Road around Kanpur from Ch.23.325 to Ch.32.090 Chaudhariya,618540.0,Ministry of Road Transport & Highways,Roads & Highways,Uttar Pradesh,13.8
PF_GAP,WARNING,Physical-Financial gap of 22.5%,Construction of left out portion of Agra Inner Ring Road connecting village Deori to,618554.0,Ministry of Road Transport & Highways,Roads & Highways,Uttar Pradesh,43.8
TIME_OVERRUN,WARNING,Delayed by 23 months,Construction of left out portion of Agra Inner Ring Road connecting village Deori to,618554.0,Ministry of Road Transport & Highways,Roads & Highways,Uttar Pradesh,43.8
PF_GAP,WARNING,Physical-Financial gap of 21.3%,4L Green Field Northern East side Gorakhpur Bypass 26.616 Kms starting from NH-,618566.0,Ministry of Road Transport & Highways,Roads & Highways,Uttar Pradesh,37.6
PF_GAP,WARNING,Physical-Financial gap of 21.1%,4/6L of Northern Ayodhya Bypass starting Km. 112.540 and ending Km. 139.928 north,618567.0,Ministry of Road Transport & Highways,Roads & Highways,Uttar Pradesh,15.7
PF_GAP,WARNING,Physical-Financial gap of 27.0%,4/6L Southern Ayodhya Bypass from Km 5.000 to Km 37.172 starting near Km.,618568.0,Ministry of Road Transport & Highways,Roads & Highways,Uttar Pradesh,22.0
PF_GAP,WARNING,Physical-Financial gap of 26.6%,4 -Laning of MP/UP Border to Kabarai section of NH-34&35 from km 197.000 to km,618669.0,Ministry of Road Transport & Highways,Roads & Highways,Uttar Pradesh,17.6
EXPENDITURE_LAG,CRITICAL,Only 35% budget spent but 75% time elapsed,4 lanning of Aligarh Palwal section from km 0.00 to km 46.39 package -1 from,618690.0,Ministry of Road Transport & Highways,Roads & Highways,Uttar Pradesh,39.3
TIME_OVERRUN,WARNING,Delayed by 33 months,DL/UP Border - EPE Crossing Pkg-02,618710.0,Ministry of Road Transport & Highways,Roads & Highways,Uttar Pradesh,50.3
MULTI_MONTH_STAGNATION,CRITICAL,No progress improvement over multiple months,DL/UP Border - EPE Crossing Pkg-02,618710.0,Ministry of Road Transport & Highways,Roads & Highways,Uttar Pradesh,50.3
PF_GAP,WARNING,Physical-Financial gap of 27.0%,6L access Controlled Greenfield Highway from Gogwan Jalalpur Shamli to Ranipur,618722.0,Ministry of Road Transport & Highways,Roads & Highways,Uttar Pradesh,44.5
TIME_OVERRUN,WARNING,Delayed by 22 months,6L access Controlled Greenfield Highway from Gogwan Jalalpur Shamli to Ranipur,618722.0,Ministry of Road Transport & Highways,Roads & Highways,Uttar Pradesh,44.5
TIME_OVERRUN,WARNING,Delayed by 18 months,4L Spur of Meerut-Garh-Mukteshwar section connecting NH-119 and NH-58,618761.0,Ministry of Road Transport & Highways,Roads & Highways,Uttar Pradesh,36.9
PF_GAP,WARNING,Physical-Financial gap of 37.0%,4L of Sonauli - Gorakhpur,618798.0,Ministry of Road Transport & Highways,Roads & Highways,Uttar Pradesh,46.7
TIME_OVERRUN,WARNING,Delayed by 18 months,4L of Sonauli - Gorakhpur,618798.0,Ministry of Road Transport & Highways,Roads & Highways,Uttar Pradesh,46.7
PF_GAP,WARNING,Physical-Financial gap of 22.0%,Construction of Underpass beneath airport runway on NH-31 old NH-56 for proposed,618848.0,Ministry of Road Transport & Highways,Roads & Highways,Uttar Pradesh,20.8
PF_GAP,WARNING,Physical-Financial gap of 21.6%,Improvement and Up-Gradation of Existing Road to 4L PS from Km 123.650 to,618856.0,Ministry of Road Transport & Highways,Roads & Highways,Uttar Pradesh,61.9
ELEVATED_RISK_ML,WARNING,ML risk score: 62/100,Improvement and Up-Gradation of Existing Road to 4L PS from Km 123.650 to,618856.0,Ministry of Road Transport & Highways,Roads & Highways,Uttar Pradesh,61.9
TIME_OVERRUN,WARNING,Delayed by 16 months,Improvement and Up-Gradation of Existing Road to 4L PS from Km 123.650 to,618856.0,Ministry of Road Transport & Highways,Roads & Highways,Uttar Pradesh,61.9
EXPENDITURE_LAG,CRITICAL,Only 39% budget spent but 133% time elapsed,Improvement and Up-Gradation of Existing Road to 4L PS from Km 88.750 to,618858.0,Ministry of Road Transport & Highways,Roads & Highways,Uttar Pradesh,46.1
PF_GAP,WARNING,Physical-Financial gap of 31.8%,Improvement and Up-Gradation of Existing Road to 4L PS from Km 88.750 to,618858.0,Ministry of Road Transport & Highways,Roads & Highways,Uttar Pradesh,46.1
TIME_OVERRUN,WARNING,Delayed by 14 months,Improvement and Up-Gradation of Existing Road to 4L PS from Km 88.750 to,618858.0,Ministry of Road Transport & Highways,Roads & Highways,Uttar Pradesh,46.1
PF_GAP,WARNING,Physical-Financial gap of 31.6%,Improvement and Up-Gradation of Existing Road to 4L PS from Km 229.070 to,618859.0,Ministry of Road Transport & Highways,Roads & Highways,Uttar Pradesh,53.2
TIME_OVERRUN,WARNING,Delayed by 22 months,Improvement and Up-Gradation of Existing Road to 4L PS from Km 229.070 to,618859.0,Ministry of Road Transport & Highways,Roads & Highways,Uttar Pradesh,53.2
MULTI_MONTH_STAGNATION,CRITICAL,No progress improvement over multiple months,Improvement and Up-Gradation of Existing Road to 4L PS from Km 229.070 to,618859.0,Ministry of Road Transport & Highways,Roads & Highways,Uttar Pradesh,53.2
PF_GAP,WARNING,Physical-Financial gap of 32.1%,4L from Devinagar Bypass End Existing Km. 208.000 of NH 530B/Design Km. 66.000,618868.0,Ministry of Road Transport & Highways,Roads & Highways,Uttar Pradesh,43.1
COST_ESCALATION,CRITICAL,Cost escalated by 66.6% from original,"Construction of 4/6 lane Highway of Southern Bareilly Bypass, starting at Ch. 237000",618869.0,Ministry of Road Transport & Highways,Roads & Highways,Uttar Pradesh,39.8
PF_GAP,WARNING,Physical-Financial gap of -38.9%,"Construction of 4/6 lane Highway of Southern Bareilly Bypass, starting at Ch. 237000",618869.0,Ministry of Road Transport & Highways,Roads & Highways,Uttar Pradesh,39.8
TIME_OVERRUN,WARNING,Delayed by 13 months,Construction of Four Lane Highway form Ghazipur- Ballia-UP/Bihar State Border,618883.0,Ministry of Road Transport & Highways,Roads & Highways,Uttar Pradesh,45.8
MULTI_MONTH_STAGNATION,CRITICAL,No progress improvement over multiple months,Construction of Four Lane Highway form Ghazipur- Ballia-UP/Bihar State Border,618883.0,Ministry of Road Transport & Highways,Roads & Highways,Uttar Pradesh,45.8
PF_GAP,WARNING,Physical-Financial gap of 46.4%,Construction of Four Lane Highway from Ghazipur- Ballia-UP/Bihar State Border,618884.0,Ministry of Road Transport & Highways,Roads & Highways,Uttar Pradesh,46.8
PF_GAP,WARNING,Physical-Financial gap of 44.3%,Construction of Four Lane Highway from Ghazipur- Ballia-UP/Bihar State Border,618885.0,Ministry of Road Transport & Highways,Roads & Highways,Uttar Pradesh,48.5
TIME_OVERRUN,WARNING,Delayed by 17 months,Construction of Four Lane Highway from Ghazipur- Ballia-UP/Bihar State Border,618885.0,Ministry of Road Transport & Highways,Roads & Highways,Uttar Pradesh,48.5
COST_ESCALATION,WARNING,Cost escalated by 17.2% from original,Varanasi Gorakhpur Section Packege IV from km. 149.540 to km. 215.160 Mau-,618893.0,Ministry of Road Transport & Highways,Roads & Highways,Uttar Pradesh,76.9
ELEVATED_RISK_ML,WARNING,ML risk score: 77/100,Varanasi Gorakhpur Section Packege IV from km. 149.540 to km. 215.160 Mau-,618893.0,Ministry of Road Transport & Highways,Roads & Highways,Uttar Pradesh,76.9
TIME_OVERRUN,CRITICAL,Delayed by 82 months,Varanasi Gorakhpur Section Packege IV from km. 149.540 to km. 215.160 Mau-,618893.0,Ministry of Road Transport & Highways,Roads & Highways,Uttar Pradesh,76.9
MULTI_MONTH_STAGNATION,CRITICAL,No progress improvement over multiple months,Varanasi Gorakhpur Section Packege IV from km. 149.540 to km. 215.160 Mau-,618893.0,Ministry of Road Transport & Highways,Roads & Highways,Uttar Pradesh,76.9
TIME_OVERRUN,WARNING,Delayed by 27 months,4L Greenfield Western Side spur of Rampur-Rudrapur Section from Km 0.000 to Km,618911.0,Ministry of Road Transport & Highways,Roads & Highways,Uttar Pradesh,50.6
MULTI_MONTH_STAGNATION,CRITICAL,No progress improvement over multiple months,4L Greenfield Western Side spur of Rampur-Rudrapur Section from Km 0.000 to Km,618911.0,Ministry of Road Transport & Highways,Roads & Highways,Uttar Pradesh,50.6
COST_ESCALATION,WARNING,Cost escalated by 18.3% from original,4L Behsuma at Km 39.250 Ex. Km 39240 To Bijnor at Km 78.810 Ex. Km 86590,618923.0,Ministry of Road Transport & Highways,Roads & Highways,Uttar Pradesh,60.9
ELEVATED_RISK_ML,WARNING,ML risk score: 61/100,4L Behsuma at Km 39.250 Ex. Km 39240 To Bijnor at Km 78.810 Ex. Km 86590,618923.0,Ministry of Road Transport & Highways,Roads & Highways,Uttar Pradesh,60.9
PF_GAP,WARNING,Physical-Financial gap of 28.8%,2L PS of Najibabad Kotdwar section from 112.575 to Km. 138.635 of NH 119,618924.0,Ministry of Road Transport & Highways,Roads & Highways,Uttar Pradesh,46.4
TIME_OVERRUN,WARNING,Delayed by 13 months,2L PS of Najibabad Kotdwar section from 112.575 to Km. 138.635 of NH 119,618924.0,Ministry of Road Transport & Highways,Roads & Highways,Uttar Pradesh,46.4
ELEVATED_RISK_ML,WARNING,ML risk score: 63/100,Bijnor-Kotawali,618925.0,Ministry of Road Transport & Highways,Roads & Highways,Uttar Pradesh,62.7
TIME_OVERRUN,CRITICAL,Delayed by 39 months,Bijnor-Kotawali,618925.0,Ministry of Road Transport & Highways,Roads & Highways,Uttar Pradesh,62.7
TIME_OVERRUN,WARNING,Delayed by 15 months,4L of Moradabad-Thakurdwara-Kashipur Section from Km. 0.000 to Km. 38.77 of NH-,618927.0,Ministry of Road Transport & Highways,Roads & Highways,Uttar Pradesh,38.8
PF_GAP,WARNING,Physical-Financial gap of 21.6%,4L of Moradabad western side spur connecting NH-734 & NH-24 from Km. 0.000 to,618929.0,Ministry of Road Transport & Highways,Roads & Highways,Uttar Pradesh,59.2
TIME_OVERRUN,WARNING,Delayed by 15 months,4L of Moradabad western side spur connecting NH-734 & NH-24 from Km. 0.000 to,618929.0,Ministry of Road Transport & Highways,Roads & Highways,Uttar Pradesh,59.2
TIME_OVERRUN,WARNING,Delayed by 23 months,6L access control Greenfield highway of Vill-Khyawari to Vill-Latifpur at Saharanpur,618968.0,Ministry of Road Transport & Highways,Roads & Highways,Uttar Pradesh,36.1
TIME_OVERRUN,WARNING,Delayed by 23 months,6L access control Greenfield highway of Vill-Lohadda to Vill-Karaunda Mahajan from,618970.0,Ministry of Road Transport & Highways,Roads & Highways,Uttar Pradesh,36.7
PF_GAP,WARNING,Physical-Financial gap of 23.7%,4L of Najibabad Bypass from Km. 105.423 to Km. 118.373 excluding 2.45 Km. of NH-,619162.0,Ministry of Road Transport & Highways,Roads & Highways,Uttar Pradesh,53.1
TIME_OVERRUN,WARNING,Delayed by 26 months,4L of Najibabad Bypass from Km. 105.423 to Km. 118.373 excluding 2.45 Km. of NH-,619162.0,Ministry of Road Transport & Highways,Roads & Highways,Uttar Pradesh,53.1
MULTI_MONTH_STAGNATION,CRITICAL,No progress improvement over multiple months,4L of Najibabad Bypass from Km. 105.423 to Km. 118.373 excluding 2.45 Km. of NH-,619162.0,Ministry of Road Transport & Highways,Roads & Highways,Uttar Pradesh,53.1
TIME_OVERRUN,WARNING,Delayed by 23 months,6L access controlled Greenfield highway of Junction of EPE Vill.-Mavikalan to Vill.-,619168.0,Ministry of Road Transport & Highways,Roads & Highways,Uttar Pradesh,47.2
MULTI_MONTH_STAGNATION,CRITICAL,No progress improvement over multiple months,6L access controlled Greenfield highway of Junction of EPE Vill.-Mavikalan to Vill.-,619168.0,Ministry of Road Transport & Highways,Roads & Highways,Uttar Pradesh,47.2
TIME_OVERRUN,WARNING,Delayed by 34 months,6L access-controlled highway from Ganeshpur tonear Mohand of Ganeshpur,619308.0,Ministry of Road Transport & Highways,Roads & Highways,Uttar Pradesh,46.9
MULTI_MONTH_STAGNATION,CRITICAL,No progress improvement over multiple months,6L access-controlled highway from Ganeshpur tonear Mohand of Ganeshpur,619308.0,Ministry of Road Transport & Highways,Roads & Highways,Uttar Pradesh,46.9
EXPENDITURE_LAG,CRITICAL,Only 0% budget spent but 258% time elapsed,Landslide treatment work on NH 58 from Kodiyala Km. 266.130 to Devprayag Km.,617888.0,Ministry of Road Transport & Highways,Roads & Highways,Uttarakhand,63.9
PF_GAP,WARNING,Physical-Financial gap of 99.0%,Landslide treatment work on NH 58 from Kodiyala Km. 266.130 to Devprayag Km.,617888.0,Ministry of Road Transport & Highways,Roads & Highways,Uttarakhand,63.9
ELEVATED_RISK_ML,WARNING,ML risk score: 64/100,Landslide treatment work on NH 58 from Kodiyala Km. 266.130 to Devprayag Km.,617888.0,Ministry of Road Transport & Highways,Roads & Highways,Uttarakhand,63.9
TIME_OVERRUN,WARNING,Delayed by 17 months,Landslide treatment work on NH 58 from Kodiyala Km. 266.130 to Devprayag Km.,617888.0,Ministry of Road Transport & Highways,Roads & Highways,Uttarakhand,63.9
MULTI_MONTH_STAGNATION,CRITICAL,No progress improvement over multiple months,Landslide treatment work on NH 58 from Kodiyala Km. 266.130 to Devprayag Km.,617888.0,Ministry of Road Transport & Highways,Roads & Highways,Uttarakhand,63.9
EXPENDITURE_LAG,CRITICAL,Only 0% budget spent but 325% time elapsed,Treatment of landslide zone from location no. 01 to 28 km 62.860 to 152.750 on NH-,617889.0,Ministry of Road Transport & Highways,Roads & Highways,Uttarakhand,57.0
PF_GAP,WARNING,Physical-Financial gap of 98.5%,Treatment of landslide zone from location no. 01 to 28 km 62.860 to 152.750 on NH-,617889.0,Ministry of Road Transport & Highways,Roads & Highways,Uttarakhand,57.0
TIME_OVERRUN,WARNING,Delayed by 25 months,Treatment of landslide zone from location no. 01 to 28 km 62.860 to 152.750 on NH-,617889.0,Ministry of Road Transport & Highways,Roads & Highways,Uttarakhand,57.0
PF_GAP,WARNING,Physical-Financial gap of 27.2%,Construction of 2 lane with paved shoulder of Kund Bypass from Design Km 35.130 to,617929.0,Ministry of Road Transport & Highways,Roads & Highways,Uttarakhand,58.9
TIME_OVERRUN,CRITICAL,Delayed by 79 months,Construction of 2 lane with paved shoulder of Kund Bypass from Design Km 35.130 to,617929.0,Ministry of Road Transport & Highways,Roads & Highways,Uttarakhand,58.9
MULTI_MONTH_STAGNATION,CRITICAL,No progress improvement over multiple months,Construction of 2 lane with paved shoulder of Kund Bypass from Design Km 35.130 to,617929.0,Ministry of Road Transport & Highways,Roads & Highways,Uttarakhand,58.9
PF_GAP,WARNING,Physical-Financial gap of 55.7%,Construction of Rudraprayag tunnel of length 900.30 MTR including approaches and,617967.0,Ministry of Road Transport & Highways,Roads & Highways,Uttarakhand,48.1
MULTI_MONTH_STAGNATION,CRITICAL,No progress improvement over multiple months,Construction of Rudraprayag tunnel of length 900.30 MTR including approaches and,617967.0,Ministry of Road Transport & Highways,Roads & Highways,Uttarakhand,48.1
TIME_OVERRUN,CRITICAL,Delayed by 49 months,Construction & Widening Including Augustmuni Bypass Ch-16.545 to Ch - 19.890 to,617968.0,Ministry of Road Transport & Highways,Roads & Highways,Uttarakhand,50.6
MULTI_MONTH_STAGNATION,CRITICAL,No progress improvement over multiple months,Construction & Widening Including Augustmuni Bypass Ch-16.545 to Ch - 19.890 to,617968.0,Ministry of Road Transport & Highways,Roads & Highways,Uttarakhand,50.6
PF_GAP,WARNING,Physical-Financial gap of 53.7%,Rehabilitation and upgradation of 2 lane with paved shoulder from existing km.,617974.0,Ministry of Road Transport & Highways,Roads & Highways,Uttarakhand,28.1
PF_GAP,WARNING,Physical-Financial gap of 31.8%,Widening to 2 Lane from Existing Chainage Km 74.700 Km 100.660 Design Chainage,618039.0,Ministry of Road Transport & Highways,Roads & Highways,Uttarakhand,23.3
EXPENDITURE_LAG,CRITICAL,Only 0% budget spent but 83% time elapsed,Rehabilitation and Upgradation to Two lanes with Paved Shoulders configuration and,618040.0,Ministry of Road Transport & Highways,Roads & Highways,Uttarakhand,39.5
PF_GAP,WARNING,Physical-Financial gap of 42.0%,Rehabilitation and Upgradation to Two lanes with Paved Shoulders configuration and,618040.0,Ministry of Road Transport & Highways,Roads & Highways,Uttarakhand,39.5
MULTI_MONTH_STAGNATION,CRITICAL,No progress improvement over multiple months,Rehabilitation and Upgradation to Two lanes with Paved Shoulders configuration and,618040.0,Ministry of Road Transport & Highways,Roads & Highways,Uttarakhand,39.5
MULTI_MONTH_STAGNATION,CRITICAL,No progress improvement over multiple months,Rehabilitation and upgrading to two lanes with paved shoulders and Strengthening of,618041.0,Ministry of Road Transport & Highways,Roads & Highways,Uttarakhand,23.9
EXPENDITURE_LAG,CRITICAL,Only 0% budget spent but 83% time elapsed,Rehabilitation and up-gradation to 2-lane configuration of Bageshwar to Kangarchina,618119.0,Ministry of Road Transport & Highways,Roads & Highways,Uttarakhand,31.0
PF_GAP,WARNING,Physical-Financial gap of 67.0%,Rehabilitation and up-gradation to 2-lane configuration of Bageshwar to Kangarchina,618119.0,Ministry of Road Transport & Highways,Roads & Highways,Uttarakhand,31.0
EXPENDITURE_LAG,CRITICAL,Only 0% budget spent but 73% time elapsed,Widening to 2-lane with Hard Shoulder configuration of Mana Ch. 0.00 to Mana Pass,618207.0,Ministry of Road Transport & Highways,Roads & Highways,Uttarakhand,36.0
PF_GAP,WARNING,Physical-Financial gap of 21.0%,Widening to 2-lane with Hard Shoulder configuration of Mana Ch. 0.00 to Mana Pass,618207.0,Ministry of Road Transport & Highways,Roads & Highways,Uttarakhand,36.0
MULTI_MONTH_STAGNATION,CRITICAL,No progress improvement over multiple months,Widening to 2-lane with Hard Shoulder configuration of Mana Ch. 0.00 to Mana Pass,618207.0,Ministry of Road Transport & Highways,Roads & Highways,Uttarakhand,36.0
EXPENDITURE_LAG,CRITICAL,Only 0% budget spent but 133% time elapsed,Construction & up gradation of existing road to 2-Lane with paved shoulder from,618209.0,Ministry of Road Transport & Highways,Roads & Highways,Uttarakhand,52.9
PF_GAP,WARNING,Physical-Financial gap of 37.2%,Construction & up gradation of existing road to 2-Lane with paved shoulder from,618209.0,Ministry of Road Transport & Highways,Roads & Highways,Uttarakhand,52.9
TIME_OVERRUN,WARNING,Delayed by 23 months,Construction & up gradation of existing road to 2-Lane with paved shoulder from,618209.0,Ministry of Road Transport & Highways,Roads & Highways,Uttarakhand,52.9
EXPENDITURE_LAG,CRITICAL,Only 0% budget spent but 238% time elapsed,Rehabilitation and upgradation of Askot-Lipulekh on EPC Basis for Phase-I Existing,618210.0,Ministry of Road Transport & Highways,Roads & Highways,Uttarakhand,65.2
PF_GAP,WARNING,Physical-Financial gap of 81.2%,Rehabilitation and upgradation of Askot-Lipulekh on EPC Basis for Phase-I Existing,618210.0,Ministry of Road Transport & Highways,Roads & Highways,Uttarakhand,65.2
ELEVATED_RISK_ML,WARNING,ML risk score: 65/100,Rehabilitation and upgradation of Askot-Lipulekh on EPC Basis for Phase-I Existing,618210.0,Ministry of Road Transport & Highways,Roads & Highways,Uttarakhand,65.2
TIME_OVERRUN,WARNING,Delayed by 31 months,Rehabilitation and upgradation of Askot-Lipulekh on EPC Basis for Phase-I Existing,618210.0,Ministry of Road Transport & Highways,Roads & Highways,Uttarakhand,65.2
MULTI_MONTH_STAGNATION,CRITICAL,No progress improvement over multiple months,Rehabilitation and upgradation of Askot-Lipulekh on EPC Basis for Phase-I Existing,618210.0,Ministry of Road Transport & Highways,Roads & Highways,Uttarakhand,65.2
EXPENDITURE_LAG,CRITICAL,Only 0% budget spent but 92% time elapsed,Improvement/construction of 2-lane with paved shoulder of Askote Llipulekh road from,618211.0,Ministry of Road Transport & Highways,Roads & Highways,Uttarakhand,49.1
PF_GAP,WARNING,Physical-Financial gap of 37.2%,Improvement/construction of 2-lane with paved shoulder of Askote Llipulekh road from,618211.0,Ministry of Road Transport & Highways,Roads & Highways,Uttarakhand,49.1
PF_GAP,WARNING,Physical-Financial gap of 22.0%,STABILIZATION OF LAND SLIDE AND SLOPE PROTECTION AT KM 11.00 TO KM,618212.0,Ministry of Road Transport & Highways,Roads & Highways,Uttarakhand,27.5
EXPENDITURE_LAG,CRITICAL,Only 0% budget spent but 383% time elapsed,Rehabilitation and Upgradation of road Rishikesh Dharasu Old NH-94 with 2-lane with,618213.0,Ministry of Road Transport & Highways,Roads & Highways,Uttarakhand,65.2
PF_GAP,WARNING,Physical-Financial gap of 96.5%,Rehabilitation and Upgradation of road Rishikesh Dharasu Old NH-94 with 2-lane with,618213.0,Ministry of Road Transport & Highways,Roads & Highways,Uttarakhand,65.2
ELEVATED_RISK_ML,WARNING,ML risk score: 65/100,Rehabilitation and Upgradation of road Rishikesh Dharasu Old NH-94 with 2-lane with,618213.0,Ministry of Road Transport & Highways,Roads & Highways,Uttarakhand,65.2
TIME_OVERRUN,CRITICAL,Delayed by 66 months,Rehabilitation and Upgradation of road Rishikesh Dharasu Old NH-94 with 2-lane with,618213.0,Ministry of Road Transport & Highways,Roads & Highways,Uttarakhand,65.2
MULTI_MONTH_STAGNATION,CRITICAL,No progress improvement over multiple months,Rehabilitation and Upgradation of road Rishikesh Dharasu Old NH-94 with 2-lane with,618213.0,Ministry of Road Transport & Highways,Roads & Highways,Uttarakhand,65.2
EXPENDITURE_LAG,CRITICAL,Only 0% budget spent but 307% time elapsed,Rehabilitation and upgradation to 2 lane / 2 lane with paved shoulder configuration for,618214.0,Ministry of Road Transport & Highways,Roads & Highways,Uttarakhand,65.5
PF_GAP,WARNING,Physical-Financial gap of 100.0%,Rehabilitation and upgradation to 2 lane / 2 lane with paved shoulder configuration for,618214.0,Ministry of Road Transport & Highways,Roads & Highways,Uttarakhand,65.5
ELEVATED_RISK_ML,WARNING,ML risk score: 66/100,Rehabilitation and upgradation to 2 lane / 2 lane with paved shoulder configuration for,618214.0,Ministry of Road Transport & Highways,Roads & Highways,Uttarakhand,65.5
TIME_OVERRUN,WARNING,Delayed by 35 months,Rehabilitation and upgradation to 2 lane / 2 lane with paved shoulder configuration for,618214.0,Ministry of Road Transport & Highways,Roads & Highways,Uttarakhand,65.5
MULTI_MONTH_STAGNATION,CRITICAL,No progress improvement over multiple months,Rehabilitation and upgradation to 2 lane / 2 lane with paved shoulder configuration for,618214.0,Ministry of Road Transport & Highways,Roads & Highways,Uttarakhand,65.5
EXPENDITURE_LAG,CRITICAL,Only 0% budget spent but 167% time elapsed,Rehabilitation & upgradation of existing road to 2-lane with hard shoulder from,618218.0,Ministry of Road Transport & Highways,Roads & Highways,Uttarakhand,55.4
PF_GAP,WARNING,Physical-Financial gap of 80.0%,Rehabilitation & upgradation of existing road to 2-lane with hard shoulder from,618218.0,Ministry of Road Transport & Highways,Roads & Highways,Uttarakhand,55.4
TIME_OVERRUN,WARNING,Delayed by 22 months,Rehabilitation & upgradation of existing road to 2-lane with hard shoulder from,618218.0,Ministry of Road Transport & Highways,Roads & Highways,Uttarakhand,55.4
EXPENDITURE_LAG,CRITICAL,Only 0% budget spent but 117% time elapsed,Upgradation to 2-lane with Hard shoulder configuration of Suraithota Ch. 29.725 km to,618219.0,Ministry of Road Transport & Highways,Roads & Highways,Uttarakhand,53.7
PF_GAP,WARNING,Physical-Financial gap of 76.7%,Upgradation to 2-lane with Hard shoulder configuration of Suraithota Ch. 29.725 km to,618219.0,Ministry of Road Transport & Highways,Roads & Highways,Uttarakhand,53.7
TIME_OVERRUN,CRITICAL,Delayed by 56 months,"Construction, Operation & Maintenance of 2-L Bi-directional Silkyara Bend- Barkot",618390.0,Ministry of Road Transport & Highways,Roads & Highways,Uttarakhand,44.7
PF_GAP,WARNING,Physical-Financial gap of 47.8%,"Construction for Mitigation Measures of 5 Nos. Landslides, 05 No. Sinking Zones and",618391.0,Ministry of Road Transport & Highways,Roads & Highways,Uttarakhand,47.9
TIME_OVERRUN,WARNING,Delayed by 14 months,"Construction for Mitigation Measures of 5 Nos. Landslides, 05 No. Sinking Zones and",618391.0,Ministry of Road Transport & Highways,Roads & Highways,Uttarakhand,47.9
EXPENDITURE_LAG,CRITICAL,Only 0% budget spent but 117% time elapsed,"Construction for Mitigation Measures of 5 Nos. Landslides, 5 Nos. Sinking Zones in",618392.0,Ministry of Road Transport & Highways,Roads & Highways,Uttarakhand,53.9
PF_GAP,WARNING,Physical-Financial gap of 68.5%,"Construction for Mitigation Measures of 5 Nos. Landslides, 5 Nos. Sinking Zones in",618392.0,Ministry of Road Transport & Highways,Roads & Highways,Uttarakhand,53.9
PF_GAP,WARNING,Physical-Financial gap of 45.6%,"Construction for Mitigation Measures of 10 Nos. Landslides, 01 No. Sinking Zones",618393.0,Ministry of Road Transport & Highways,Roads & Highways,Uttarakhand,30.8
TIME_OVERRUN,WARNING,Delayed by 34 months,4L of Haridwar Nagina section Design Ch. LME from km 13.829 to km 17.110 & km,618875.0,Ministry of Road Transport & Highways,Roads & Highways,Uttarakhand,49.3
MULTI_MONTH_STAGNATION,CRITICAL,No progress improvement over multiple months,4L of Haridwar Nagina section Design Ch. LME from km 13.829 to km 17.110 & km,618875.0,Ministry of Road Transport & Highways,Roads & Highways,Uttarakhand,49.3
PF_GAP,WARNING,Physical-Financial gap of -23.4%,Construction of 4-lane connectivity to Banbasa ICP at India Nepal border from NH-09,619142.0,Ministry of Road Transport & Highways,Roads & Highways,Uttarakhand,74.6
ELEVATED_RISK_ML,WARNING,ML risk score: 75/100,Construction of 4-lane connectivity to Banbasa ICP at India Nepal border from NH-09,619142.0,Ministry of Road Transport & Highways,Roads & Highways,Uttarakhand,74.6
TIME_OVERRUN,WARNING,Delayed by 31 months,Construction of 4-lane connectivity to Banbasa ICP at India Nepal border from NH-09,619142.0,Ministry of Road Transport & Highways,Roads & Highways,Uttarakhand,74.6
MULTI_MONTH_STAGNATION,CRITICAL,No progress improvement over multiple months,Construction of 4-lane connectivity to Banbasa ICP at India Nepal border from NH-09,619142.0,Ministry of Road Transport & Highways,Roads & Highways,Uttarakhand,74.6
PF_GAP,WARNING,Physical-Financial gap of 32.3%,Upgradation and 4L of Haridwar Bypass from Km 0.000 Km 188.100 of NH-58 to Km.,619155.0,Ministry of Road Transport & Highways,Roads & Highways,Uttarakhand,47.3
TIME_OVERRUN,WARNING,Delayed by 25 months,Upgradation and 4L of Haridwar Bypass from Km 0.000 Km 188.100 of NH-58 to Km.,619155.0,Ministry of Road Transport & Highways,Roads & Highways,Uttarakhand,47.3
PF_GAP,WARNING,Physical-Financial gap of 26.3%,4L Medinipur to Ballupur from Km. 458.65 to Km. 487.65 of NH-07Pkg-2,619292.0,Ministry of Road Transport & Highways,Roads & Highways,Uttarakhand,53.3
TIME_OVERRUN,WARNING,Delayed by 18 months,4L Medinipur to Ballupur from Km. 458.65 to Km. 487.65 of NH-07Pkg-2,619292.0,Ministry of Road Transport & Highways,Roads & Highways,Uttarakhand,53.3
MULTI_MONTH_STAGNATION,CRITICAL,No progress improvement over multiple months,4L Medinipur to Ballupur from Km. 458.65 to Km. 487.65 of NH-07Pkg-2,619292.0,Ministry of Road Transport & Highways,Roads & Highways,Uttarakhand,53.3
PF_GAP,WARNING,Physical-Financial gap of 36.0%,Construction of 4 Lane Access Controlled Bypass for Dehradun on NH307 from,619293.0,Ministry of Road Transport & Highways,Roads & Highways,Uttarakhand,13.6
MULTI_MONTH_STAGNATION,CRITICAL,No progress improvement over multiple months,Four/Six laning of Bhaniyawala-Jollygrant-Rishikesh spur section of NH-07 from Km.,619295.0,Ministry of Road Transport & Highways,Roads & Highways,Uttarakhand,22.8
MULTI_MONTH_STAGNATION,CRITICAL,No progress improvement over multiple months,Construction of additional major Bridge with 4- lane configuration of length 1.48 km on,617893.0,Ministry of Road Transport & Highways,Roads & Highways,West Bengal,23.0
PF_GAP,WARNING,Physical-Financial gap of 22.3%,Construction or 4 lane Raniganj Bypass of length 5.261 km on NH-60 new NH-14,617894.0,Ministry of Road Transport & Highways,Roads & Highways,West Bengal,42.2
TIME_OVERRUN,WARNING,Delayed by 14 months,Construction or 4 lane Raniganj Bypass of length 5.261 km on NH-60 new NH-14,617894.0,Ministry of Road Transport & Highways,Roads & Highways,West Bengal,42.2
EXPENDITURE_LAG,CRITICAL,Only 15% budget spent but 154% time elapsed,Construction of ROB and its approaches in lieu of LC No. 10/B/T at Km 307.050 of,617931.0,Ministry of Road Transport & Highways,Roads & Highways,West Bengal,44.8
PROGRESS_STAGNATION,CRITICAL,Only 17% progress with 154% time elapsed,Construction of ROB and its approaches in lieu of LC No. 10/B/T at Km 307.050 of,617931.0,Ministry of Road Transport & Highways,Roads & Highways,West Bengal,44.8
TIME_OVERRUN,WARNING,Delayed by 26 months,Construction of ROB and its approaches in lieu of LC No. 10/B/T at Km 307.050 of,617931.0,Ministry of Road Transport & Highways,Roads & Highways,West Bengal,44.8
ELEVATED_RISK_ML,WARNING,ML risk score: 70/100,Construction of new road at the missing link portion of NH-81 along approved,617960.0,Ministry of Road Transport & Highways,Roads & Highways,West Bengal,70.1
TIME_OVERRUN,CRITICAL,Delayed by 95 months,Construction of new road at the missing link portion of NH-81 along approved,617960.0,Ministry of Road Transport & Highways,Roads & Highways,West Bengal,70.1
MULTI_MONTH_STAGNATION,CRITICAL,No progress improvement over multiple months,Construction of new road at the missing link portion of NH-81 along approved,617960.0,Ministry of Road Transport & Highways,Roads & Highways,West Bengal,70.1
ELEVATED_RISK_ML,WARNING,ML risk score: 62/100,Development to 4/6-lanning of NH-31 New NH-10 with both side service roads from,618227.0,Ministry of Road Transport & Highways,Roads & Highways,West Bengal,61.8
TIME_OVERRUN,WARNING,Delayed by 18 months,Development to 4/6-lanning of NH-31 New NH-10 with both side service roads from,618227.0,Ministry of Road Transport & Highways,Roads & Highways,West Bengal,61.8
TIME_OVERRUN,CRITICAL,Delayed by 44 months,Construction & upgradation of existing road to 2-lane with paved shoulder including,618427.0,Ministry of Road Transport & Highways,Roads & Highways,West Bengal,47.3
MULTI_MONTH_STAGNATION,CRITICAL,No progress improvement over multiple months,Construction & upgradation of existing road to 2-lane with paved shoulder including,618427.0,Ministry of Road Transport & Highways,Roads & Highways,West Bengal,47.3
PF_GAP,WARNING,Physical-Financial gap of -24.0%,Construction & upgradation of existing road to 2-lane with paved shoulder including,618429.0,Ministry of Road Transport & Highways,Roads & Highways,West Bengal,75.3
ELEVATED_RISK_ML,WARNING,ML risk score: 75/100,Construction & upgradation of existing road to 2-lane with paved shoulder including,618429.0,Ministry of Road Transport & Highways,Roads & Highways,West Bengal,75.3
TIME_OVERRUN,CRITICAL,Delayed by 52 months,Construction & upgradation of existing road to 2-lane with paved shoulder including,618429.0,Ministry of Road Transport & Highways,Roads & Highways,West Bengal,75.3
MULTI_MONTH_STAGNATION,CRITICAL,No progress improvement over multiple months,Construction & upgradation of existing road to 2-lane with paved shoulder including,618429.0,Ministry of Road Transport & Highways,Roads & Highways,West Bengal,75.3
PF_GAP,WARNING,Physical-Financial gap of 34.2%,Construction of alternative highway to Gangtok in Sikkim via Bagrakot -Chuikhim-,618430.0,Ministry of Road Transport & Highways,Roads & Highways,West Bengal,57.1
TIME_OVERRUN,CRITICAL,Delayed by 52 months,Construction of alternative highway to Gangtok in Sikkim via Bagrakot -Chuikhim-,618430.0,Ministry of Road Transport & Highways,Roads & Highways,West Bengal,57.1
MULTI_MONTH_STAGNATION,CRITICAL,No progress improvement over multiple months,Construction of alternative highway to Gangtok in Sikkim via Bagrakot -Chuikhim-,618430.0,Ministry of Road Transport & Highways,Roads & Highways,West Bengal,57.1
TIME_OVERRUN,CRITICAL,Delayed by 44 months,Construction of alternative highway to Gangtok in Sikkim via Bagrakot -Chuikhim-,618431.0,Ministry of Road Transport & Highways,Roads & Highways,West Bengal,48.5
MULTI_MONTH_STAGNATION,CRITICAL,No progress improvement over multiple months,Construction of alternative highway to Gangtok in Sikkim via Bagrakot -Chuikhim-,618431.0,Ministry of Road Transport & Highways,Roads & Highways,West Bengal,48.5
PF_GAP,WARNING,Physical-Financial gap of 35.7%,Balance Works of 4L of NH-31D from Km. 113.200 to Km. 154.854 Package-II A,618574.0,Ministry of Road Transport & Highways,Roads & Highways,West Bengal,15.5
EXPENDITURE_LAG,CRITICAL,Only 36% budget spent but 90% time elapsed,6L Elevated Kona Expressway from Km. 0.145 to Km. 7.337 of NH-117,618808.0,Ministry of Road Transport & Highways,Roads & Highways,West Bengal,37.7
EXPENDITURE_LAG,CRITICAL,Only 28% budget spent but 139% time elapsed,4 laning of Barasat - Barajaguli Section of NH-12 from Km. 31.000 to Km. 48.679 in,618823.0,Ministry of Road Transport & Highways,Roads & Highways,West Bengal,45.0
TIME_OVERRUN,WARNING,Delayed by 20 months,4 laning of Barasat - Barajaguli Section of NH-12 from Km. 31.000 to Km. 48.679 in,618823.0,Ministry of Road Transport & Highways,Roads & Highways,West Bengal,45.0
EXPENDITURE_LAG,CRITICAL,Only 33% budget spent but 144% time elapsed,Development to 4-laning of the de-scoped stretches from Km 115.342 to Km 191.700,618824.0,Ministry of Road Transport & Highways,Roads & Highways,West Bengal,45.7
PF_GAP,WARNING,Physical-Financial gap of 22.7%,Development to 4-laning of the de-scoped stretches from Km 115.342 to Km 191.700,618824.0,Ministry of Road Transport & Highways,Roads & Highways,West Bengal,45.7
TIME_OVERRUN,WARNING,Delayed by 17 months,Development to 4-laning of the de-scoped stretches from Km 115.342 to Km 191.700,618824.0,Ministry of Road Transport & Highways,Roads & Highways,West Bengal,45.7
ELEVATED_RISK_ML,WARNING,ML risk score: 67/100,Bridge over Ganga River at d/s of Farraka Barrage including Approaches connecting,618825.0,Ministry of Road Transport & Highways,Roads & Highways,West Bengal,67.0
TIME_OVERRUN,CRITICAL,Delayed by 57 months,Bridge over Ganga River at d/s of Farraka Barrage including Approaches connecting,618825.0,Ministry of Road Transport & Highways,Roads & Highways,West Bengal,67.0
MULTI_MONTH_STAGNATION,CRITICAL,No progress improvement over multiple months,Bridge over Ganga River at d/s of Farraka Barrage including Approaches connecting,618825.0,Ministry of Road Transport & Highways,Roads & Highways,West Bengal,67.0
PF_GAP,WARNING,Physical-Financial gap of 20.5%,Slope protection and landslide mitigation at 4 vulnerable locations km 1.950 to Km,619187.0,Ministry of Road Transport & Highways,Roads & Highways,West Bengal,22.1
TIME_OVERRUN,CRITICAL,Delayed by 79 months,SETTING UP OF PHYSICAL INFRASTRUCTURE FOR THE NATIONAL INSTITUTE,709859.0,Department of Telecommunications,Telecommunication,Delhi,47.7
MULTI_MONTH_STAGNATION,CRITICAL,No progress improvement over multiple months,SETTING UP OF PHYSICAL INFRASTRUCTURE FOR THE NATIONAL INSTITUTE,709859.0,Department of Telecommunications,Telecommunication,Delhi,47.7
PF_GAP,WARNING,Physical-Financial gap of 82.6%,Provision of 4G based Mobile Services in Uncovered Villages and National Highways,701598.0,Department of Telecommunications,Telecommunication,Meghalaya,60.0
ELEVATED_RISK_ML,WARNING,ML risk score: 60/100,Provision of 4G based Mobile Services in Uncovered Villages and National Highways,701598.0,Department of Telecommunications,Telecommunication,Meghalaya,60.0
TIME_OVERRUN,CRITICAL,Delayed by 51 months,Provision of 4G based Mobile Services in Uncovered Villages and National Highways,701598.0,Department of Telecommunications,Telecommunication,Meghalaya,60.0
MULTI_MONTH_STAGNATION,CRITICAL,No progress improvement over multiple months,Provision of 4G based Mobile Services in Uncovered Villages and National Highways,701598.0,Department of Telecommunications,Telecommunication,Meghalaya,60.0
EXPENDITURE_LAG,CRITICAL,Only 20% budget spent but 234% time elapsed,Mobile connectivity in Left Wing Extremism [LWE] affected areas-Phase 1,617413.0,Department of Telecommunications,Telecommunication,"Multi-States
(Andhra Pradesh,
Bihar,
Chhattisgarh,
Jharkhand,
Madhya Pradesh,
Maharashtra,
Odisha,
Telangana, Uttar
Pradesh, West
Bengal)",55.2
PF_GAP,WARNING,Physical-Financial gap of 79.3%,Mobile connectivity in Left Wing Extremism [LWE] affected areas-Phase 1,617413.0,Department of Telecommunications,Telecommunication,"Multi-States
(Andhra Pradesh,
Bihar,
Chhattisgarh,
Jharkhand,
Madhya Pradesh,
Maharashtra,
Odisha,
Telangana, Uttar
Pradesh, West
Bengal)",55.2
TIME_OVERRUN,WARNING,Delayed by 19 months,Mobile connectivity in Left Wing Extremism [LWE] affected areas-Phase 1,617413.0,Department of Telecommunications,Telecommunication,"Multi-States
(Andhra Pradesh,
Bihar,
Chhattisgarh,
Jharkhand,
Madhya Pradesh,
Maharashtra,
Odisha,
Telangana, Uttar
Pradesh, West
Bengal)",55.2
PF_GAP,WARNING,Physical-Financial gap of 58.8%,Mobile connectivity in Left Wing Extremism [LWE] affected areas-Phase2,701599.0,Department of Telecommunications,Telecommunication,"Multi-States
(Andhra Pradesh,
Bihar,
Chhattisgarh,
Jharkhand,
Madhya Pradesh,
Maharashtra,
Odisha,
Telangana, Uttar
Pradesh, West
Bengal)",52.9
TIME_OVERRUN,CRITICAL,Delayed by 44 months,Mobile connectivity in Left Wing Extremism [LWE] affected areas-Phase2,701599.0,Department of Telecommunications,Telecommunication,"Multi-States
(Andhra Pradesh,
Bihar,
Chhattisgarh,
Jharkhand,
Madhya Pradesh,
Maharashtra,
Odisha,
Telangana, Uttar
Pradesh, West
Bengal)",52.9
PF_GAP,WARNING,Physical-Financial gap of 51.4%,"Provision of 4G based mobile services in 7,287 uncovered villages of 44 Aspirational",701602.0,Department of Telecommunications,Telecommunication,"Multi-States
(Andhra Pradesh,
Chhattisgarh,
Jharkhand,
Maharashtra,
Odisha)",61.2
ELEVATED_RISK_ML,WARNING,ML risk score: 61/100,"Provision of 4G based mobile services in 7,287 uncovered villages of 44 Aspirational",701602.0,Department of Telecommunications,Telecommunication,"Multi-States
(Andhra Pradesh,
Chhattisgarh,
Jharkhand,
Maharashtra,
Odisha)",61.2
TIME_OVERRUN,CRITICAL,Delayed by 38 months,"Provision of 4G based mobile services in 7,287 uncovered villages of 44 Aspirational",701602.0,Department of Telecommunications,Telecommunication,"Multi-States
(Andhra Pradesh,
Chhattisgarh,
Jharkhand,
Maharashtra,
Odisha)",61.2
MULTI_MONTH_STAGNATION,CRITICAL,No progress improvement over multiple months,"Provision of 4G based mobile services in 7,287 uncovered villages of 44 Aspirational",701602.0,Department of Telecommunications,Telecommunication,"Multi-States
(Andhra Pradesh,
Chhattisgarh,
Jharkhand,
Maharashtra,
Odisha)",61.2
PF_GAP,WARNING,Physical-Financial gap of 80.9%,Provision of 4G Mobile Services in Uncovered Villages of Arunachal Pradesh and 2,701597.0,Department of Telecommunications,Telecommunication,"Multi-States
(Arunachal
Pradesh, Assam)",60.4
ELEVATED_RISK_ML,WARNING,ML risk score: 60/100,Provision of 4G Mobile Services in Uncovered Villages of Arunachal Pradesh and 2,701597.0,Department of Telecommunications,Telecommunication,"Multi-States
(Arunachal
Pradesh, Assam)",60.4
TIME_OVERRUN,CRITICAL,Delayed by 41 months,Provision of 4G Mobile Services in Uncovered Villages of Arunachal Pradesh and 2,701597.0,Department of Telecommunications,Telecommunication,"Multi-States
(Arunachal
Pradesh, Assam)",60.4
MULTI_MONTH_STAGNATION,CRITICAL,No progress improvement over multiple months,Provision of 4G Mobile Services in Uncovered Villages of Arunachal Pradesh and 2,701597.0,Department of Telecommunications,Telecommunication,"Multi-States
(Arunachal
Pradesh, Assam)",60.4
PF_GAP,WARNING,Physical-Financial gap of 63.3%,"502 Aspirational District Scheme in Four states - Bihar, Madhya Pradesh, Rajastha",704495.0,Department of Telecommunications,Telecommunication,"Multi-States
(Bihar, Madhya
Pradesh,
Rajasthan, Uttar
Pradesh)",61.3
ELEVATED_RISK_ML,WARNING,ML risk score: 61/100,"502 Aspirational District Scheme in Four states - Bihar, Madhya Pradesh, Rajastha",704495.0,Department of Telecommunications,Telecommunication,"Multi-States
(Bihar, Madhya
Pradesh,
Rajasthan, Uttar
Pradesh)",61.3
TIME_OVERRUN,CRITICAL,Delayed by 51 months,"502 Aspirational District Scheme in Four states - Bihar, Madhya Pradesh, Rajastha",704495.0,Department of Telecommunications,Telecommunication,"Multi-States
(Bihar, Madhya
Pradesh,
Rajasthan, Uttar
Pradesh)",61.3
MULTI_MONTH_STAGNATION,CRITICAL,No progress improvement over multiple months,"502 Aspirational District Scheme in Four states - Bihar, Madhya Pradesh, Rajastha",704495.0,Department of Telecommunications,Telecommunication,"Multi-States
(Bihar, Madhya
Pradesh,
Rajasthan, Uttar
Pradesh)",61.3
PF_GAP,WARNING,Physical-Financial gap of 26.6%,Amended BharatNet Program - PB,171218.0,Department of Telecommunications,Telecommunication,PAN India,26.9
PF_GAP,WARNING,Physical-Financial gap of 54.6%,Saturation 4G mobile coverage of Uncovered Villages through USOF,400013.0,Department of Telecommunications,Telecommunication,PAN India,51.7
TIME_OVERRUN,WARNING,Delayed by 33 months,Saturation 4G mobile coverage of Uncovered Villages through USOF,400013.0,Department of Telecommunications,Telecommunication,PAN India,51.7
PF_GAP,WARNING,Physical-Financial gap of 66.4%,4G Services by BSNL,701593.0,Department of Telecommunications,Telecommunication,PAN India,58.3
TIME_OVERRUN,WARNING,Delayed by 24 months,4G Services by BSNL,701593.0,Department of Telecommunications,Telecommunication,PAN India,58.3
MULTI_MONTH_STAGNATION,CRITICAL,No progress improvement over multiple months,4G Services by BSNL,701593.0,Department of Telecommunications,Telecommunication,PAN India,58.3
PF_GAP,WARNING,Physical-Financial gap of 20.1%,BharatNet,706775.0,Department of Telecommunications,Telecommunication,PAN India,9.0
PF_GAP,WARNING,Physical-Financial gap of 28.9%,MPLS-IP BASED ACCESS AND AGGREGATION NETWORK [MAAN] IN BSNL,709856.0,Department of Telecommunications,Telecommunication,PAN India,55.5
TIME_OVERRUN,WARNING,Delayed by 24 months,MPLS-IP BASED ACCESS AND AGGREGATION NETWORK [MAAN] IN BSNL,709856.0,Department of Telecommunications,Telecommunication,PAN India,55.5
MULTI_MONTH_STAGNATION,CRITICAL,No progress improvement over multiple months,MPLS-IP BASED ACCESS AND AGGREGATION NETWORK [MAAN] IN BSNL,709856.0,Department of Telecommunications,Telecommunication,PAN India,55.5
EXPENDITURE_LAG,CRITICAL,Only 37% budget spent but 163% time elapsed,"Planning, Engineering, Supply, Installation, Testing, Commissioning, Integration &",709857.0,Department of Telecommunications,Telecommunication,PAN India,58.6
PF_GAP,WARNING,Physical-Financial gap of 61.2%,"Planning, Engineering, Supply, Installation, Testing, Commissioning, Integration &",709857.0,Department of Telecommunications,Telecommunication,PAN India,58.6
TIME_OVERRUN,WARNING,Delayed by 15 months,"Planning, Engineering, Supply, Installation, Testing, Commissioning, Integration &",709857.0,Department of Telecommunications,Telecommunication,PAN India,58.6
MULTI_MONTH_STAGNATION,CRITICAL,No progress improvement over multiple months,"Planning, Engineering, Supply, Installation, Testing, Commissioning, Integration &",709857.0,Department of Telecommunications,Telecommunication,PAN India,58.6
EXPENDITURE_LAG,CRITICAL,Only 31% budget spent but 154% time elapsed,Interception and Diversion and STP works in Bhagalpur under Hybrid annuity based,616600.0,"Department of Water Resources, River Development & GR",Waste & Water,Bihar,58.6
PF_GAP,WARNING,Physical-Financial gap of 66.4%,Interception and Diversion and STP works in Bhagalpur under Hybrid annuity based,616600.0,"Department of Water Resources, River Development & GR",Waste & Water,Bihar,58.6
TIME_OVERRUN,WARNING,Delayed by 22 months,Interception and Diversion and STP works in Bhagalpur under Hybrid annuity based,616600.0,"Department of Water Resources, River Development & GR",Waste & Water,Bihar,58.6
MULTI_MONTH_STAGNATION,CRITICAL,No progress improvement over multiple months,Interception and Diversion and STP works in Bhagalpur under Hybrid annuity based,616600.0,"Department of Water Resources, River Development & GR",Waste & Water,Bihar,58.6
EXPENDITURE_LAG,CRITICAL,Only 30% budget spent but 112% time elapsed,Sewage Treatment Plant 50MLD and Sewerage Network 150 km in Kankarbagh,616612.0,"Department of Water Resources, River Development & GR",Waste & Water,Bihar,32.3
PF_GAP,WARNING,Physical-Financial gap of 24.8%,Sewage Treatment Plant 50MLD and Sewerage Network 150 km in Kankarbagh,616612.0,"Department of Water Resources, River Development & GR",Waste & Water,Bihar,32.3
MULTI_MONTH_STAGNATION,CRITICAL,No progress improvement over multiple months,Sewage Treatment Plant 50MLD and Sewerage Network 150 km in Kankarbagh,616612.0,"Department of Water Resources, River Development & GR",Waste & Water,Bihar,32.3
TIME_OVERRUN,WARNING,Delayed by 20 months,"Sewer Network, SPS and STP at Begusarai",616615.0,"Department of Water Resources, River Development & GR",Waste & Water,Bihar,36.6
MULTI_MONTH_STAGNATION,CRITICAL,No progress improvement over multiple months,"Sewer Network, SPS and STP at Begusarai",616615.0,"Department of Water Resources, River Development & GR",Waste & Water,Bihar,36.6
TIME_OVERRUN,WARNING,Delayed by 18 months,"Sewer Networks, SPS and STP at Hajipur",616616.0,"Department of Water Resources, River Development & GR",Waste & Water,Bihar,35.6
MULTI_MONTH_STAGNATION,CRITICAL,No progress improvement over multiple months,"Sewer Networks, SPS and STP at Hajipur",616616.0,"Department of Water Resources, River Development & GR",Waste & Water,Bihar,35.6
EXPENDITURE_LAG,CRITICAL,Only 25% budget spent but 171% time elapsed,Interception & Diversion with Rehabilitation of sewerage scheme at Agra under Hybrid,616594.0,"Department of Water Resources, River Development & GR",Waste & Water,Uttar Pradesh,53.0
PF_GAP,WARNING,Physical-Financial gap of 59.2%,Interception & Diversion with Rehabilitation of sewerage scheme at Agra under Hybrid,616594.0,"Department of Water Resources, River Development & GR",Waste & Water,Uttar Pradesh,53.0
TIME_OVERRUN,WARNING,Delayed by 20 months,Interception & Diversion with Rehabilitation of sewerage scheme at Agra under Hybrid,616594.0,"Department of Water Resources, River Development & GR",Waste & Water,Uttar Pradesh,53.0
EXPENDITURE_LAG,CRITICAL,Only 5% budget spent but 2230% time elapsed,Pollution Abatement Works for River Kali Meerut under Meerut Municipality,616605.0,"Department of Water Resources, River Development & GR",Waste & Water,Uttar Pradesh,57.8
PF_GAP,WARNING,Physical-Financial gap of 52.0%,Pollution Abatement Works for River Kali Meerut under Meerut Municipality,616605.0,"Department of Water Resources, River Development & GR",Waste & Water,Uttar Pradesh,57.8
TIME_OVERRUN,WARNING,Delayed by 27 months,Pollution Abatement Works for River Kali Meerut under Meerut Municipality,616605.0,"Department of Water Resources, River Development & GR",Waste & Water,Uttar Pradesh,57.8
PF_GAP,WARNING,Physical-Financial gap of 28.1%,Pollution Abatement works for River Ganga at Hooghly Chinsurah- Municipal Town,616604.0,"Department of Water Resources, River Development & GR",Waste & Water,West Bengal,41.5
TIME_OVERRUN,WARNING,Delayed by 17 months,Pollution Abatement works for River Ganga at Hooghly Chinsurah- Municipal Town,616604.0,"Department of Water Resources, River Development & GR",Waste & Water,West Bengal,41.5
COST_ESCALATION,CRITICAL,Cost escalated by 189.8% from original,Sardar Gouthu Latchanna Thotapalli Barrage Project,400100.0,"Department of Water Resources, River Development & GR",Water Resources,Andhra Pradesh,84.8
PF_GAP,WARNING,Physical-Financial gap of -153.1%,Sardar Gouthu Latchanna Thotapalli Barrage Project,400100.0,"Department of Water Resources, River Development & GR",Water Resources,Andhra Pradesh,84.8
HIGH_RISK_ML,CRITICAL,ML risk score: 85/100,Sardar Gouthu Latchanna Thotapalli Barrage Project,400100.0,"Department of Water Resources, River Development & GR",Water Resources,Andhra Pradesh,84.8
TIME_OVERRUN,CRITICAL,Delayed by 78 months,Sardar Gouthu Latchanna Thotapalli Barrage Project,400100.0,"Department of Water Resources, River Development & GR",Water Resources,Andhra Pradesh,84.8
MULTI_MONTH_STAGNATION,CRITICAL,No progress improvement over multiple months,Sardar Gouthu Latchanna Thotapalli Barrage Project,400100.0,"Department of Water Resources, River Development & GR",Water Resources,Andhra Pradesh,84.8
COST_ESCALATION,CRITICAL,Cost escalated by 75.5% from original,Gundlakamma project,400101.0,"Department of Water Resources, River Development & GR",Water Resources,Andhra Pradesh,83.8
PF_GAP,WARNING,Physical-Financial gap of -58.9%,Gundlakamma project,400101.0,"Department of Water Resources, River Development & GR",Water Resources,Andhra Pradesh,83.8
HIGH_RISK_ML,CRITICAL,ML risk score: 84/100,Gundlakamma project,400101.0,"Department of Water Resources, River Development & GR",Water Resources,Andhra Pradesh,83.8
TIME_OVERRUN,CRITICAL,Delayed by 87 months,Gundlakamma project,400101.0,"Department of Water Resources, River Development & GR",Water Resources,Andhra Pradesh,83.8
MULTI_MONTH_STAGNATION,CRITICAL,No progress improvement over multiple months,Gundlakamma project,400101.0,"Department of Water Resources, River Development & GR",Water Resources,Andhra Pradesh,83.8
COST_ESCALATION,CRITICAL,Cost escalated by 447.2% from original,Polavaram Irrigation Project,701415.0,"Department of Water Resources, River Development & GR",Water Resources,Andhra Pradesh,87.7
PF_GAP,WARNING,Physical-Financial gap of -189.3%,Polavaram Irrigation Project,701415.0,"Department of Water Resources, River Development & GR",Water Resources,Andhra Pradesh,87.7
HIGH_RISK_ML,CRITICAL,ML risk score: 88/100,Polavaram Irrigation Project,701415.0,"Department of Water Resources, River Development & GR",Water Resources,Andhra Pradesh,87.7
TIME_OVERRUN,CRITICAL,Delayed by 47 months,Polavaram Irrigation Project,701415.0,"Department of Water Resources, River Development & GR",Water Resources,Andhra Pradesh,87.7
MULTI_MONTH_STAGNATION,CRITICAL,No progress improvement over multiple months,Polavaram Irrigation Project,701415.0,"Department of Water Resources, River Development & GR",Water Resources,Andhra Pradesh,87.7
EXPENDITURE_LAG,CRITICAL,Only 17% budget spent but 114% time elapsed,Borolia Irrigation Project,701370.0,"Department of Water Resources, River Development & GR",Water Resources,Assam,57.3
PF_GAP,WARNING,Physical-Financial gap of 38.0%,Borolia Irrigation Project,701370.0,"Department of Water Resources, River Development & GR",Water Resources,Assam,57.3
TIME_OVERRUN,CRITICAL,Delayed by 39 months,Borolia Irrigation Project,701370.0,"Department of Water Resources, River Development & GR",Water Resources,Assam,57.3
MULTI_MONTH_STAGNATION,CRITICAL,No progress improvement over multiple months,Borolia Irrigation Project,701370.0,"Department of Water Resources, River Development & GR",Water Resources,Assam,57.3
COST_ESCALATION,CRITICAL,Cost escalated by 58.1% from original,Kelo Irrigation Project,400111.0,"Department of Water Resources, River Development & GR",Water Resources,Chhattisgarh,79.1
PF_GAP,WARNING,Physical-Financial gap of -61.8%,Kelo Irrigation Project,400111.0,"Department of Water Resources, River Development & GR",Water Resources,Chhattisgarh,79.1
ELEVATED_RISK_ML,WARNING,ML risk score: 79/100,Kelo Irrigation Project,400111.0,"Department of Water Resources, River Development & GR",Water Resources,Chhattisgarh,79.1
TIME_OVERRUN,CRITICAL,Delayed by 78 months,Kelo Irrigation Project,400111.0,"Department of Water Resources, River Development & GR",Water Resources,Chhattisgarh,79.1
PF_GAP,WARNING,Physical-Financial gap of 21.2%,Kudali Irrigation Project,701399.0,"Department of Water Resources, River Development & GR",Water Resources,Chhattisgarh,41.2
MULTI_MONTH_STAGNATION,CRITICAL,No progress improvement over multiple months,Kudali Irrigation Project,701399.0,"Department of Water Resources, River Development & GR",Water Resources,Chhattisgarh,41.2
COST_ESCALATION,CRITICAL,Cost escalated by 61.3% from original,Sardar Sarovar Project,701372.0,"Department of Water Resources, River Development & GR",Water Resources,Gujarat,80.9
PF_GAP,WARNING,Physical-Financial gap of -60.6%,Sardar Sarovar Project,701372.0,"Department of Water Resources, River Development & GR",Water Resources,Gujarat,80.9
HIGH_RISK_ML,CRITICAL,ML risk score: 81/100,Sardar Sarovar Project,701372.0,"Department of Water Resources, River Development & GR",Water Resources,Gujarat,80.9
TIME_OVERRUN,CRITICAL,Delayed by 75 months,Sardar Sarovar Project,701372.0,"Department of Water Resources, River Development & GR",Water Resources,Gujarat,80.9
MULTI_MONTH_STAGNATION,CRITICAL,No progress improvement over multiple months,Sardar Sarovar Project,701372.0,"Department of Water Resources, River Development & GR",Water Resources,Gujarat,80.9
COST_ESCALATION,CRITICAL,Cost escalated by 151.6% from original,"Subernarekha Multipurpose Project, Jharkhand",701376.0,"Department of Water Resources, River Development & GR",Water Resources,Jharkhand,91.0
PF_GAP,WARNING,Physical-Financial gap of -88.6%,"Subernarekha Multipurpose Project, Jharkhand",701376.0,"Department of Water Resources, River Development & GR",Water Resources,Jharkhand,91.0
HIGH_RISK_ML,CRITICAL,ML risk score: 91/100,"Subernarekha Multipurpose Project, Jharkhand",701376.0,"Department of Water Resources, River Development & GR",Water Resources,Jharkhand,91.0
TIME_OVERRUN,CRITICAL,Delayed by 75 months,"Subernarekha Multipurpose Project, Jharkhand",701376.0,"Department of Water Resources, River Development & GR",Water Resources,Jharkhand,91.0
MULTI_MONTH_STAGNATION,CRITICAL,No progress improvement over multiple months,"Subernarekha Multipurpose Project, Jharkhand",701376.0,"Department of Water Resources, River Development & GR",Water Resources,Jharkhand,91.0
COST_ESCALATION,CRITICAL,Cost escalated by 108.5% from original,Upper Tunga Irrigation Project,701377.0,"Department of Water Resources, River Development & GR",Water Resources,Karnataka,88.9
PF_GAP,WARNING,Physical-Financial gap of -97.5%,Upper Tunga Irrigation Project,701377.0,"Department of Water Resources, River Development & GR",Water Resources,Karnataka,88.9
HIGH_RISK_ML,CRITICAL,ML risk score: 89/100,Upper Tunga Irrigation Project,701377.0,"Department of Water Resources, River Development & GR",Water Resources,Karnataka,88.9
TIME_OVERRUN,CRITICAL,Delayed by 75 months,Upper Tunga Irrigation Project,701377.0,"Department of Water Resources, River Development & GR",Water Resources,Karnataka,88.9
MULTI_MONTH_STAGNATION,CRITICAL,No progress improvement over multiple months,Upper Tunga Irrigation Project,701377.0,"Department of Water Resources, River Development & GR",Water Resources,Karnataka,88.9
COST_ESCALATION,WARNING,Cost escalated by 18.9% from original,Bargi Diversion Project Phase - IV [km. 154 to km 197],400115.0,"Department of Water Resources, River Development & GR",Water Resources,Madhya Pradesh,76.2
PF_GAP,WARNING,Physical-Financial gap of -33.4%,Bargi Diversion Project Phase - IV [km. 154 to km 197],400115.0,"Department of Water Resources, River Development & GR",Water Resources,Madhya Pradesh,76.2
ELEVATED_RISK_ML,WARNING,ML risk score: 76/100,Bargi Diversion Project Phase - IV [km. 154 to km 197],400115.0,"Department of Water Resources, River Development & GR",Water Resources,Madhya Pradesh,76.2
TIME_OVERRUN,CRITICAL,Delayed by 75 months,Bargi Diversion Project Phase - IV [km. 154 to km 197],400115.0,"Department of Water Resources, River Development & GR",Water Resources,Madhya Pradesh,76.2
MULTI_MONTH_STAGNATION,CRITICAL,No progress improvement over multiple months,Bargi Diversion Project Phase - IV [km. 154 to km 197],400115.0,"Department of Water Resources, River Development & GR",Water Resources,Madhya Pradesh,76.2
PF_GAP,WARNING,Physical-Financial gap of -103.2%,Bargi Diversion Project Phase - III [km. 104 to km 154],400116.0,"Department of Water Resources, River Development & GR",Water Resources,Madhya Pradesh,71.1
ELEVATED_RISK_ML,WARNING,ML risk score: 71/100,Bargi Diversion Project Phase - III [km. 104 to km 154],400116.0,"Department of Water Resources, River Development & GR",Water Resources,Madhya Pradesh,71.1
TIME_OVERRUN,CRITICAL,Delayed by 84 months,Bargi Diversion Project Phase - III [km. 104 to km 154],400116.0,"Department of Water Resources, River Development & GR",Water Resources,Madhya Pradesh,71.1
MULTI_MONTH_STAGNATION,CRITICAL,No progress improvement over multiple months,Bargi Diversion Project Phase - III [km. 104 to km 154],400116.0,"Department of Water Resources, River Development & GR",Water Resources,Madhya Pradesh,71.1
EXPENDITURE_LAG,CRITICAL,Only 18% budget spent but 92% time elapsed,Bodwad Parisar Sinchan Yojna,617422.0,"Department of Water Resources, River Development & GR",Water Resources,Maharashtra,38.6
PF_GAP,WARNING,Physical-Financial gap of 32.0%,Bodwad Parisar Sinchan Yojna,617422.0,"Department of Water Resources, River Development & GR",Water Resources,Maharashtra,38.6
MULTI_MONTH_STAGNATION,CRITICAL,No progress improvement over multiple months,Bodwad Parisar Sinchan Yojna,617422.0,"Department of Water Resources, River Development & GR",Water Resources,Maharashtra,38.6
COST_ESCALATION,CRITICAL,Cost escalated by 66.1% from original,Waghur Project,701383.0,"Department of Water Resources, River Development & GR",Water Resources,Maharashtra,82.0
PF_GAP,WARNING,Physical-Financial gap of -65.5%,Waghur Project,701383.0,"Department of Water Resources, River Development & GR",Water Resources,Maharashtra,82.0
HIGH_RISK_ML,CRITICAL,ML risk score: 82/100,Waghur Project,701383.0,"Department of Water Resources, River Development & GR",Water Resources,Maharashtra,82.0
TIME_OVERRUN,CRITICAL,Delayed by 75 months,Waghur Project,701383.0,"Department of Water Resources, River Development & GR",Water Resources,Maharashtra,82.0
MULTI_MONTH_STAGNATION,CRITICAL,No progress improvement over multiple months,Waghur Project,701383.0,"Department of Water Resources, River Development & GR",Water Resources,Maharashtra,82.0
COST_ESCALATION,CRITICAL,Cost escalated by 77.4% from original,Gosikhurd Project,701386.0,"Department of Water Resources, River Development & GR",Water Resources,Maharashtra,83.8
PF_GAP,WARNING,Physical-Financial gap of -128.0%,Gosikhurd Project,701386.0,"Department of Water Resources, River Development & GR",Water Resources,Maharashtra,83.8
HIGH_RISK_ML,CRITICAL,ML risk score: 84/100,Gosikhurd Project,701386.0,"Department of Water Resources, River Development & GR",Water Resources,Maharashtra,83.8
TIME_OVERRUN,CRITICAL,Delayed by 102 months,Gosikhurd Project,701386.0,"Department of Water Resources, River Development & GR",Water Resources,Maharashtra,83.8
MULTI_MONTH_STAGNATION,CRITICAL,No progress improvement over multiple months,Gosikhurd Project,701386.0,"Department of Water Resources, River Development & GR",Water Resources,Maharashtra,83.8
COST_ESCALATION,CRITICAL,Cost escalated by 599.5% from original,Aruna Medium Irrigation Project,701391.0,"Department of Water Resources, River Development & GR",Water Resources,Maharashtra,75.4
PF_GAP,WARNING,Physical-Financial gap of -724.3%,Aruna Medium Irrigation Project,701391.0,"Department of Water Resources, River Development & GR",Water Resources,Maharashtra,75.4
ELEVATED_RISK_ML,WARNING,ML risk score: 75/100,Aruna Medium Irrigation Project,701391.0,"Department of Water Resources, River Development & GR",Water Resources,Maharashtra,75.4
TIME_OVERRUN,CRITICAL,Delayed by 78 months,Aruna Medium Irrigation Project,701391.0,"Department of Water Resources, River Development & GR",Water Resources,Maharashtra,75.4
COST_ESCALATION,CRITICAL,Cost escalated by 478.5% from original,Lower Pedhi Project,701396.0,"Department of Water Resources, River Development & GR",Water Resources,Maharashtra,80.7
PF_GAP,WARNING,Physical-Financial gap of -1132.8%,Lower Pedhi Project,701396.0,"Department of Water Resources, River Development & GR",Water Resources,Maharashtra,80.7
HIGH_RISK_ML,CRITICAL,ML risk score: 81/100,Lower Pedhi Project,701396.0,"Department of Water Resources, River Development & GR",Water Resources,Maharashtra,80.7
TIME_OVERRUN,CRITICAL,Delayed by 78 months,Lower Pedhi Project,701396.0,"Department of Water Resources, River Development & GR",Water Resources,Maharashtra,80.7
MULTI_MONTH_STAGNATION,CRITICAL,No progress improvement over multiple months,Lower Pedhi Project,701396.0,"Department of Water Resources, River Development & GR",Water Resources,Maharashtra,80.7
COST_ESCALATION,CRITICAL,Cost escalated by 269.7% from original,Nardave Medium Irrigation Project,701398.0,"Department of Water Resources, River Development & GR",Water Resources,Maharashtra,76.6
PF_GAP,WARNING,Physical-Financial gap of -341.1%,Nardave Medium Irrigation Project,701398.0,"Department of Water Resources, River Development & GR",Water Resources,Maharashtra,76.6
ELEVATED_RISK_ML,WARNING,ML risk score: 77/100,Nardave Medium Irrigation Project,701398.0,"Department of Water Resources, River Development & GR",Water Resources,Maharashtra,76.6
TIME_OVERRUN,CRITICAL,Delayed by 78 months,Nardave Medium Irrigation Project,701398.0,"Department of Water Resources, River Development & GR",Water Resources,Maharashtra,76.6
COST_ESCALATION,WARNING,Cost escalated by 25.7% from original,Thoubal Multipurpose Project,701400.0,"Department of Water Resources, River Development & GR",Water Resources,Manipur,70.0
PF_GAP,WARNING,Physical-Financial gap of -28.5%,Thoubal Multipurpose Project,701400.0,"Department of Water Resources, River Development & GR",Water Resources,Manipur,70.0
ELEVATED_RISK_ML,WARNING,ML risk score: 70/100,Thoubal Multipurpose Project,701400.0,"Department of Water Resources, River Development & GR",Water Resources,Manipur,70.0
TIME_OVERRUN,CRITICAL,Delayed by 84 months,Thoubal Multipurpose Project,701400.0,"Department of Water Resources, River Development & GR",Water Resources,Manipur,70.0
MULTI_MONTH_STAGNATION,CRITICAL,No progress improvement over multiple months,Thoubal Multipurpose Project,701400.0,"Department of Water Resources, River Development & GR",Water Resources,Manipur,70.0
COST_ESCALATION,WARNING,Cost escalated by 49.8% from original,North Koel Reservoir Project,701412.0,"Department of Water Resources, River Development & GR",Water Resources,"Multi-States
(Bihar, Jharkhand)",65.0
EXPENDITURE_LAG,CRITICAL,Only 14% budget spent but 3507% time elapsed,North Koel Reservoir Project,701412.0,"Department of Water Resources, River Development & GR",Water Resources,"Multi-States
(Bihar, Jharkhand)",65.0
PF_GAP,WARNING,Physical-Financial gap of 25.7%,North Koel Reservoir Project,701412.0,"Department of Water Resources, River Development & GR",Water Resources,"Multi-States
(Bihar, Jharkhand)",65.0
ELEVATED_RISK_ML,WARNING,ML risk score: 65/100,North Koel Reservoir Project,701412.0,"Department of Water Resources, River Development & GR",Water Resources,"Multi-States
(Bihar, Jharkhand)",65.0
TIME_OVERRUN,CRITICAL,Delayed by 75 months,North Koel Reservoir Project,701412.0,"Department of Water Resources, River Development & GR",Water Resources,"Multi-States
(Bihar, Jharkhand)",65.0
PF_GAP,WARNING,Physical-Financial gap of -40.6%,Ken-Betwa Linking Development Project,701530.0,"Department of Water Resources, River Development & GR",Water Resources,"Multi-States
(Madhya Pradesh,
Uttar Pradesh)",18.8
MULTI_MONTH_STAGNATION,CRITICAL,No progress improvement over multiple months,Ken-Betwa Linking Development Project,701530.0,"Department of Water Resources, River Development & GR",Water Resources,"Multi-States
(Madhya Pradesh,
Uttar Pradesh)",18.8
COST_ESCALATION,CRITICAL,Cost escalated by 427.3% from original,Integrated Anandpur Barrage Project,603945.0,"Department of Water Resources, River Development & GR",Water Resources,Odisha,84.3
PF_GAP,WARNING,Physical-Financial gap of -432.7%,Integrated Anandpur Barrage Project,603945.0,"Department of Water Resources, River Development & GR",Water Resources,Odisha,84.3
HIGH_RISK_ML,CRITICAL,ML risk score: 84/100,Integrated Anandpur Barrage Project,603945.0,"Department of Water Resources, River Development & GR",Water Resources,Odisha,84.3
TIME_OVERRUN,CRITICAL,Delayed by 78 months,Integrated Anandpur Barrage Project,603945.0,"Department of Water Resources, River Development & GR",Water Resources,Odisha,84.3
MULTI_MONTH_STAGNATION,CRITICAL,No progress improvement over multiple months,Integrated Anandpur Barrage Project,603945.0,"Department of Water Resources, River Development & GR",Water Resources,Odisha,84.3
COST_ESCALATION,CRITICAL,Cost escalated by 129.8% from original,"Subernarekha Project, Odisha",701402.0,"Department of Water Resources, River Development & GR",Water Resources,Odisha,77.8
PF_GAP,WARNING,Physical-Financial gap of -177.0%,"Subernarekha Project, Odisha",701402.0,"Department of Water Resources, River Development & GR",Water Resources,Odisha,77.8
ELEVATED_RISK_ML,WARNING,ML risk score: 78/100,"Subernarekha Project, Odisha",701402.0,"Department of Water Resources, River Development & GR",Water Resources,Odisha,77.8
TIME_OVERRUN,CRITICAL,Delayed by 75 months,"Subernarekha Project, Odisha",701402.0,"Department of Water Resources, River Development & GR",Water Resources,Odisha,77.8
MULTI_MONTH_STAGNATION,CRITICAL,No progress improvement over multiple months,"Subernarekha Project, Odisha",701402.0,"Department of Water Resources, River Development & GR",Water Resources,Odisha,77.8
COST_ESCALATION,CRITICAL,Cost escalated by 132.6% from original,Kanupur Irrigation Project,701404.0,"Department of Water Resources, River Development & GR",Water Resources,Odisha,81.3
PF_GAP,WARNING,Physical-Financial gap of -203.9%,Kanupur Irrigation Project,701404.0,"Department of Water Resources, River Development & GR",Water Resources,Odisha,81.3
HIGH_RISK_ML,CRITICAL,ML risk score: 81/100,Kanupur Irrigation Project,701404.0,"Department of Water Resources, River Development & GR",Water Resources,Odisha,81.3
TIME_OVERRUN,CRITICAL,Delayed by 78 months,Kanupur Irrigation Project,701404.0,"Department of Water Resources, River Development & GR",Water Resources,Odisha,81.3
MULTI_MONTH_STAGNATION,CRITICAL,No progress improvement over multiple months,Kanupur Irrigation Project,701404.0,"Department of Water Resources, River Development & GR",Water Resources,Odisha,81.3
COST_ESCALATION,CRITICAL,Cost escalated by 70.8% from original,Relining of Rajasthan feeder and Sirhind Feeder canal,701410.0,"Department of Water Resources, River Development & GR",Water Resources,Punjab,82.8
PF_GAP,WARNING,Physical-Financial gap of -69.0%,Relining of Rajasthan feeder and Sirhind Feeder canal,701410.0,"Department of Water Resources, River Development & GR",Water Resources,Punjab,82.8
HIGH_RISK_ML,CRITICAL,ML risk score: 83/100,Relining of Rajasthan feeder and Sirhind Feeder canal,701410.0,"Department of Water Resources, River Development & GR",Water Resources,Punjab,82.8
TIME_OVERRUN,CRITICAL,Delayed by 60 months,Relining of Rajasthan feeder and Sirhind Feeder canal,701410.0,"Department of Water Resources, River Development & GR",Water Resources,Punjab,82.8
COST_ESCALATION,WARNING,Cost escalated by 18.8% from original,Shahpur Kandi Dam Project,701411.0,"Department of Water Resources, River Development & GR",Water Resources,Punjab,71.8
ELEVATED_RISK_ML,WARNING,ML risk score: 72/100,Shahpur Kandi Dam Project,701411.0,"Department of Water Resources, River Development & GR",Water Resources,Punjab,71.8
TIME_OVERRUN,CRITICAL,Delayed by 48 months,Shahpur Kandi Dam Project,701411.0,"Department of Water Resources, River Development & GR",Water Resources,Punjab,71.8
MULTI_MONTH_STAGNATION,CRITICAL,No progress improvement over multiple months,Shahpur Kandi Dam Project,701411.0,"Department of Water Resources, River Development & GR",Water Resources,Punjab,71.8
COST_ESCALATION,WARNING,Cost escalated by 29.0% from original,Sri Ram Sagar Project Stage - II,400102.0,"Department of Water Resources, River Development & GR",Water Resources,Telangana,74.6
PF_GAP,WARNING,Physical-Financial gap of -35.0%,Sri Ram Sagar Project Stage - II,400102.0,"Department of Water Resources, River Development & GR",Water Resources,Telangana,74.6
ELEVATED_RISK_ML,WARNING,ML risk score: 75/100,Sri Ram Sagar Project Stage - II,400102.0,"Department of Water Resources, River Development & GR",Water Resources,Telangana,74.6
TIME_OVERRUN,CRITICAL,Delayed by 72 months,Sri Ram Sagar Project Stage - II,400102.0,"Department of Water Resources, River Development & GR",Water Resources,Telangana,74.6
MULTI_MONTH_STAGNATION,CRITICAL,No progress improvement over multiple months,Sri Ram Sagar Project Stage - II,400102.0,"Department of Water Resources, River Development & GR",Water Resources,Telangana,74.6
COST_ESCALATION,CRITICAL,Cost escalated by 346.2% from original,Indiramma Flood Flow Canal Project,400103.0,"Department of Water Resources, River Development & GR",Water Resources,Telangana,86.1
PF_GAP,WARNING,Physical-Financial gap of -245.3%,Indiramma Flood Flow Canal Project,400103.0,"Department of Water Resources, River Development & GR",Water Resources,Telangana,86.1
HIGH_RISK_ML,CRITICAL,ML risk score: 86/100,Indiramma Flood Flow Canal Project,400103.0,"Department of Water Resources, River Development & GR",Water Resources,Telangana,86.1
TIME_OVERRUN,CRITICAL,Delayed by 84 months,Indiramma Flood Flow Canal Project,400103.0,"Department of Water Resources, River Development & GR",Water Resources,Telangana,86.1
MULTI_MONTH_STAGNATION,CRITICAL,No progress improvement over multiple months,Indiramma Flood Flow Canal Project,400103.0,"Department of Water Resources, River Development & GR",Water Resources,Telangana,86.1
COST_ESCALATION,CRITICAL,Cost escalated by 79.6% from original,J. Chokka Rao Devadula Lift Irrigation Scheme,701405.0,"Department of Water Resources, River Development & GR",Water Resources,Telangana,83.3
EXPENDITURE_LAG,CRITICAL,Only 33% budget spent but 149% time elapsed,J. Chokka Rao Devadula Lift Irrigation Scheme,701405.0,"Department of Water Resources, River Development & GR",Water Resources,Telangana,83.3
PF_GAP,WARNING,Physical-Financial gap of 28.7%,J. Chokka Rao Devadula Lift Irrigation Scheme,701405.0,"Department of Water Resources, River Development & GR",Water Resources,Telangana,83.3
HIGH_RISK_ML,CRITICAL,ML risk score: 83/100,J. Chokka Rao Devadula Lift Irrigation Scheme,701405.0,"Department of Water Resources, River Development & GR",Water Resources,Telangana,83.3
TIME_OVERRUN,CRITICAL,Delayed by 72 months,J. Chokka Rao Devadula Lift Irrigation Scheme,701405.0,"Department of Water Resources, River Development & GR",Water Resources,Telangana,83.3
MULTI_MONTH_STAGNATION,CRITICAL,No progress improvement over multiple months,J. Chokka Rao Devadula Lift Irrigation Scheme,701405.0,"Department of Water Resources, River Development & GR",Water Resources,Telangana,83.3
COST_ESCALATION,CRITICAL,Cost escalated by 316.5% from original,Madhya Ganga canal Phase-II,701408.0,"Department of Water Resources, River Development & GR",Water Resources,Uttar Pradesh,84.9
PF_GAP,WARNING,Physical-Financial gap of -349.0%,Madhya Ganga canal Phase-II,701408.0,"Department of Water Resources, River Development & GR",Water Resources,Uttar Pradesh,84.9
HIGH_RISK_ML,CRITICAL,ML risk score: 85/100,Madhya Ganga canal Phase-II,701408.0,"Department of Water Resources, River Development & GR",Water Resources,Uttar Pradesh,84.9
TIME_OVERRUN,CRITICAL,Delayed by 72 months,Madhya Ganga canal Phase-II,701408.0,"Department of Water Resources, River Development & GR",Water Resources,Uttar Pradesh,84.9
MULTI_MONTH_STAGNATION,CRITICAL,No progress improvement over multiple months,Madhya Ganga canal Phase-II,701408.0,"Department of Water Resources, River Development & GR",Water Resources,Uttar Pradesh,84.9
PF_GAP,WARNING,Physical-Financial gap of -24.4%,Jamrani Dam Multipurpose Project,613787.0,"Department of Water Resources, River Development & GR",Water Resources,Uttarakhand,11.3
